sample	identifier	S10	S12	S13	S14	S15	S19	S1	S20	S21	S22	S23	S24	S25	S26	S28	S29	S30	S39	S40	S42	S43	S44	S46	S49	S4	S53	S54	S59	S5	S60	S61	S62	S63	S64	S65	S66	S67	S68	S69	S6	S70	S71	S72	S73	S74	S75	S76	S77	S7	S8	S9
group		NAFLD	PBC	NAFLD	PBC	NAFLD	PBC	PBC	NAFLD	PBC	NAFLD	NAFLD	PBC	NAFLD	PBC	NAFLD	NAFLD	NAFLD	NAFLD	NAFLD	PBC	PBC	PBC	NAFLD	NAFLD	NAFLD	PBC	PBC	Healthy	PBC	Healthy	Healthy	Healthy	Healthy	Healthy	Healthy	Healthy	Healthy	Healthy	Healthy	PBC	Healthy	Healthy	Healthy	Healthy	Healthy	Healthy	Healthy	Healthy	PBC	NAFLD	NAFLD
0	subject	FALL_14	FALL_18	FALL_19	FALL_21	FALL_22	FALL_28	FALL_1	FALL_31	FALL_32	FALL_33	FALL_34	FALL_36	FALL_40	FALL_41	FALL_43	FALL_44	FALL_45	FALL_57	FALL_58	FALL_60	FALL_61	FALL_62	FALL_64	FALL_68	FALL_6	FALL_75	FALL_76	PLS_37	FALL_7	PLS_38	PLS_39	PLS_40	PLS_41	PLS_42	PLS_43	PLS_44	PLS_45	PLS_46	PLS_47	FALL_8	PLS_48	PLS_49	PLS_50	PLS_51	PLS_55	PLS_56	PLS_58	PLS_59	FALL_11	FALL_12	FALL_13
1	A1BG~P04217	12.683635144200126	12.77527138196132	12.671711444112681	12.840793383570972	12.808936197269595	12.637592680728483	11.244840836412909	12.472576815443686	12.838635162992018	12.377395103293203	13.044898513617683	12.811021547801445	11.815625353780534	12.952032633784547	12.584375117737842	12.440176596774988	12.680752793496225	12.584201104626745	13.266770816481133	12.923561887053701	12.467297573045805	12.89983280308342	12.57313818073405	12.618955955254425	12.554289409786575	12.62079481040746	13.064157585196305	12.494411274047584	12.839568074955144	12.907759144598897	12.383540959440804	12.339592065302334	12.918019644617997	12.52467501703166	12.63839381927389	12.799722027535342	12.822301632380151	12.652332959238025	12.56088112095494	12.647995001738146	12.511782326830499	12.432180077193895	12.514997512005838	12.787253355489312	12.888877275936382	13.02780275584196	12.578517004694575	12.903242155393288	12.593326604590072	12.705507312036778	12.305639436044133
2	A2M~P01023	14.22959527433852	14.32848990385682	14.531136789336358	14.551969997992252	14.968384057595753	14.936617542417967	13.391789912887983	14.224345607703379	13.799133372967198	14.689247388829472	14.261514769657058	14.375647467004848	14.232660551874762	14.749580381298973	14.512345637380335	14.791949902501175	14.229287947946114	14.667418240213209	14.532971763454805	14.262139589296162	14.62083429026189	14.906170106526694	14.148901356486345	14.377059703288841	15.787543620413905	15.35684846600858	15.578576891065659	14.894788719626089	14.69238382630798	15.646150291936932	14.958400668533264	15.54161315228846	14.827112976943294	14.684417760587172	15.020444898509986	15.029693824208303	14.98285582972883	15.276540050762039	15.25359159042219	14.520661358783745	15.309458034929726	15.349987251998353	15.190759238542348	15.285681879643342	14.588091825696507	15.759731259859487	15.018393428595672	14.767687616497616	14.41023032334614	13.575704614791707	14.416134030802482
3	ABCA1~A0A7I2V5U0	8.531260320147583	8.687085483538567	7.892541241753434	7.401279797042363	6.5718457868428155	8.328597825686062	6.310084492912482	7.48735049677602	7.732037381910395	7.4917804490288935	8.066008525772572	9.045794816355945	7.156134473013893	8.885597331203297	7.783066472509783	5.425448606201052	6.622794509500484	4.294336364530492	6.801555721972377	7.040512141307739	4.927761327344169	0.21175848439048295	7.320068383449955	7.781040378322801	5.994578736771732	6.726715839598324	6.306296483967209	8.123664552238756	7.185301938646746	6.467775556090311	7.575612989667938	7.551984426720445	8.183480614221391	7.750097064130339	6.273499254064084	8.09270101678643	8.071868373721204	7.3528080293367335	7.36883146950458	7.4370243389593425	6.166595246685499	6.792128686875126	6.5308162501488445	7.911124414461734	8.524549486342305	6.943526783967706	5.878622736559653	7.1151810064296654	7.944939261988597	7.540350376882324	7.594778022215429
4	ABCB9~F5H0G0	5.658548188893321	4.299009391505774	4.572429039806178	1.3224398628456528	2.4262234142800474	3.295216400103196	6.288780057730114	4.363233244917458	5.102295806718065	5.107598464296011	5.02528338410138	7.148463548410418	6.723488156488399	6.3330742554118595	4.481520091329034	3.9883333768856777	4.3105021191736075	-0.10726211240962125	4.533335079772679	5.46140175684977	3.7951719704105034	3.3042153851770686	4.076147201741349	5.897139457837472	6.023956333031258	4.39412050822053	4.498515690415177	4.734519338345958	3.916179336668192	4.280080887313423	5.2777120740682575	5.123423645642132	6.246989450504932	3.9231624293109535	6.289115366155637	3.4872495267301904	4.408791518862162	4.558541229297176	4.703646670356316	5.229209748969808	7.120642573477084	4.207229450650114	3.872443899078906	3.886499815415453	6.168061034634376	3.8900258868352107	4.966531062911915	0.8318025962948824	5.455502191016592	2.7306751526600186	6.191560642327526
5	ABI3BP~A0AA34QVJ5	3.207722610042481	2.83454077869317	3.974946761192247	2.6418826260134636	3.359301307568952	2.763949956493678	0.6947356723242655	3.5980744285596282	2.4942370523621475	3.8623165023789445	2.540488847943361	1.8169240725568174	2.5515387118254176	3.021583740123675	3.087273931232303	3.2389256866310565	3.465915967427192	3.124746714757807	3.1183760473390953	2.6249142333643554	3.034404549335105	3.297227655986964	3.413970038107576	2.9262640484290703	3.3916842566683902	3.4065182581479707	2.8268037081821755	2.9289164433180424	3.256455192995398	3.9204647147000613	2.7199176814261503	3.6516334604777265	3.1920150754453145	3.6239911920278614	3.6371527439489553	3.215633419075758	3.1459002808630827	3.3006808617190937	3.7297331676143246	3.073660265034558	4.123526264772509	4.106883177934561	3.287490886316792	3.443483364997211	3.565261324370629	3.9172315668992246	3.384699710001962	2.778018458361056	3.5933918067148154	3.5654543720566156	3.2724832800186423
6	ACTA2~P62736	3.9594291064651452	4.655263967371559	4.694588076924003	5.682313120393965	4.474098538383091	3.756089503986779	7.8787284317864	2.579220052154908	4.823297941142832	4.416465624058083	5.487274800576024	5.0610487685956045	3.1178553374459588	3.1563144242953727	3.182395565866907	4.261266688841289	3.17501221157804	4.606371323223197	2.5904684961313693	5.0530104143390036	7.919108551800358	5.116742137536073	4.248712409746877	4.746249003794234	3.4169944948097335	6.155812634526168	5.171177255874339	3.5387549319194482	4.168077872358011	2.5526227828277057	4.080034494586243	3.9932304698361567	3.795292779481809	5.210917134094044	4.9327685727278725	5.308514157526804	5.35679461237329	4.0457921506059975	4.064268948777342	3.483050626311005	4.195631130046688	3.9714515492063893	5.030148309092655	3.6492057341025395	4.215386801588541	5.102752173777774	5.767232571326568	5.112842897132701	5.3089572279264345	4.620825119400537	3.8674308011861487
7	ACTB~P60709	7.852029856541748	7.795826042030063	8.324042069523513	8.270981921681624	6.697235061674487	6.259972217556545	12.398170632843442	6.951946666408236	7.026535768495028	7.089922401980787	7.756320844942207	8.944333343062832	7.416124750765511	7.225079872763241	6.671007454447957	6.821213433887102	6.264027750872131	6.862030775265224	5.689725251951966	7.9010328689005815	10.416453640087177	7.0799467957520426	7.084871954739021	7.7824279868374	7.847262888997031	8.41867065476305	7.407600364158733	6.5790330975387326	6.722809511105735	5.437281310132963	6.912838639706378	6.683352758574069	6.975539436057213	8.004671217517847	6.884543377355507	7.149080816299506	7.588470919601926	6.704537663201291	6.722638601344694	7.4213948269721906	6.703721011177526	6.166629262613752	6.477113702278006	6.161657041932661	7.1788087406314345	7.280228888740906	7.919266251458573	7.141527023741651	7.920024315172452	7.652148896216838	8.577211670540079
8	ACTG1~I3L4N8	8.11407098423781	8.44226786889225	9.334214762593815	9.63509966486746	8.160708233376566	6.928647312186948	13.065579333530385	7.383295331860302	8.601667770441978	8.748944705776672	9.125925313365816	9.475093405344468	7.325662847334896	6.982340496464536	7.360856458838494	7.4856420105558685	6.701429786737531	7.67635667031191	6.700964355034489	8.882677002418529	11.525352813568222	8.466223119092822	8.230770725319694	8.625445322420093	7.1743218149104155	9.369604135092604	8.511390014108645	7.285558423570301	7.595157412758119	7.273248671856358	7.849456835384436	7.488594069287741	7.64282568702056	8.687758183885213	8.193507313225108	8.626576426630406	8.642615950848658	7.804410426304074	7.8686571711934326	7.335311566385043	7.643866646282003	7.270329835109317	7.90786300169732	7.071714066937025	7.857351662320705	8.531421203765046	9.07331295134734	8.118830207704745	8.467175906488436	8.505178435593763	8.466341380570228
9	ACTN1~A0A804HII9	2.7115111228162294	3.217283412221913	3.77679424413417	3.532525842037908	2.8380657364450217	2.5472318080982657	6.94900050119949	2.7956542543248855	3.2556320030642607	3.18786883246063	3.608445247639145	3.961883369110743	2.928095974157976	2.338575494524136	3.3045114762923737	2.9702259847166292	2.351110157461683	2.5258266397707296	1.6184676090257906	3.270180386793133	5.8094696424960235	3.258518878705492	3.1455459883881147	3.282766626227573	1.4461941038983164	3.8060771640826854	3.239468880654025	0.008314841649360472	2.689430405325697	2.062762921032624	2.829883257407624	2.8271479715210353	2.566137560330273	3.3040813860641376	2.682134450896866	3.278020604350359	3.227324502214798	2.63101337272051	2.3109271111165555	2.9080372411644264	2.481437929358213	2.3662969982418756	2.879149171674043	2.583675037576159	2.879185918631515	3.174826045761408	3.4110764656160537	2.7027572402173137	3.2983051010619926	2.820316201086786	2.76354944984281
10	ACTN4~O43707	1.2862912395306059	0.37980485632450817	-0.6756817723315329	0.854824429688156	1.282655786321761	0.2117514843117424	4.238706631822252	1.7370732642659303	0.45467673995078783	0.9513431676513624	-0.28534033065645803	0.6697877217462491	0.577713149340977	1.5423230739822626	0.4483373966943744	2.000197300725288	0.6163210698499866	2.1300429211307224	0.7253906368909583	-0.1206096851790679	2.8153235812851327	-0.22786123843021344	1.832002989630673	0.8647644807740871	2.0357508058310563	2.693772682947521	2.798533025864991	0.24169345600140857	0.7166635459754686	2.357894297086017	0.2647966672103197	0.24471219054060656	-0.7752450979111032	1.9502098413181252	1.8552249338945295	1.6714385930465796	0.7373655150564403	0.8105480956865118	-0.13852689736538015	0.7942754389316968	0.39378798562269823	1.006406373168221	2.2261732922659543	1.081434064234366	0.6660895067612053	1.431552568104192	-0.319394257762184	1.4634724639491656	0.986689202891126	1.4606310126337427	-0.6787762387881506
11	ACY1~A0A1B0GU86	2.963626025166415	0.5473823784890443	0.3831771959483835	0.48153992282786884	0.9376819128482564	0.03490950258314729	1.9085314834928087	1.697540725426513	0.44165701407757774	2.411028349731516	1.9532050965965058	1.0852408699997653	2.252018298750407	1.4871555433996668	0.5952879902039153	-1.1437585752263364	2.170276567577868	3.345386566187663	-0.46991002840676144	0.9405860453322435	1.5041309876980329	1.6919802217680795	2.4917912118228065	0.6408312478398076	0.34724838954210535	3.443656995989073	0.9435263368469338	0.2695691648522086	-0.50241283026849	-0.8244993066720254	1.3481123535125221	0.03223237029562276	0.5730045017146692	-0.6452064208605539	1.80329707050061	0.6845968742762392	2.3567747046804652	1.0883033817325258	0.4174060263461305	-0.32707672185541115	-0.24327689982875	2.1859276196706383	1.0992397465974684	0.7757657184248239	2.34902767260063	3.372050399381641	1.5472794634478433	1.313375481433632	1.1579409085351204	1.160785157944547	2.361791208170635
12	ADA2~A0A087X0I3	4.185606983133772	4.206829109455798	3.766411227385486	4.306324996104856	3.3604724497428125	4.998755857147494	2.3815078343236333	4.054449809594398	3.4267737975258914	4.111727253838161	4.319115433559644	5.7403656714490685	4.19327583689248	4.876499241757259	4.698384093575781	3.3195970172098446	3.742055066480205	4.384475623071202	3.8677455260075395	4.230572269306344	3.9739758230439035	4.90181815268585	3.1988585040181707	3.4588097204294326	5.652259752680132	4.883548035493525	5.156522898957329	3.6576454432290335	4.561770506728039	4.047528176602091	4.158703980376681	4.141366113133635	3.8158395270443974	2.9376790396561323	3.633368773066024	4.137663333685401	3.6785714497156015	3.508608678420478	4.641629980637363	4.630233347021706	3.805513041054785	3.836141297520629	3.8100633161671382	4.164497120710491	3.8255879013020673	4.6055075507406364	3.8638325581426836	3.340156260860793	5.118884849385856	3.60758621534856	3.964368985218519
13	ADAMTS13~Q76LX8	4.342783547808637	3.86047957660273	4.190641099286694	3.931263857988481	4.481723689961332	4.0468630522961	7.48908735076098	4.502931446733518	3.7845029565247597	4.473067921164783	4.1227542319538415	4.151762916880473	4.3371458903267595	4.784007541116867	4.449487472916698	4.7752261626422925	4.506752843040436	4.300523074118226	4.173423088265174	4.487133457655513	4.066574233465907	4.433511200435765	4.512454149790647	4.3787853936564884	4.737269524286871	4.412333377148462	4.380544956122384	4.347828009600119	4.486404806642108	4.857883163334411	4.316422965503589	4.44936164996968	4.2997164121594444	4.7120064472694745	4.3908115760447695	4.4978999437165585	4.389440578851659	4.681477781713731	4.527208520356038	4.483156812179572	4.077578702609472	4.713212072395948	4.129650443026096	4.491563586085211	4.446469863858393	4.413372004210891	4.792111107393858	4.414242376395911	4.42088092763874	4.478851686732236	4.523365732941203
14	ADAMTSL4~A0A669KBE7	3.7846862600442845	3.8997089160397884	3.4985264030801315	3.417584977604947	3.641763804423418	3.8582005468920713	2.93255593646698	3.4179368342080467	2.8069762156975866	3.54619479358923	3.7065206796067587	4.865754128343977	2.338296379878207	4.046041043766535	2.4618201366448753	2.8388734474603123	3.527765840883641	3.0254479757384316	3.739152449525713	3.2225514228194334	3.246238705744393	2.678075903703729	3.3501549677536673	2.877335626824833	3.864920820973735	2.996451076096597	3.3437069021659434	3.491574228174669	3.7159966464902627	-0.00817564415974481	3.1149374084258756	3.6737580706076485	3.3657552146695253	3.4545540849299057	3.7127762410109795	4.406017332638583	3.3988610939841455	3.876552168181947	2.8357203514795852	3.9073768347340425	3.9687442128327386	4.189919395949049	3.6582732725813805	1.8556072484224269	3.9127358710171034	3.9879126979604718	3.597715806279485	3.5043636714411286	3.719099766471619	3.257124660503387	3.6399100010042837
15	ADGRF5~Q8IZF2	3.407039632878401	3.885927662374001	3.1571637197378255	4.040091520680646	3.141661881696278	3.213387718877244	0.4184697424673256	3.9392448889434233	3.4721170345952115	3.9660570536275936	3.8508916787835115	3.3265301572174453	3.699847976483133	4.219599423851391	4.379337379872908	-0.5035244225242779	3.4259644657416994	3.6030030336520733	1.4695312604032755	0.9988288888647252	3.3991340820265323	3.886656934016556	4.205804135086078	3.35888590602755	0.9710579693938544	4.040286376098107	3.862570297914215	3.3805934389520327	3.3979928756448707	4.306141117687232	1.1711836152125719	1.4552635698297804	3.827419853380219	3.6679591349345353	3.7614775807774974	4.337231793665236	2.5436733232096715	3.0748997790244377	3.1400528983499867	3.5767808319897676	3.711863233338038	3.2473973474085938	-0.5995047314770574	3.7299223189576636	3.1434710328662283	3.4769806277802333	0.7006128776490625	3.857959076068733	3.8112332691780932	-0.5447980801171097	0.575551776909119
16	ADGRG6~Q86SQ4	3.3454648062133265	3.594793851126202	3.4385954280810966	3.0440788876269096	3.4280243995361275	4.259682500070892	2.2171581044277713	3.5038025717940617	3.115842991375553	3.4471402464481398	3.496248660049394	3.8865928421124325	3.7007417409778616	3.94662682629225	4.970071300251157	3.420065325966259	3.0982226422162347	3.809514586184232	3.6696628831787637	2.993282824722196	4.092895184096241	3.8233433308427736	3.519582507029405	3.5838026422334113	3.743314548861085	3.998558409347354	4.184094133988168	3.8612773007871573	4.140982006840552	3.738688725188272	3.453483030933211	3.8751959836179912	3.6155900144273323	3.6914785841673714	3.5986032223998543	4.38002092054241	3.630055332758025	3.5340547867610708	2.8315483844796043	3.260187349368727	3.2514439808037254	3.887402014342211	3.2890782073487443	3.278210087255711	3.366584221135143	3.392107359342118	3.9286874275636197	3.1483937226488834	3.5891819381573806	2.970071651426502	3.1748683998339255
17	ADH4~P08319	3.814240570106172	3.321231328129488	3.851251215407342	0.13407738355434462	2.805346437951925	2.3957450078070743	2.2501372874425436	3.113445704555644	-0.5487909065143848	4.187506576736524	3.4731743487355056	2.1782881621033567	4.098929869342347	3.122817728255226	3.691022074772249	3.481355023556449	3.3708049861904237	3.6140414138470263	0.11706631732522421	1.4457628023439133	3.6744315168015733	0.5195595646170442	3.6960573009132673	0.7499352315451506	3.2089749328329917	3.616629156784181	2.687237373136709	1.5230344532616527	3.0942193080856346	2.9646507322812963	-0.5479645613944912	0.24999215568152555	1.8147506913975553	0.2249585253854226	1.9501467431751756	3.0445593800086757	1.3134509655298583	2.325135786305744	2.3299961736200605	0.7112035813436688	1.4359130204194974	1.1512500740095886	1.0680250261525137	-1.2946030163436806	0.34407998732327916	2.4437950138125597	2.0057114025024867	1.229648470495348	3.398765868612088	3.222827619210167	3.5050349580034497
18	ADIPOQ~Q15848	6.3426244667528096	7.87065623159175	6.743066829952149	7.737621490067828	6.665105350511647	7.298327338237957	6.971460144750334	6.77694791740361	5.842124144890683	5.458421382889195	7.312975299440856	9.22677965482412	7.105001783359409	7.132749635469167	5.405372362059878	6.128431776051666	6.401335922023184	6.668574594452365	7.219805154395927	7.244715141699068	8.2465001118835	7.456648696003978	6.518375578281953	6.5685055321545684	6.9221696992357415	7.19783489657321	6.911724693580673	6.977671313837653	8.68012222201898	8.429547597283472	7.353092025630541	6.8599541483479705	7.697469777329106	7.024755009319856	7.873244707403835	7.919475763439287	7.644556168187641	6.994021379058631	7.548640731614749	7.563554151797612	7.914857997318586	8.101337270337297	7.4889232691357295	8.099971365930218	6.434790458795975	8.035020384478209	7.676286717547988	7.266000692086983	6.581540232372951	6.550625851287048	6.713834430395281
19	ADSS2~P30520	6.28165996598752	5.351058785913133	6.98496016118191	6.465997150471576	-1.3636436198902642	6.4729575205923355	7.285043321399156	5.989873460958638	7.229030740985317	8.059720234753415	6.6960922262943505	4.028430689401922	0.4559501810509847	6.652417322726707	5.155899545711955	6.463159634303639	7.837368074997799	6.469858399182664	1.173397664134669	6.42884637483315	6.285030053324714	6.573114945213349	6.832561411433277	4.996557446822936	0.9209380564544084	6.144745517437209	6.3835433324501745	6.581527475375053	6.31692960995023	7.012025332776852	7.050421956737668	7.98567875660625	5.729891106546471	0.5787450927684203	0.4681744306475046	6.583166113224638	6.923742490884552	6.227297764237069	7.187022923991232	6.714920029884197	7.561659465442918	-0.3945200329640468	7.128045941283367	0.7821789238404223	7.024285462190193	6.4742395546639795	6.688169402890225	1.0635637346083902	0.47770537125061524	7.164956169202257	6.825998037811572
20	AFM~P43652	11.720816216078537	10.500431505012262	11.663140351957125	11.286679299340411	11.769476701845742	11.581337026417945	10.475314984808387	11.612816765387908	11.314071901575621	11.465962287147153	11.450992844424432	10.569122479097611	11.087459118326976	11.471133511723918	11.56166342718878	11.760545856816922	11.51542590312296	11.618941285128766	11.415506333789285	11.097994000226535	11.002735540670903	11.054842754991094	11.85293082109412	11.496593427627515	11.583030415662	11.918379580795326	11.153829854026588	11.17963214527319	11.158376396479193	11.39246325669568	11.119539596652203	11.285595814239132	10.839316544228202	11.2990299403824	11.107880808975667	11.27167417375305	11.245358159510962	11.248904044328972	11.111016878513324	11.457812823080095	11.209694158429734	11.157683541137233	10.781579334287368	11.331144518182501	11.190409313302247	10.37463463929606	10.940869872755593	11.494179055192479	10.47474803973379	11.720605515674498	12.163816410682776
21	AGT~A0A7P0T8D1	12.102145361368143	11.903305603869622	11.97588425640209	12.0709360635931	12.307408456935674	11.255285650560523	10.44192328995425	12.04390422960333	12.01797395198122	11.634363284109314	11.577271726387012	11.696018977561765	11.395254711543874	11.510099769156138	11.315768165414346	12.028724238489758	11.875371213158429	11.83062187496566	11.961687255846494	11.540340679862599	11.611687873346659	11.638681386795312	11.75394549412883	12.052574683942746	11.863541743416144	11.809584452194606	11.575411947910053	12.184272901984453	11.530950997169196	11.994694221707457	11.762336616357445	12.170646689418284	13.446511385399642	12.052303529545945	12.060624529422965	12.135923263737949	11.958706958511392	11.924544236687893	11.938870205396007	11.490014998307084	12.201478440301914	11.857477247101869	11.927524894432956	12.378313379784576	12.397892110737052	11.756164144008777	12.01958445081178	12.702523066240145	11.561112640144682	11.769588483879238	11.96272764965908
22	AHSG~P02765	12.395427968593593	11.783266647106178	12.705057330853013	12.161274917394074	12.220678112041863	11.99638831886162	11.303000441305477	12.360662390979021	11.724668721892959	12.232675481357411	12.297382445675826	11.43445668810649	11.642469205523867	12.625013932001647	12.02988773056407	11.998430578902889	12.104156410737017	12.186046817224096	12.166452279082897	11.886005836198235	11.776802374874023	12.31231283806356	12.241968170793983	11.940984631672746	12.410067118647708	12.114497589225559	11.621853123035029	11.980890291914648	11.943976606685796	12.691659933597569	12.657431962610294	12.277486344147473	12.858426800159721	11.98502446016839	12.135814009189568	12.09008592210127	12.252340458034038	12.139082585714807	12.165869075815005	11.818675397826846	11.89064177902048	11.835399428895007	11.865173403496165	12.19094441441364	12.568118718782664	11.91660724511255	11.45401482809187	12.36635490100238	12.210641768852389	12.069244222554422	12.45325832382759
23	ALB~A0A0C4DGB6	7.947225093318389	7.3583932494399305	7.104397356414879	7.959127127517539	8.624526971516287	8.221520009019848	7.241110769492997	8.552737804664742	7.573012403893536	6.958882242876315	8.472460675419118	7.611190200826888	8.373246449057973	6.903754720900449	7.937524058377495	8.664928008174627	8.887592221569241	8.46265228924941	9.42323019128631	7.9896543538163	8.147438166732682	7.977167491603253	8.708818360339894	8.375278380414972	7.830317516706181	7.536816467162261	6.828064314003578	6.928999096880941	8.409415151091723	6.911296980284452	7.378720844821127	7.496174404763279	6.439512988371258	7.462221417460182	7.660333705885181	7.769508078363064	7.365372774470075	7.593413806067564	7.016444802053631	7.9217114811663025	7.224273029247419	7.08939261170018	7.034986476731872	7.577733761566972	7.09934732878898	6.978210317099874	7.300498357151916	6.904224282511141	8.219186249571463	8.22488107379941	9.534135550215256
24	ALB~P02768	16.041422202092118	15.805392691185531	16.273066364093534	15.940624736485255	16.09433240269123	15.988021174111182	15.153660260452769	16.365492656687245	15.94013980665605	16.339201809677608	16.152597566568538	15.615387058119767	16.04066898552086	16.205894050717667	16.071523737959197	16.20282271348171	16.308763687742328	16.122252165283165	16.223964419629034	16.222698517980422	15.684018530481483	16.061229275607932	16.24132014811813	16.072902604855784	16.133108024968717	15.878861054311248	15.914615881982332	16.361078352619305	16.059466593961567	16.56931906752989	16.55700974023571	16.65433414050682	16.331963178617123	16.56317648441424	16.1671878058859	16.32327470951909	16.43246888033173	16.291483953190053	16.507570130563675	15.994924042022689	16.466283869357344	16.531501400879364	16.327248359293694	16.46918196956875	16.439730083025573	16.269003225445438	16.23701370195048	16.17025776860049	16.138542737592665	16.168554910556654	16.369891765092444
25	ALCAM~Q13740	4.26606919919801	3.5455141126201117	3.892248466678056	3.963135534192615	4.160602378465705	4.132397119214879	1.854620606715612	3.8856893922085582	3.469637718758562	3.8383883749592917	4.197933706583096	3.9144594980320777	4.002146294016341	4.10924259720172	3.608987394424246	3.6741718978462328	3.8758984610016087	4.008077042689044	3.5574656882414373	2.9329269483565676	3.850476541374565	4.003289714216039	3.985003346087488	4.073257209929641	4.285104155369621	4.713233787078696	3.6567619866024597	4.039937792128105	3.918310967779218	4.184893195897192	4.35099487229913	3.998258570976926	4.284558675216009	3.871790488914286	3.6475300106346085	3.260273077206437	3.4038839869223136	4.046350018034056	4.231017218335442	3.688510075024803	3.899456500142687	4.120375372850659	3.7829230452732765	4.155507709298351	3.7516838985476904	3.8786276005807694	4.040596919561693	3.8375997360113154	3.892798575332783	3.629428329851212	3.9863312806718367
26	ALDH1A1~P00352	2.598636499825737	1.6335493721490217	2.718184480645762	1.0521411441979258	1.6568975774266899	1.6226545581976404	3.0997495811787985	2.176570217711791	1.252175849548656	2.8692883711859745	2.0501801302376923	3.541320903016649	2.1454425913404296	3.0654475268266426	3.815719351618781	1.650783339061972	2.2141725030630104	2.5131432542109455	0.3688160762238953	1.9679850313818348	3.1368783408175487	2.1634804651528157	1.9562709481552112	2.5527407357843934	1.2460352604288498	3.4949158732216623	0.8787102864307943	-0.5901627464630705	3.0054869779283777	2.4329147136763263	2.2976240577172033	1.4444898306770522	1.818194720395343	2.0349938626454978	2.8684469296149278	3.1915445282539436	0.15995965388886602	-0.8530764530289985	0.514018837855232	2.023526626993385	1.0761673338330344	1.6421630981157906	2.324314988943222	0.4525079580427237	0.00878331580980718	-0.06599162723390495	0.722117201488341	1.417066885414923	1.319385189827095	2.2435636401284027	2.7339423445396416
27	ALDOA~H3BQN4	3.1268451336418366	3.66684951910792	3.943727437784785	4.045202398970607	3.609090567583884	3.457450269345363	7.138176788150534	3.279978197975654	3.4629812229095545	3.3692830291512266	4.180342620413218	3.813027927672879	2.933758180302347	2.9665896760810835	3.9265130845376977	3.0584469603139963	3.717358155514417	3.0283827986454988	1.7200986233277185	3.2719993804837104	5.257845455285632	3.9192463353247633	3.843971449746777	3.4801811427626497	3.601699503932676	3.5140633949909956	3.3386508407812	4.009131011209597	3.3235351684568464	3.515352869025779	3.820043366747645	4.801924213464075	3.121056170157626	3.9890566196943933	4.634195197490116	4.28818991146514	4.516447872232412	3.7356544563620075	3.625323466863172	3.167907802317846	3.922606631809513	3.847087366741869	3.319038508631659	3.616530671780476	3.3186036264423047	3.644334579943424	3.8291118322457427	3.94996132463771	3.405041196303333	3.927290593238786	3.4170552928576483
28	ALDOB~A0A3B3IS80	5.985328972523071	5.191589105064499	5.457752967292142	4.806804865831423	6.020399624580851	5.1283623900511905	4.55611741381084	5.261508743907936	4.906420616601366	6.614802613488143	4.741244362597206	1.3551723622046132	5.451541029210093	5.6341888813949135	5.337205247220843	4.244558370820472	5.235425723529265	6.29654854041886	-0.019852103555950462	5.114923909289381	6.21568066410079	4.965809556259393	5.459291649239415	5.267303771779478	5.5387104177997974	6.66533071194718	4.427015587525697	3.85331117371303	7.068652338913194	3.44373096934251	3.3906497016507506	3.7963392028380833	3.287135186086704	3.6497263130396473	3.947554275235659	4.303152103901236	3.694712296089427	2.9001552835231235	3.3779419307074265	4.506232267642029	3.944108549536436	3.775363624977487	-0.34111953214494717	3.7161439523749777	3.9514144792481525	4.267752822063987	4.280396982951328	4.210969585733264	5.055242710841243	5.742364026139619	4.406935995629016
29	AMBP~P02760	11.923925157001527	11.844530984288536	12.565052557404874	11.926715394727255	11.882477749990187	12.142107213152306	11.309855447576517	12.239997016478533	11.852013849547617	11.793084608610657	11.920722385136033	14.072348860814706	12.56493397919513	12.0088616514687	11.735046608726154	11.910898776602279	12.078032853042522	11.859707000159712	12.379886379443404	12.025936570470707	12.026129462385143	12.03680009349785	12.239676604130429	11.904914423315063	11.892480560661673	11.718056202274235	12.057660445496598	11.933549921965344	11.987331244708743	11.912073682431764	12.238026519264954	12.043772596547202	11.983396379319448	11.929518215572543	11.94427542744422	11.699709374350263	11.942205294939003	11.944564624851118	12.020529168669446	12.024768026634554	12.047589580275885	12.159024096346235	11.698766335823201	12.222678915984424	12.228104386692014	11.948161517313084	11.986586652842512	11.94948691510706	11.748374477432707	12.234054913474925	12.06664287859832
30	AMY1B~P0DTE7	0.46376731509317465	1.1311952182796476	0.6865266015211438	1.4365181382817775	2.940293785560058	0.2793586491639219	1.9013770672741117	1.4348772290728258	-1.0603895770420628	1.2927885162028094	1.9453261270684667	1.445280647743384	0.835985420173314	1.3797404931286714	1.220524611345214	0.8781673167102185	0.5279506123461974	0.5913342399033821	1.1957175180664075	0.5834915287196853	1.339882751406846	0.8932478264246168	0.45204663869645906	0.32223145859892266	0.8136754082553403	1.9874793189622522	0.5379919641217297	1.921489490808385	0.31563454416281617	0.24728259730947316	0.5800141090050994	0.07217530188299912	1.4059638708966138	0.5947669966010749	1.4269586617814423	1.3659185718307925	0.14924474581467187	0.8957364073139464	0.44949578515740507	0.9882476383932287	0.7706279042860269	1.3900448075785938	1.9771014436065497	1.5892616171780487	0.40369211179494835	0.12017505857712588	0.16002604070866455	0.022167473727352727	1.2543562543234903	-0.014483031264412194	0.6846365742378737
31	ANGPTL3~Q9Y5C1	4.268587972405518	4.933725408393817	4.140723227166543	4.432991918000535	3.8906778633730794	4.390404887877441	4.002810037823807	3.6304401137939597	3.6538138008415406	3.8484671642362884	4.154642142569344	4.032547898510766	4.309703933041269	5.335482087216976	4.117394686900345	3.908461432236801	4.18585783653719	3.8525972278671654	3.720016560164951	4.304318452949288	4.359314982409817	4.644346243331137	3.652215542436566	4.622439411043914	3.7510416897168772	4.635888796584026	3.4915081725577357	3.9956185448238215	5.187755590131603	4.1274800629905615	4.0328891946783765	4.541289023633732	3.108916504008575	4.123612459201473	1.2907987754373367	4.509091660427541	3.181168942493274	3.9617351166528136	3.7508430231784766	4.990000320040937	4.307253488351768	4.260975365411583	4.794214852659262	3.925977133053236	3.3454440960312257	3.6657300509676314	4.109524301509508	3.0504455392957155	4.816740523792765	3.8689515709425435	3.991605141390046
32	ANG~P03950	4.206606467514171	4.607964622694882	4.728696854364501	4.317961128743461	5.171315021526258	4.923863606089668	4.571397949531805	5.080597007082461	4.885239363784303	4.727441471520853	4.972358798148351	4.561847170329954	4.663865232961903	5.262476558259352	4.747241950575836	4.500515874714502	4.772511312592396	5.139522781040604	4.9628788883091195	4.122851528629117	4.704263034264016	5.027840038068182	4.831365237225169	4.910525715339916	4.077041098365512	3.633008061561169	4.612274930945049	4.65008944486058	4.932503132944749	4.975651470168459	5.027192438735877	4.069410267057804	4.6153651667679	4.755264031332106	4.351715961036666	4.575516049952674	4.7225209327961695	4.782929642239498	4.358366955386	4.825540835361828	4.943378153390155	4.70092298781547	4.376160769905244	4.0968524978506125	5.273846240686897	4.459842442326102	4.7775463945381285	4.560249441856849	4.772378713273103	4.686396759472317	3.7236614651379627
33	ANPEP~P15144	4.864419774132182	5.750288063109509	4.924606845824505	5.87522045515343	5.14942059650584	6.486844962245871	5.550031718056886	4.762638830607094	4.6665760719344	5.211763408274692	4.843474191000951	5.334189934058799	5.796357027958569	6.745487329381132	4.873821536091448	4.739130503267398	5.099089481563293	5.277082893413982	4.784849875702546	6.083585476508107	6.455551856255238	5.3898550206443625	4.742388801735729	5.213269341355575	5.07511807016462	4.840783685096128	5.106712127251673	4.940008217464622	7.1417540143915925	5.084879251784449	5.064071548065339	4.864054150420171	4.714317427553031	4.932870374758279	4.653660646871119	4.92762299845113	4.970903170454777	4.91550076507871	4.752302543378287	5.987709771030964	4.9678025045051655	5.002879896866071	4.514767740880213	4.670739872045483	4.6860995214575425	4.847262793402487	4.733935519723743	4.723335869325456	5.434334129199914	5.215809210130122	5.144867941898516
34	ANTXR2~A0A7P0TAR4	1.9814879343087413	1.0377945929609427	2.116348403650958	2.5472424004492997	2.235638996190824	1.622542520355413	1.2543826760973986	2.471508520145885	1.176497021635649	1.8409547911892064	1.2339651274025027	1.703598194504812	0.846089111795153	2.1505774191363383	0.6003095399664427	2.42963979098421	2.0955418959671883	2.9347343337304594	2.6095526702464267	1.5776193154481954	2.1818697162668204	2.2334628657699627	2.805624525475385	0.40843016159217016	3.1902790868925703	2.1300887460519977	1.8526015137388803	3.422327495637708	2.045116224053493	1.9046647539340236	2.68352934976542	3.7909636078508564	2.56020663579656	2.584353953341693	2.4326272769192196	2.9187851863094036	2.435358569373682	2.6374142455399574	1.6446507784199962	0.1482878913854738	2.939223004431053	2.5742247457954126	2.040642901737859	2.3860217860775066	2.1396751550795314	0.7315763757241366	2.30063757657286	2.9612783432724794	3.0539767421980617	0.7836920882656154	3.292910232095937
35	AOC3~Q16853	4.22715818982509	3.6636395339018244	4.043807466295444	3.74434380658252	4.219810766160538	3.7796543391493196	3.788841574724414	3.9227630423754585	3.3873379181800587	3.9933135801720026	3.8107826378093685	4.3845479512286225	4.114517129002439	4.500035120200365	3.86221111161336	3.3776300884230817	3.8800262614767624	4.165116924380068	4.116216235999257	3.994902295667732	3.1181317205735684	4.567305550661317	4.172624970559118	4.160687463039968	4.532835303074191	4.226646644375184	3.9452038528288234	0.8103559645033961	3.9645084184008246	3.8351029216487853	3.489011378019174	3.1060927573319552	3.229868805770545	3.4738824682644425	3.5635696288141347	3.441819469732677	3.4957289147392805	4.47197494271723	3.601377376584566	4.666500767355267	4.152947347482241	4.230016769792682	3.818609286110545	3.848980464844395	3.5997067603389024	4.6285972784363265	3.6658899507516396	3.0356626346703233	4.120449732050265	3.5014692497813815	4.059482932610661
36	APCS~P02743	10.938980279343035	10.958518377951538	11.133141898758119	10.340693889341356	11.535876209864439	10.678225842870003	10.35285435592406	11.447995783994545	11.795611750057825	11.383673578311306	10.935648597124706	10.52441437920626	11.834740880409667	10.492359202172217	11.025269019463924	11.628046984231064	11.321010654158545	10.93669247823306	12.068848294042564	11.317315170171987	10.424332263807297	10.831282305913358	11.334795382906517	10.665693840691112	10.757785719860097	10.604889914367515	11.00185123688952	11.33887332048104	10.834660843053529	10.509447145967547	11.084735574276978	11.098491567510715	11.72249258251721	10.853916103840147	10.991238363786806	10.622763124954247	11.102711332485068	10.60908447888097	10.57067695190247	11.299027563996669	10.78612183108191	10.596320922726996	11.713321062120372	10.745464145693333	11.427178037410535	10.58951262876582	10.939439413317558	11.224786447053482	10.730190862967694	11.194093132832737	11.510185024414762
37	APMAP~H0Y512	5.580420289976378	5.798673606744337	5.079829964162864	5.902400233438726	5.769687244371849	6.249278410963295	5.4531926258705585	5.714397509564222	6.426094777835029	5.014464594879297	5.365662050097512	5.415293687685129	6.082221010807691	5.607987980707067	5.736124319369496	5.336719429098501	4.818343150934124	4.937133658048099	6.033510885933702	5.479453658504418	5.91494474390623	4.92521503688968	5.42088092763874	5.815177069867905	6.108186553553601	5.563230492834632	5.693011509147584	5.5613951691191135	6.348821338385567	6.01687152279416	5.802773210767618	3.8998315126482113	5.261293235096253	4.371610360111349	5.964493964512422	5.354171751433967	5.502163741334678	5.301009367609577	3.8410671225385205	5.788390067284353	5.908186441615237	5.5738675395734685	5.803748216278459	5.2003251228317335	5.9227406342457325	5.978744319348734	5.357283384658376	5.4782145248058915	5.5688655755363605	5.39852829956593	5.446859412606268
38	APOA1~P02647	15.94815697130251	16.188811418594103	16.00882267901689	16.058866887028298	16.354953785428815	15.99885310790057	15.299278740287681	16.116223534888924	15.720047569313296	15.586352368078847	15.851386006629223	15.699811447801476	15.727322428080086	16.436234720492326	15.909957887951778	15.894617498013012	15.851795260082488	15.799567599359383	16.102442071340615	15.886299322489252	15.767500321767018	15.815014805037581	16.043265471802755	15.939977469758817	15.914239217903779	15.81795883103657	15.621488961487165	16.09671370700643	16.361195646586438	16.597165882011534	16.39508653423601	16.388640633460398	16.36090614351331	16.25550810947443	15.904170339867434	16.241924978336773	16.14741456475103	16.437537092625025	16.157078735568263	16.190405394623497	16.343688877264224	16.27775009423749	16.198071789356835	16.320866778028197	16.223126158398046	15.866939772540215	15.926183681673086	16.181870322718634	16.32419661899211	15.722771891853492	16.083482248973326
39	APOA2~V9GYM3	12.730395399828124	12.48113781979479	13.089968616067576	12.987976605360938	13.086721952115479	12.558938440507138	11.900581890227455	13.193491070483585	12.378985635395699	12.960564102188698	12.863227518237897	12.73838887382511	12.452046764416647	13.155173375428209	13.05639990535735	12.796137070369362	13.087397445894387	12.65133170994095	12.94167845541967	11.829508580758793	12.746405555130094	12.477851752508514	13.218173420469007	12.680306614349993	12.873051096599072	12.841120212858982	12.807132211904586	12.504566981331376	12.59443190642911	13.491658872803516	13.471232886663648	13.105168400083997	13.25281627308494	13.341166016719205	13.030573016904363	13.22488754880864	13.072722734942264	12.884821141625855	12.91283726950534	12.84677231000457	13.197946300999446	13.005506166737739	12.847017763769257	12.850864121099825	13.040746230881131	12.664105006314825	12.748280287718918	13.105717203736727	12.95233681226082	12.841946940867384	12.82085674965377
40	APOA4~P06727	11.838010513200642	12.20208525248251	13.215921604472824	12.203467944150168	12.617481814115274	11.744861341632964	11.566178564571988	12.544785010804816	11.8986411477314	12.216532586257513	11.996439180017244	12.829775760709655	12.911912178179984	13.157953170005387	12.124239502835067	12.149419976258883	11.904698284526651	12.243436526574083	12.293266757044542	12.110949994151795	12.280656803620648	12.29825922706267	12.046900511136956	12.225215675995273	12.859013565184272	12.407109411963765	12.053766661141125	11.668114350292948	13.294289662923271	12.32240557728844	12.862073164848963	12.705012915817429	12.375461742344557	12.142859303816754	12.551923895478925	12.39646393837785	12.454584205066194	12.396970281196662	12.18451748005302	12.198978669171675	12.863982809926396	12.532872985497171	12.466545638878985	12.478203907171379	12.739154613223242	11.97039373101799	12.070484914320046	12.16002573285662	12.388322160400909	12.473223037660796	12.195971233322622
41	APOB~P04114	13.39336125820256	12.692157116627605	12.628170056515051	13.063068828995497	12.809881443101927	12.88534597195156	11.64092924244159	13.257585089936411	13.168953316278591	13.109331084106616	13.100832183960021	11.840819213844327	13.956400973777876	12.891842652597694	12.878094705682216	13.647655274402963	13.483880587326365	13.359382416249064	12.86879722104825	13.276678761944465	12.776390259313581	12.798048421795245	13.089632479845895	13.584409413165742	13.217713695798158	13.30507897686683	12.486171418145371	12.558881002263638	12.915964696799232	12.75436203132958	12.985974795115844	12.563897167328289	13.162910345658545	13.12456357108432	13.256172256432613	12.858721587658488	13.13297957962505	12.895112236922301	12.512112187463316	13.113784444601507	12.839950140903166	12.857936302667849	12.817642421862232	13.41306088208781	12.99828543242469	12.711993113434714	12.920427913861749	13.006171963136508	12.458894432455459	13.479810602027818	14.047517193555636
42	APOC1~K7ERI9	12.471579838866047	12.62679184879467	12.305173074618851	12.710906043925352	12.656207491520497	12.837597522559038	11.583026741777266	12.719862235366394	12.488337986639817	12.260497209173558	12.298943269664933	12.042731788770766	12.687349838041168	13.314501236942245	12.400802841928064	13.055113101532092	12.791175013475064	12.319433429116302	12.297885187651099	13.170468517098598	12.852303281929155	12.46591758615216	12.700332926191933	12.599353992470299	12.370234290749854	12.528562252942258	11.848159764932852	12.433388943248932	13.332536920686128	12.815854474994874	13.21731684552004	13.112689253065964	12.723237738711072	13.156271521996741	12.564432471610246	12.805093593537237	12.822114291885805	12.979218366555957	12.366041211007056	12.722150771888609	12.962173649040222	13.076488614609824	12.90900292162776	13.013251954955592	13.053959347057697	12.752968377678517	12.605573561026704	12.892868968172348	12.630744932405424	12.620175853222282	12.574757040754346
43	APOC3~B0YIW2	12.892831827115282	12.810059000135613	12.672383364105144	12.937266767062045	13.074115977187347	12.496576118065818	11.838113165174859	13.276821434558817	12.917737002203276	12.98870072034123	12.708384041279082	13.169495057193412	13.185054165413899	13.355720208518251	13.331851408967106	13.47454432064187	13.647384313324205	12.744827371899525	12.632362481103774	13.089137991026446	12.18984883414475	11.80389234646503	12.520390642340226	13.357823929702397	12.866037231896978	12.590771942392141	11.765305930593096	12.673859086018854	13.591466076940934	12.860828966659403	13.28416906145841	12.955107197948568	13.070723525177835	12.793943881153496	12.116810339981003	13.144602701697664	13.131744729133288	12.72251301145078	12.512372163389903	12.73208625323064	12.89907779347203	12.325876224838398	12.023138089636578	12.513417623097254	13.48519681889405	12.379951140477667	12.007546262297964	12.728756943305093	12.78529840089433	13.223900510341034	13.30993272496167
44	APOC4-APOC2~K7ER74	12.490886612356407	11.174175800395577	11.250954705772697	12.154333879134933	12.45162164184944	11.900848478399528	11.110282573196312	12.1927095484981	11.933951285360036	12.00327633006117	11.709555677138551	11.616258513111015	12.390194808216094	11.603229136832134	12.321251975869572	12.773001834196739	12.356808579593972	12.116508321426863	11.401164805633613	12.351108809150452	11.813206859709156	11.033714864643919	11.887630799155078	12.66107065695129	11.997194817265958	11.885573128143777	11.603634833565067	11.488625693383337	12.695113464752849	11.600818413587982	11.974119583756012	11.81687242741979	11.49615867532051	12.147914782015198	11.444957362544844	11.848848217874082	12.098430525545528	11.116445657347054	10.690276394873782	12.08758812011362	11.79119568523493	11.747668519203573	11.215327844137807	11.658705836246243	12.090114358491256	11.216190190005019	11.430771046322333	11.271294174473383	11.617831970791478	12.84242266573871	12.874528247466722
45	APOC4~P55056	5.5823565605587735	5.142138382765231	5.341668526143543	5.933093593357102	6.340022026237085	6.002242629637284	4.464184012205375	6.226559188834453	6.383120479665424	5.910815719813945	5.6665509347277725	5.428485668153211	6.479032711827237	5.172270313304085	6.346771247728875	7.1999185187518915	6.634844499652381	6.652457916110472	5.106375237055128	5.912593352986408	6.0341674129331055	5.635219479487838	5.954608211055773	6.8393115458481	6.047361258557526	5.700269736350863	6.460185768668154	5.8041797757096525	6.393968821063837	6.273581491321787	6.6023130697359305	6.42111291786174	5.558586303441939	6.4482402201739735	5.926217168365483	6.110572835714838	5.922750795060235	5.766736141694087	4.840906495621468	6.281304240195776	6.116267644784047	5.988713113734675	5.86271169648362	6.176372381933414	6.158005733286138	5.919013050547575	6.002682841052995	5.835621769345232	5.553775986400801	6.823570355101763	6.849224684061114
46	APOD~C9JF17	10.966413213312123	11.696436127141594	11.277355231486627	11.462259866637933	11.648991000877373	11.339178290379193	10.878432184981632	11.691038693139932	10.808251704785588	10.82567455684192	11.499980639173728	11.309439993350258	11.54312660033101	11.495764163828733	10.884680589529014	11.427331260773963	11.670537072669411	11.315183290980718	12.030330197689041	11.369452244382128	12.118363214083379	10.877711097864733	11.495537774057254	10.719948170630039	11.30217075435926	11.054952687681615	10.945483487427397	11.394109122421597	12.359913196853302	11.882561334883844	11.872688123699454	11.790523900235266	11.786793276064483	11.906735573584042	12.106669481206	11.601106539005045	11.895215898786745	11.844480605373871	11.720000167854277	11.672758208024984	12.19635688699873	12.303241588505411	11.858873320931913	12.078825277692376	12.060744245764981	11.386119172309712	11.952335123545096	11.561727512742815	11.151220050349448	11.255094861837264	11.707198917642875
47	APOE~P02649	11.47801265290907	11.221301245677985	10.929472073232061	11.842654763300738	10.718275010919461	11.344727990627177	9.643003674474764	10.958771730378924	11.288717829877461	11.190168746985274	11.078289766842424	10.156568879690761	11.080644008752602	12.522728661398821	11.487677159454407	11.893544564734583	11.80024170561728	11.100040365809171	10.450377869846196	11.156549746946151	11.536468374215639	10.702817362691802	11.03128036114433	11.311990775283101	10.803449664349936	11.578037248179045	10.137639727579762	10.536423670909354	12.922994088906613	11.049584193738657	10.765085336289408	11.387181308125706	10.62550931197612	10.887616390779852	11.019393396748644	11.044254024870138	10.396973677117153	11.571596426888146	10.881473046397845	11.551832624580532	11.238472091170395	11.184139547093693	11.160199043165976	11.32497062834944	11.560807787139622	10.5957473649438	10.826435892598733	10.996999051440678	11.063284144034487	11.566242682183367	11.581519545292478
48	APOF~Q13790	7.96942393879216	8.77740532722187	8.186213099753827	9.010662465848387	8.758980737215495	8.213764741432078	7.442694237850602	8.528143469902611	8.111942749043928	7.668280587553306	8.259496171077446	8.187788506818261	9.118428963508702	8.226773629201569	8.236540674186692	8.688355437776055	8.542102102528617	8.286221576084715	9.490013406395224	8.667884335518217	8.538425068615672	8.855693735170359	8.534070939813608	8.401338786812824	8.53944756512057	7.99113471491554	8.740956464434152	9.000137063661645	8.415195026786527	9.672130607792324	9.249890761999259	9.157509928359945	9.102383278909938	9.258805955148553	9.175297659795294	9.284336132363382	9.213775863732687	9.140014660245546	8.95593984841501	8.584281747458533	9.215243403391334	9.349259088303786	9.60297370670764	9.224072793885952	9.538227777633619	9.408923261772436	8.786096000033144	9.001789916513887	8.457729425004716	8.133881748535687	8.857358592075833
49	APOH~P02749	12.59995528049831	12.41792859559075	13.082311495522925	12.366359303651773	13.180148488978455	12.40857788064723	12.064424876244724	12.760156995426398	12.446126160963352	12.450877721798745	12.234439877373712	12.7936582744689	12.613320172946636	12.04507738531916	11.295224389045787	12.603643208913939	12.871035325437985	11.278163002510142	12.771999474377179	12.237532380083463	12.301797169747191	12.393136548302742	12.520595542674853	12.490701683219587	12.546187138008664	12.578856366313596	12.365203347089237	12.560984411548304	12.474350847509871	12.56611014607954	13.026580343745687	12.920169645520033	12.471951879364596	12.703379793265468	12.604792094862457	12.592138885970204	12.69775588150474	11.52481655472685	12.537100712385318	12.475219602175702	12.85547950466439	12.788774977549823	12.618214871375217	12.703093006423595	12.516539365517966	11.36666158677843	12.331475728431284	12.597020011197097	12.53864731431387	12.685180271998568	12.860855482374188
50	APOL1~B1AH94	9.639450124717644	9.62110223262218	9.95044367691469	9.534951482563311	10.493182238447321	9.677068058678811	8.014293296156357	9.991774744500537	10.573024542761546	9.494498926337434	9.822720969025006	8.926934411477754	9.645620175745673	9.77533066736566	9.688511142167	10.358272239158314	10.27018380944687	9.888846997874412	9.958755095258775	9.722904753247917	9.551669425330074	9.775837709250588	10.034504967876016	10.241597720739204	9.159646717167313	9.361531140374751	9.98365566335659	9.720830825168823	9.538080680005777	9.595885171605735	9.79315616804127	9.65888383611575	11.1329212343733	10.180632023549473	10.19882299195086	10.126367807830011	10.31958392533256	10.039677972039074	10.195053897162602	10.030707543383057	10.117107538113109	9.389554933095312	9.987633535975581	9.908617093462917	10.457415198866489	9.927571099091951	10.311952538539911	10.94788997947864	9.929114713592316	10.135204505009956	9.959916084615523
51	APOM~O95445	9.454702546012546	9.619439873786016	9.414266768170096	9.643878863789237	9.72594284386637	9.335717321086204	8.563623389791989	9.765128041122267	9.587911967194584	9.340385436255893	9.231935700684316	8.984629584398387	9.986262786021937	9.97913077596943	9.19472304446741	9.620568423471289	9.475315727060957	9.306779028114038	9.833972434913282	9.612039101356874	9.343878059746958	9.447755845808151	9.805846091174764	9.322432122378476	9.39645257105841	8.775099340012702	8.63236170445847	9.141678094982963	9.876669348808397	9.593696462204631	9.607651679132251	9.307571468700166	9.663346691300811	9.753414374996103	9.432161849813678	9.584041526364521	9.735180204271721	9.422435166241675	8.98295729065712	9.611654783058295	9.644420292640186	9.474410018630662	9.567028820463412	9.674962463963	10.04099248555511	9.482179434890538	9.189399298554434	9.63297656571321	9.299946793333827	9.743227631184487	10.189269433450745
52	ARF1~A0A8V8TNZ0	7.556216601446699	7.230949371010448	7.471304219010543	6.8358141090777265	6.551988415123918	-0.4776453035653352	9.274857417677111	-0.38987063499636276	3.076638085999804	7.795301203034844	-0.28336185585832774	8.014444332969722	1.3955037751523225	1.3897544365925185	1.355106700370222	3.8370816915129384	6.4019289423879355	1.5340112442654565	0.2978619898306995	7.981691564039583	8.310165364559401	7.276095574036476	8.570247052906806	7.485612163424823	7.5679147736098615	7.307752802857589	6.839410548997644	0.17908832524937646	6.693610420804594	-0.43448588618534245	-0.23041306339839918	0.6090833052632831	0.576382402480828	7.773187912956644	7.094870205696842	7.63583899042541	6.894888427658801	2.6071437782666647	-0.488831816798303	0.9583980100572103	5.747220024572741	0.12180920975930376	6.3739721640585385	1.9361968595079804	6.8946026041945885	5.787016357159143	6.704058453448561	1.3792978657125152	7.026522091721553	1.093617362083806	6.90261184095311
53	ARHGDIA~J3KRE2	1.8489319050109254	0.23191368323279732	0.6897602109422643	3.249295195131478	2.940385473425728	0.4424059429902556	5.532153640001361	0.1619353185263568	0.31084647826128864	1.3884527851714819	3.588729501954033	1.4841016119031512	0.23208726311137295	-0.5611556183550463	0.3763529872436766	0.1685785996197765	1.8255369670393988	0.332481430794395	-1.1406769090727427	0.2652383557057677	4.840972841602654	1.5800599304637402	0.4888265302903816	0.054247557652110645	1.2790622214085248	1.4748621220035265	2.120549813802498	1.4565703942644608	0.29940154112139583	2.5872489038637605	0.6972757671406455	-0.08471674667720797	0.5537121191106307	1.0688578768362942	2.2322798523310343	1.0724701279933	0.9839778215778068	0.7058866802740238	2.526337491112062	0.9880934487789286	2.0138339073480087	1.8516229772084	1.139860676506274	0.9488581962632754	0.5112496181480073	0.9178652864523512	-0.03281236827123357	1.6952089515007143	0.11367204265154596	1.5135919118252201	1.4189609208235736
54	ATP1A2~B1AKY9	9.037411220374644	9.08377616832969	9.570994429746754	9.113525031857753	9.214328015229635	8.757553189517425	9.298550530150756	9.250255040349176	8.943892839955486	9.727288666154061	9.037726236781024	1.5475794165849417	9.124804602883327	9.213000359825932	9.28021458495951	9.014301299631143	8.86764062536216	9.06938912326185	9.568963195004052	9.284400385252379	8.60724993299314	8.909008783368213	8.281468105692737	9.522037294681716	9.469880130094241	8.734997217604159	8.797429892619865	0.8280411588864185	9.03084895944778	9.327902492265313	9.292689254695226	9.735301907000855	9.420247196122887	3.050573018301949	9.129653744248351	9.054075476354248	9.90007344907073	9.588186665711632	10.063129080937019	8.545024431614799	9.524563355031352	9.564249871653487	9.306302742777403	1.620300430050337	9.553066170272373	9.42673643799633	9.43517566880093	9.03127329278424	8.672813444491036	8.68160227698797	10.011474846531486
55	ATP5F1A~P25705	2.0882920192008667	0.9891763079894904	0.04913994648370701	-0.8179128339679651	1.4888334741974476	2.7707794133796093	6.553892673604104	-1.1380485442720585	0.2757385463661353	0.2902049936801115	0.8262053934658101	2.153003784718077	-1.005333144922708	1.2169110313337301	-0.18586151805786266	-2.2895317408585156	0.13063054322416312	-0.4877218740817746	0.92520960441486	0.8962944968987534	3.124157133089875	0.9414850514945972	1.8176413771938054	1.2586003640086556	3.1456105106101813	0.4784998887833899	3.7041117654858704	0.30573525392438794	-0.016059262510705108	0.8306404144114141	1.5077361096460038	0.6485259881925517	1.1187706300972347	1.12942847409794	-1.3699333382834489	3.206765479689963	0.3697980875970868	2.290677870194186	1.1541342487437682	1.1023710633761976	-0.18534318338871492	1.433753330681299	-0.21458728159151041	0.8969352609885299	-0.23764597005820987	2.0531783376868247	2.6901130148433596	-0.12920909539317438	0.12839690605921117	1.0079850460195494	-0.6182712195384086
56	ATRN~O75882	8.353758503840831	7.679348440359371	7.94568333356106	7.503557059969675	8.328677392321348	7.871862760072282	6.865692970680037	7.98148566965912	7.8265250186657	7.910809499509582	8.076292715815034	7.668777237126391	8.17368491257853	8.15772501392227	7.643895703967452	8.001915817996554	8.158209494237266	8.263821069276672	7.904470169249279	7.598227236379739	7.768280960011982	8.159906589183088	8.223246823785534	8.21243983288511	7.852178008088085	7.9420091737672935	7.86239407414559	7.712130960439104	7.851998032938497	7.8294660944903045	7.753619624159494	7.80767988352893	8.05171178824846	8.0635744721495	7.916413171192653	7.894414059212417	7.9259154885813015	7.859091693999932	7.574242996519768	7.56093626459593	7.878946625844473	7.970298317277174	7.588387422256598	7.799446752476175	7.798749733828062	7.85116293653785	7.664803801325488	7.759809165047286	8.072408399313977	8.137161581720328	8.117381527824513
57	AZGP1~P25311	11.096771605157896	11.215933302458618	12.129768653515239	11.515052993419005	11.243509890620645	11.02201419453126	10.811831900050347	11.751597790097417	11.086085513461354	11.470700822188723	11.31350073178298	12.123292440398757	11.995677023089554	11.33545741678491	10.927447581958214	11.43087898168361	11.673680013300535	11.093244587170359	11.818599729889147	11.27631967558476	11.16227360978361	11.134111669050597	11.418462978432448	11.459362573768212	11.154845915663257	11.185972588562368	10.86362255741969	11.545434808540646	11.511745175094202	11.720632024500228	11.871037582210482	11.851112598003933	12.115345657923182	11.784017528997621	11.584779040895928	11.329733801995761	11.592125994173262	11.522226034511394	11.406206043651256	11.484777667756825	11.918431356892508	11.60516942673281	11.662991552116866	11.822455007808864	11.85518633559929	11.31079428858531	11.440053255144678	11.437686680235462	11.115739030633431	11.357315337079443	12.029257397462255
58	B2M~F5H6I0	5.775142553412839	5.854400360018255	5.6985489989653	6.849210268828571	6.267838244378494	6.515535988720915	5.96527646949346	5.7628709481793114	5.2606389069351716	5.351352832958717	6.2583730904296315	9.38726454631658	6.333870671967196	5.745468146444817	5.904902390940013	5.289563729939366	5.75232051258772	5.708880545559416	5.398093372493604	5.818835399043653	6.23552768932418	6.572805911883622	5.433308324248106	5.586679928723589	6.271592540054694	5.836340021531591	6.3557538083526754	4.669708508045356	6.2400846805494234	5.89587329852513	5.638339458925074	5.292720283424986	5.804730735068853	5.2777395962311955	5.540923922428502	5.081988356186301	5.4693635908888645	5.581621024073528	5.748444296708341	6.233582084633509	5.5931071527141185	5.706398527055168	5.354890313096879	5.495667440218081	5.692789047626048	5.138126779309922	5.449388729909016	5.162774386811692	6.881602989876248	5.3445448792093035	5.680928844988479
59	BCHE~P06276	8.095104495609124	7.233180797134466	7.766964063722532	7.52312161327641	7.719137586070399	7.759791695149443	5.817128975211914	7.820301494089335	7.804343263711044	7.333697367659676	7.390476263385652	6.590567862680185	7.580129613616009	7.088651095854493	7.444485533735655	7.817385867770959	7.519099064615736	7.749738208055069	7.851903224929743	7.480413776445548	7.259786644189315	7.378384694473939	7.955776353746473	7.817590607272482	7.87978336949692	7.4487973899334445	7.222723130635829	7.032375706650168	7.666957301989065	7.544371500808203	7.423299576427696	7.7600101552234495	7.416367687615048	8.185879759566143	7.7176686842348605	7.82286448019519	7.732813225693785	7.622876039116859	7.308497215123957	7.642667726792749	7.667656449426601	7.382949826698082	7.621205437542607	7.449801793409614	7.771087926620591	7.4301810866568925	7.485265252706812	6.125950215162391	7.575088745150794	7.9514473854012016	7.366506317743659
60	BLVRB~P30043	3.4709117854060363	3.711835827878744	3.269199319224515	2.808750942088759	3.191158188402691	3.5940858215188456	4.978837081869703	2.8323669955612387	3.0027422352728315	3.0673230771179756	-0.4533612081935545	2.4864119267917917	3.5888453400496614	3.2833768001003514	5.683232698489745	0.022830523613099063	3.499646776345383	3.3916080902515633	3.486949887498519	2.9621624379740066	2.3544007292498863	2.6391728697006873	3.3903203873065886	3.5175004757973514	3.386048765354211	0.11587126477232434	2.550824154404978	4.970191923954059	2.749316343438265	3.959429725572047	3.517532794125648	3.249775486849368	3.104288887842833	2.630378897918234	6.115767442022892	5.782496477380153	3.3554852566095685	3.6096342753432396	3.9318923278619944	3.4425431437657052	2.3985535876455755	3.271286336914373	2.9424807683805514	3.764019532428686	3.034393801786224	2.226702936481788	2.8050828646314785	4.126129243273955	0.38494271266845126	2.8759018347673333	3.7761401215522152
61	BMPER~A0A3B3IRM9	-0.5960402065251118	-0.5223245414353006	4.969086092556405	4.221975425994674	4.912448993449359	5.093340509065144	0.5634818216442734	4.54394418876058	-0.4837946932285919	5.02780478024097	5.206374847666891	2.6140883230708614	-0.590054158094625	5.105816295456069	5.617303228388221	5.085322680714842	4.7531910364474514	5.06656750015501	5.103036749434299	3.765854841379778	4.192514365206425	4.574858303542475	4.477400197068354	5.403382405825892	5.77180427753268	0.7946837845555352	4.635221029704227	4.89349262836356	5.330151251786199	-2.1357830568376936	0.4484249416256397	5.401994153240999	5.198652162195952	4.932217455807732	5.256452601461892	4.8958351255771255	1.3213376089184297	5.097627101132518	4.839225801708304	4.8122096279429	4.814791709977343	5.096464235897065	1.4669853544580804	-0.39718575112671295	4.27773037494643	5.216676744372196	0.40767338006273773	6.1664459961515785	4.782301595752192	5.136767125016925	4.629836285067622
62	BST1~A6NC48	4.047077803121106	4.20210782731131	4.167391805625779	4.199466269164428	4.071327491165915	3.778134895745058	3.5456214548833818	2.872056342476261	3.696932515943597	3.767884785107716	3.339392261085973	4.050311179986368	3.490567897730202	3.343340125627112	3.879928137666258	-1.8515845036011735	4.353324271228081	4.176027778539195	3.42526009028153	1.6748473615000607	3.62991775113222	4.188857890497418	4.233143047251269	3.4514219255382916	3.810631350171642	4.131532956738565	4.08437907550801	3.9232579283614597	3.498897280051855	5.1589366029811305	3.7797844683795847	3.977216850896364	4.236868497027401	3.69224439875034	3.3028972793266163	4.055804051211004	4.110770665061919	3.6890151718985633	4.461614958371677	4.065735283764679	4.5616191482339765	4.258879979118085	3.34265050679636	4.606899456691425	3.299532667630252	4.155054602622716	3.5215744422644	4.284205923228532	3.9595822831023857	3.970226862560705	3.972977157552934
63	BTD~P43251	7.962430773440804	7.102134626116243	7.929914021909971	7.6171452518396485	7.433494645381525	7.3400155043987585	6.2728944243455595	7.942034686245174	7.593715379952626	7.7127852653354685	7.631258446095281	7.524613209476287	7.306587281335707	7.570956456498615	7.62215607384216	7.571570504865317	7.728190409617118	7.663677858549377	7.726012509466791	7.402134457218569	7.104158330781949	7.466700711493238	7.74935399301472	7.790436201159294	7.7688908142763	7.530050262328489	7.297728493109125	7.004004899518098	7.815014805037581	7.608787454282702	7.519972838452876	7.676960705837524	7.648977620119098	7.797496190424175	7.838838351533532	8.117069321292675	7.646343692429977	7.376723827916918	7.240526560332888	7.35338121618007	7.615473834415647	7.726216080107153	7.36206675124863	7.618129828488279	8.011522107543954	7.780945594918676	7.3280068958498585	7.412053698523644	7.460513265358918	7.850690371609112	7.911524841627919
64	C1QA~P02745	8.067030875675632	8.217043586960964	8.436496661484263	8.91073009679769	8.402725328209586	8.332564099471023	7.232614737890006	8.559263413835925	8.234423796623387	7.874245210399869	8.302489717377908	7.783539931027055	8.532650799528385	8.472645230804565	8.451035494081495	8.54348784063321	8.121070719010023	8.489132932485779	8.088188951344872	7.723139705604746	8.537188653483026	8.560525726169669	8.58984541467952	8.199725057140832	8.501277167133662	8.419644430352337	8.66012649979435	8.446289628849323	8.200875113507498	8.97345765782352	8.710103607915302	8.847038702379272	8.032797405715499	8.635169871683864	8.772571718264379	8.205142941445478	8.433774400277864	8.123369333486954	8.615723581816415	8.369929162096662	8.756337542413783	8.72694206728291	8.26997016324444	8.487734560050024	8.372752164519527	8.478381927412105	8.864762544864915	8.53004740384767	8.719719799185011	8.562401986178223	8.468937204262927
65	C1QB~A0A0A0MSV6	8.464100981628755	8.651231075899304	8.674246587538114	9.376208737762013	8.730514604592262	8.956365610095917	7.194795471934627	8.938787846290293	8.79085466272143	8.436664527816514	9.03506402693912	8.590872087348906	8.616784722471523	8.840773506428649	8.776252894767639	9.116985748203511	8.675368622970396	8.660938285892211	8.38307313670007	8.237884041358443	8.617400875928512	9.096012794247859	9.011475017151644	8.58197482233964	8.69047047071294	8.679437574700152	8.841172053239623	8.73376819822971	8.549399617743344	8.809621346363057	8.64320531565895	9.046811773728063	8.423975041448324	8.687408470112809	8.916162111971877	8.729682764552173	8.918246264717538	8.791105542265576	8.937391691543295	8.568694319728591	9.179234855385374	9.169150489468276	8.841051281467722	8.837184606188885	8.952108462181846	8.946484850886616	9.195277427694196	8.863240659591003	9.033922174241805	9.192470117982275	8.548240321809311
66	C1QC~A0A8Q3SIZ0	9.992293376236987	10.126890022499358	10.260079500247228	10.645283407383735	10.049741217900115	10.458455052125371	9.14694197802973	10.377644517248577	10.221124499615938	9.997848010720322	10.415745507082317	10.01555491286585	10.31237336398827	10.377294875456306	10.272711787088094	10.373511582444737	10.00769184864005	10.188348730282684	9.934467635639495	10.099365148407783	9.911284360907931	10.480656232787085	10.302497387242477	10.220799277499607	10.246607821210642	10.168440907108678	10.057091892267339	10.230775415235007	10.151795426646956	10.40644598507472	10.389112301620822	10.398066487009583	9.999349673035743	9.96595457320843	10.260636035791418	9.943181565485187	10.131129891070353	10.03432410870604	10.387093199279224	10.11600328257209	10.451605293316346	10.344701852623405	10.134458282934327	10.119147417350828	10.360242959871261	10.451763237546515	10.37418461915501	10.081043054666093	10.468897690031275	10.514546240095239	10.284823535542397
67	C1RL~Q9NZP8	7.655815550339259	7.617120359705817	7.617064967560475	7.946683219936385	7.7516398745847335	7.8101373733328705	6.021392950657719	7.813569452042241	7.293753958897469	7.599211408005682	8.015804314086354	7.713598796587412	7.804388662815039	7.691006308451595	7.830563658237636	7.867724508789334	7.896938498639113	7.770775986204081	8.021888171590547	7.67282153559266	7.5301791262891005	8.14670057759714	7.762639945671601	7.776304910074363	7.52772361090049	7.567315416320128	7.897596498833146	7.838569767312791	7.779718453554891	7.958497491868412	7.2368855721333745	7.784183018116988	7.855393480359073	7.665184957657906	7.843074745781234	7.8825479019239575	7.752757422204411	7.610924577644427	7.715464880076174	7.520743954351358	8.005723051069289	7.825997649755482	8.013816413272442	7.588905256599446	7.871497889998825	8.224018313279826	7.615004192226426	7.65647832821949	7.517530151018176	7.964658501134567	7.418990088551641
68	C1R~A0A3B3ISR2	9.27156119604622	9.105304301588928	9.350936619450392	9.448952996062346	9.461937760693415	9.117363295171687	8.423440388508	9.39356721153526	9.353433716626647	8.853905446473567	9.523605743670913	9.106328906503313	9.47281253731189	9.363111703943174	9.21296875528389	9.490994670495219	9.46493991917979	9.32815334956255	9.543931684763338	9.041813198095918	8.96009104533809	9.254576982483957	9.368139673981691	9.141003686695036	9.343249162543662	9.139806439884302	9.297441222219765	9.344558559193949	9.14569788309198	9.534359288878145	9.271150241601086	9.44873224457009	9.129965439919712	9.094076074415428	9.348928020100066	9.178731707527373	9.297640764715554	9.251038238182451	9.475103798441804	9.1949789285637	9.320886742559143	9.240531946500234	9.321740140003612	9.130132027236847	9.483810612010702	9.380603875097353	9.238972175023228	9.102004835406653	9.569902184101657	9.635585505775516	9.283379767653937
69	C1S~C9IZP8	3.576265201505601	3.6874651775545972	1.777583168035628	3.1080697527308043	0.7447922660111904	3.5144606401925453	4.31475042522213	3.9052243831182705	2.8576727692939827	3.4167396818997373	2.1257452122482636	0.4081312007881227	4.182346915014114	3.5415239444097177	0.06724579033741518	2.8763294893979285	3.32364126278813	-0.974101577510591	0.9007439662142493	0.5249415737283156	2.5593227042336717	3.5529621939621774	3.1910757859726613	2.974339137026251	4.109342244231723	2.8419546166415115	2.4723486168428184	0.8064076818186892	2.426745905913836	3.747141948902563	-0.022785605569289547	3.0770089792174242	3.8983997091002696	1.2378459768134007	-0.6763255910085824	-0.02028102238670515	3.1646662123809595	3.276449888440745	0.41464280889561544	3.24006240098312	-0.8366525917740377	2.633621649793541	3.0106261028243324	3.654681257122397	3.6244312554191804	2.9573141023853116	3.150434498762946	1.1533997336174133	4.004558414340112	2.9950887686448344	4.494870839974857
70	C1S~P09871	10.179108021546718	10.089355916761907	10.302655377381509	10.483252778778544	10.469336386415161	10.17019097675653	9.392140515491883	10.47485619966221	10.30430410747075	9.893721560212002	10.419542209007085	10.186102448421964	10.533747369201453	10.396388807882206	10.224815733443643	10.542319649242001	10.539345916098702	10.40622161704762	10.367662430829558	10.043591560624167	10.109988587029791	10.40286347982184	10.493651601288423	10.330255219178774	10.392696324504742	10.325516140570203	10.335524475758735	10.43248085944259	10.20244431483643	10.677625670116052	10.358171076433072	10.552000966792312	10.239242040424758	10.24734837689179	10.447628862896321	10.171034130616093	10.416818655526301	10.383385123281077	10.444104571657094	10.228974979863146	10.446521734047593	10.401705563113527	10.373069843452404	10.179951598755617	10.447799599992017	10.345297356552331	10.25337359707566	10.178121678898748	10.576335446963395	10.555236941631744	10.326971020455275
71	C2~P06681	8.062408691437291	7.758521615468691	6.825634286437746	8.121849026848214	7.635981210123198	7.7030577218940195	6.785237228434234	7.728734838338151	7.792859088823439	7.293101278664799	7.105288153962651	8.2570301104009	8.127840865560126	7.863213431330772	7.852157334476994	7.5602755680923694	7.350941878484714	7.608747981718524	7.731470063543793	7.764130219104309	7.549576469246305	7.423408456918786	7.409898847051201	7.421393542773127	7.950288903822207	7.516617629151036	7.728311250050657	7.237538944434434	7.989946460414363	7.625488131078443	7.075630279734187	7.522622235969328	7.921738716894462	7.211552666023118	7.184088381559463	7.565284105574316	7.376223843331455	7.321556289283245	7.2863253732636375	7.728307824301483	7.407975792238024	7.341950652842942	7.390019740334375	7.203558602900817	7.28830427028035	7.440542249706622	7.183897175943677	7.521217738568347	7.74221731710682	7.703873376769496	7.7824464846037475
72	C3~A0A8Q3SI22	7.436819033990043	6.7828856618948805	6.613483290136265	6.232114641456889	7.262023997982559	6.85360986349162	7.846335036855538	6.76334135318189	7.368122085022842	7.30799371275676	6.672323254853649	7.276054101491872	7.163577356923012	6.527377254538751	6.794101392014576	6.908423590919613	6.574372131124826	7.110962415767684	7.051065854627914	7.326987610189448	6.912295664148013	7.096826284611954	6.776114412443771	7.276087762518177	7.20100737930687	6.3264806459640335	6.9319358687891315	6.690326168596879	6.926405674889413	6.801692277051916	6.473221798777217	6.801413430458363	7.363371888069953	6.447393404229033	6.592014526664661	6.171596468543911	6.713148499996383	7.055883137634909	6.910051244791064	6.632943405609111	6.264692282886893	6.5980846541235145	6.516405069176308	6.570808953364468	6.483838651736275	6.4312014638264765	6.515116896697672	6.645383907380146	6.772300577671603	7.154720163719801	6.926777366904046
73	C3~M0R0Q9	5.844318921232869	5.622072827377078	5.428649485907389	4.46122175376678	5.665620441623855	5.338599023651504	5.054864940877419	5.323917181458582	5.420336130636753	5.013527481820792	3.127359460510733	5.07212311561434	6.171644414434056	6.230924751753682	5.780119003899668	5.941728059051562	4.6449146641746	5.682735429836864	5.457626610832332	5.187034405447946	4.9388586323415415	5.08600660725668	5.07539149974868	5.4926694542291665	6.292227254852609	5.384907166870924	5.25327259627236	5.374260516826025	5.3106432886216925	6.021014007950575	4.762588449066124	5.846063635138205	5.380375451572049	5.385487492479866	5.28446209357492	4.597202944264624	4.893967392379327	4.8200366450791465	4.6873560324345345	4.72455246779052	3.956993075883753	4.285919591010205	4.554851939188663	5.279052530977686	4.832617712777132	4.712960913618554	4.702674607350494	4.460744468250222	5.254345584699806	3.291259384192138	5.868254463890578
74	C3~P01024	14.874030995951243	14.471619899835463	14.558030368421464	14.236085159950537	14.820051159947282	14.613171091762892	13.618931206330032	14.50062819790007	15.070998116284933	14.548657780373203	14.351546674389422	14.391408806247851	14.747082415926435	14.560257606356274	14.603184530397678	14.828056079591308	14.433266675700876	14.497796908024574	14.934386554686384	14.732489171446305	14.238301081315878	14.430402142420649	14.4742873410756	14.651205450876231	14.849595993721277	14.383244566249363	14.689911512775456	14.381218681809434	14.517552977695765	14.365557399621673	14.226195493304926	14.658544593417593	14.92662202431888	14.388267235084271	14.231192024063265	14.20222129411408	14.655718831123615	14.505195278733103	14.522344463331901	14.288831302181702	14.221132319390343	14.303194337980804	14.538694790176741	14.532030899299539	14.53651023043243	14.451080658567957	14.356139881491245	14.410538562900323	14.405771348286553	14.631347159722779	14.629283127762683
75	C4A~P0C0L4	12.370228968517825	12.396779574371424	12.35351125225336	13.006363577445807	13.008486754374827	12.407743624314115	10.616835415091902	12.61807290633781	12.880040185172026	11.593090165176935	11.574301905510382	12.340087378864032	12.501917586093073	11.54961348193371	11.23539022371744	13.13610074560953	12.12350226833743	12.33469051482815	12.82926061362515	12.374437109414439	12.309343952837796	12.482402760143186	12.786976288833745	12.463502546412702	12.691528848888396	12.277588359717626	11.967910656837049	12.477146320337484	12.862513640016521	12.376719721701038	11.955590404807193	12.419232929260781	12.327443547546563	11.875049520771707	12.022853389141664	12.218473072027441	12.498420612027795	12.624052233178498	12.059544819755143	11.999042771039848	12.35519205070616	11.964882582698229	12.434823920679312	11.931734289398632	12.54317735173455	12.2448266128493	12.065376688074485	12.188559418247221	12.454247451258055	12.916604694075424	12.496821114358887
76	C4BPA~P04003	12.555660337385449	12.619361060546709	12.366889391164053	12.69181400413336	12.759816782669066	12.472013628803406	11.614595278061843	12.361842734310361	13.030442014110374	12.48608374958682	12.11043758893138	12.655435295111268	12.972348630161086	12.31628443238246	12.498583617102847	12.718222742401425	12.465076226940223	12.868224692058217	13.167056691726975	12.555612480468064	12.333305241002455	12.56550736557785	12.559013853915497	12.825186190227376	12.466539789104209	12.327198735597866	12.775158431499802	12.29503572606217	12.50214297702365	11.915065505444078	12.257145239080536	12.652407256266123	12.394368094406651	12.451747142110516	12.48537029290833	12.275868596683335	12.481503462222367	12.349247072882797	12.249210982940449	12.566906457219012	12.457922760923921	12.331326467686017	12.577544885544288	12.37487644060543	12.619009371169073	12.703079801236628	12.43502721992664	12.520507543404788	12.285636307945914	12.372164433471392	12.807095450612485
77	C4BPB~P20851	8.870149928132651	8.893163098982368	8.778346585122101	9.135276851108143	9.145306375797883	8.79048392920875	7.901416126792621	8.755302035446986	9.31059128773064	8.727658861461089	8.29521429774253	9.275374889969347	9.355501656097054	8.787096390806076	8.875230768703034	9.06182866060982	8.833376166423047	9.245043724634836	9.53689517953639	8.984355436733626	8.50197418001461	8.809910579649824	8.825930514480973	9.061026842461333	8.8279460245815	8.828412247626721	9.244329280513947	8.697268155394175	8.652373554995577	8.33328094284047	8.626283539014414	8.615099974368151	8.487050264983838	8.650249553339975	8.672282461152301	8.461292333641085	8.75540228814726	8.589773538507417	8.493139839229183	8.893904920177306	8.61038090542398	8.441464905336783	8.876305036667276	8.832980576782726	8.964445842596444	8.937412885421528	8.755564572721504	8.769684520730838	8.606888502934966	8.585932729829228	9.146560130446051
78	C4B_2~P0C0L5	7.314748074590397	7.8678736961371385	7.551612518302996	8.114764609939092	7.684507973428054	6.773478707302346	7.016474217533365	8.254743046988615	7.822419023915474	6.924607661265668	6.711803486667072	8.121772052685495	8.624849882822442	6.323886129502456	6.860681511455106	8.43728588261134	7.228482721106997	7.809237541996615	8.548964741130932	7.93374611600502	7.43360606996757	6.895642027077827	7.337470281350651	7.7962986003525865	8.311449547906452	7.332804998578317	8.123221227743993	7.6652141313841025	7.956096144052971	7.7446555610553665	7.072797628958305	7.9542200992748375	8.65668747712818	6.688842344962056	7.146723259151136	7.875467585021601	7.670894356435699	8.018310222284484	7.537341293226999	7.755146140885291	7.70706217882372	7.008986424606115	7.713234101781841	6.707301621252772	7.667805201957512	7.393233193563114	7.24991983244598	7.7615753763875	7.084938275417456	7.612605320064092	7.7419184039818845
79	C5~A0A8Q3SID6	10.39284644268396	10.124200054310196	9.894985724216253	10.20347750316685	10.1106962831355	10.24766028196624	9.960749941390718	10.073935604935087	10.244899035452178	9.865014588544025	10.134119504823278	10.211606728281891	10.46812470823561	10.197163139003887	10.0687954953637	10.286587935503926	9.97309333327139	9.91564974271383	10.70971110831544	10.140496386311698	10.116603978051788	9.910994633559383	10.069997252451673	10.166943488960467	10.159392342113883	10.061243945961763	10.062707429161366	10.017068689743352	10.31722158500187	10.069886821736695	9.81061909351148	9.954911492152752	10.676406065682027	9.8981573995282	9.969470314002983	10.130449747068576	9.9560554538524	10.095330698218104	9.76709453414068	10.224023172444477	9.929994090870952	9.698872608091166	10.302089014836676	9.878907628299787	10.20614796128949	10.274540248029531	9.79052220994065	10.115548866258989	10.02642770156455	10.065067323574146	10.306220541573403
80	C6~P13671	9.905792423958445	9.606862981489042	9.420203497965824	9.844095330488123	9.907073665257386	9.809538627538718	9.07465336587096	9.546190082467536	9.937393667256968	9.569058257495984	9.751135494962316	9.56394533190728	9.732296318930661	9.653482985388218	9.459164426665676	9.901703181220327	9.642659354638367	9.85016813892982	10.255448175733653	9.775688739603321	9.585501508301782	9.666979507511927	9.713435602600867	9.83400938599295	9.38534332172933	9.486488650313222	9.731505488635456	9.840211839964207	9.814076928258414	10.06858723328533	9.181236138113197	9.85286073768164	9.738084010873981	9.570966412995718	9.620539003983616	9.679568796201837	9.626420576377354	9.832349803031049	9.999996904308963	9.836605650530611	9.729875551936622	9.706104327771948	9.99773940970416	9.67797883799891	9.83826246410004	9.948854839053803	9.514070259507596	9.694447693206044	9.674315669366418	9.631441529934074	9.660524017612243
81	C7~P10643	10.086406116662719	9.86929289019617	9.148708377380292	10.31813467822497	9.88357227255014	10.422671525725107	9.38348136925915	9.232144365147573	9.364945629787652	9.618233918502025	10.09396650475319	11.400459941161065	9.641393498872166	10.562745275724897	9.641442672631774	9.405232892101337	10.196398613679689	9.9681711563644	9.390705716968586	9.707337750117649	9.825120182057574	10.103794436620495	9.849728553891673	9.710770811917406	11.010820540455294	11.008962325430012	10.757913158255977	10.008353559542218	9.780839794471962	9.733981638306153	9.531797758360453	9.6870834539631	9.659950612450226	9.905219056963997	9.802290638433814	10.023167538205552	9.933396117435755	9.623983491955215	9.71418377293527	9.931740600450649	9.839600173925385	9.881755135826994	9.83828670447788	9.38132418298048	9.281725469965048	10.209381967821262	8.805294770352473	9.986294299173508	10.080367181020446	9.58476436310202	9.812870903381068
82	C8A~A0A8Q3WKT7	8.615947139219685	8.551887411275272	8.868849112330624	8.568579171524204	9.017707427566156	8.856670105440976	7.600626865088418	8.858952879689529	9.038661832040045	8.389982598014667	8.856241997549235	8.397589512666377	8.745072120829978	8.213058670614544	8.524493053749866	8.804972618041877	8.83963928757347	8.931593635932744	9.03595001909199	8.925947442652534	8.911564430238261	8.997673521677486	8.799081877737823	8.954623917932501	8.506436161873511	8.368773532867873	9.04456688382704	8.666724394206565	8.784200394871311	8.921087369768186	8.719585390860342	8.967464718071659	8.685872142738209	8.97090720663812	8.89373229773271	8.862632155582231	8.928773256267286	8.69935958035441	8.490126917553164	8.8098392578316	9.073522003344015	8.935696790115784	9.370112140579145	8.818406349074188	8.943008030698865	8.884654880705893	8.671193123362313	8.871571961765175	8.62764442224995	8.488980497632172	8.840971305406047
83	C8B~A0A8Q3WL56	8.427047311460168	8.228571087611666	8.680097427073308	8.21554292350102	8.708442771975799	8.45705680485548	7.490501796020028	8.631551102657939	8.583094936737695	7.988817543346318	8.508354915126157	8.025213756525114	8.381369734918653	7.7480912754599975	8.089047610089096	8.352834155560169	8.340452674055252	8.377839887871959	8.674317824752464	8.52232135311218	8.163797680861421	8.497942325056725	8.263135642735516	8.486370310246958	8.234609299114057	7.676068873676028	8.40408441457943	8.232983257736826	8.59267396504251	8.472668283075828	8.21617049937956	8.544728538953883	8.105415891135232	8.407510122405327	8.264083319251084	8.483622313595697	8.491942249381166	8.089519016192384	8.145225511173065	8.425562446616706	8.459881955271614	8.395360760404468	8.743801437587454	8.369204339305321	8.343879008307216	8.373350543287875	7.967673326583239	8.333017185898589	8.378832877533867	8.093727356177833	8.54267034767059
84	C8G~P07360	8.583528140543077	8.219884898475762	8.837071394486243	8.609676992192858	9.082046685833982	8.709465649800018	7.648748153706338	8.88213860311002	9.032206353398257	8.370584450473887	8.827418593439866	8.143446275958109	8.474485155029239	8.21851726795234	8.361796160113345	8.661820494057336	8.598977974992419	8.599791193906917	9.106865930045599	8.873677092424217	8.571367625805237	8.718308566309945	8.36367199082014	8.763666858228088	8.565174380552394	8.019722550516564	8.525732388712097	8.505387688557539	8.737907476393739	8.709789974294598	8.474333021424572	8.891112010747735	8.452504816039317	8.76645631943154	8.454153678379809	8.577016270015672	8.627721559910823	7.193928808575187	8.19472845411343	8.798041300127732	8.775240632978589	8.377170276059083	9.11929926687784	8.380284151313477	8.650994410407083	8.530922310916315	8.091998958120026	8.466860993755464	8.64691692860705	8.622241438382932	8.769742422213952
85	C9~A0A8Q3SI37	11.333680445493568	11.484499641081388	10.761635835917408	11.685727700689366	11.157654247373594	11.048816440203938	10.759896714488246	10.860357379030333	11.566097135744373	10.561034305483993	11.461564002700966	11.492730323280902	11.722001575715096	10.656219059316586	11.041411673811607	11.009998226663335	11.173014169116312	10.936170092805414	12.222517668407379	11.583725300470084	11.15819284918757	11.151887688470671	10.245889220337176	10.71816994927596	10.865647006346546	10.852284420099659	11.563484910480197	11.419288360154235	11.434249617305436	11.336050344470975	10.896521806996356	10.376320568228973	11.398212262971986	10.722000220263341	10.724579320510106	10.780014745311345	11.00485514664068	11.054984142783615	11.171641971369901	11.454681965675691	10.925234870797464	10.80726715909839	11.864231399739717	11.123697543522843	11.256314667572244	11.586275162887285	10.729696247025267	11.039763803168064	11.144076899716104	10.748382769928192	10.619566145114586
86	CA1~P00915	6.575448996171995	7.35444108584978	7.136657777917914	6.150011725668925	6.723503571803171	7.445382684912865	6.839324810741906	7.488826208337261	5.992920016437277	7.325966506267474	5.88108641400746	5.865959100866708	7.14814014913129	6.646358745812621	9.45706945851953	5.909602252890892	7.3650646127705635	6.817790927193174	7.113046776313453	6.006749982153627	6.72783198137888	5.980226583933338	7.328897170637198	7.062166065617545	6.383824770043987	6.895929955300156	6.175442799367837	9.105910586095114	6.430764666911125	7.817206867681633	7.749935288257621	7.051524776064	6.535589706264675	7.419340702453519	10.311364867499107	9.685385301368411	7.517221715181979	7.615419501614916	7.283250178794034	7.276558508495171	6.796174904274289	7.0591998682316985	6.93273172402764	7.91746249932314	6.703816254756734	6.782723122897359	7.321447564135557	8.548991777822808	6.397811572064994	6.7309425203741995	6.781431156475811
87	CA2~P00918	3.366906461706708	3.70966462794591	3.503748960623321	2.9603784158162987	3.330465593429448	3.2170637095514154	3.698585347682249	3.925459092724484	2.161529268290176	3.925665987133791	2.2538698411502582	3.469555995101549	3.4207164822969713	3.2658919893685443	5.711674639642438	2.369996767031933	3.4448917908584553	3.3096924161758765	3.692229071540282	3.2137798677399148	3.989367125834863	2.5070688496306373	3.4071130434966297	3.3375007700846067	3.6146185289673225	3.3919179746317862	2.736169542064673	5.084296993706951	3.0405997621387186	3.8095631591201196	4.277900320851111	3.3655642074727634	3.4756059185535633	3.5288244074420025	6.4214495327907555	6.20980346123149	3.4951945843209313	4.120711540854862	3.4683898731158056	3.955892149607098	3.1781932725977673	3.5614980733114154	3.3138061309723406	4.176301611009355	1.8529406286914294	2.918469027612635	3.6510066772264573	4.9688746129092225	2.8269549576150315	3.2542939656763132	3.7970639134964714
88	CALD1~E7EX44	0.8434397640188109	1.8438959521551053	0.9575386612861713	2.8604851502576194	0.7407559893830511	0.06298929176106471	5.593587737325243	-0.7467147212897407	1.3928978155116791	2.4014729046876675	-0.12137921585042055	3.391178677642465	-0.23005192870929458	0.8196372678233279	0.5748946340448753	0.7047865212570807	0.6506792751773897	0.6886218424120606	-0.09934363821985426	1.2444322371645833	4.442496572214205	0.7986687929529275	-0.31881316871930676	4.032452014530161	1.258100673223582	3.506186617538946	-1.5229186795383134	1.4685933844152734	0.23349494478620636	0.90988528188085	0.4548692997325419	0.35150106974297346	1.3600354014463476	1.9870919965327247	1.2208818189564763	3.2750568391714165	0.7789123408482705	1.9933604901391422	0.3795133771460482	2.325410619767183	0.9720284169187321	-0.31482164387933764	0.5185625973763741	1.3731554299296662	-0.35707030911884163	2.837456720768115	4.071136783762209	1.1098409288529458	3.595421856815348	-0.4632832029246374	-1.1507291679939147
89	CALM2~F8WBR5	4.033407541395862	3.625138489857197	4.71604920511315	4.56376290298428	3.4477567284705084	2.926012525385025	7.0615002409952385	2.796518632334453	3.406143618600035	3.808236481421964	4.358242588749576	4.4909038679363205	2.9502963803049433	3.0316482046578432	4.825989791597216	3.1711315856428994	3.0734260622089837	0.4713194376837736	0.5062304878120251	3.5350977127027163	6.498302272682931	3.5794436981713535	3.95020496874384	4.258033867198553	2.967613702102536	4.60603656541286	4.062855786926429	3.8389182536219337	3.343070066447783	3.7965508124171357	3.70165049696658	3.005468645523901	3.400232946051516	3.8534932695182067	4.684205101356556	4.314743235042416	3.5833862788992485	3.9703781071208195	3.572266187657298	2.615738060227473	3.771471938970291	3.3731572194540713	3.830742846068759	3.87144374376357	3.3548864132227134	4.13339874911323	3.7279540978713746	4.044380110521788	3.8838634582734737	3.22367710010059	4.134324630211715
90	CALR~A0A7P0T861	3.228293052459435	3.785688027546355	2.574932889374321	3.538390372937146	3.2763341600384503	3.4805199100364486	5.036819373258817	2.07653265147619	2.365101467461602	3.133536720655523	3.160436964616954	3.7973177731315757	2.8037662456543213	2.3152148072728416	0.970489321289111	2.5560055856094226	2.821531785745008	2.9739587494132573	3.298914890863004	2.501906169882736	4.40185839159872	3.0684468444021085	2.692563785012982	2.5457789778607793	3.7239326347346204	3.0706771817506984	3.4280778319377614	0.8322520585241555	2.581930128353616	2.8546298702795427	0.34616775790093923	2.680241360619876	3.6758774797317475	3.454522332605366	3.166304852848928	3.9603077055360925	2.4490050290232803	2.9910557187470688	2.1013385528712605	2.911310879759829	3.0838366975695974	2.732504283866057	0.4918373494624458	2.9772185980970316	2.778086456527878	2.774276832721128	3.1719848760364315	2.6912892237939365	3.4182824275661883	3.041505088728156	3.112527797828845
91	CAMP~J3KNB4	4.8720298438952385	5.128378753490321	4.521785044151419	4.003546906098429	4.047263894648935	4.314993211025185	3.880840244840021	4.697420249459244	4.774377183217273	4.659264599302105	4.657665285073236	4.395241765464728	4.748414506199028	5.183045147610069	4.634869420118941	6.13198801708534	5.875782061252454	4.979384547225775	5.072052931104134	5.108798326862094	4.2384029898846025	3.9260396800381656	4.457985990171397	4.860431361897626	4.1363523756002545	4.26738393386013	4.265898855045708	4.472228491291405	5.330992762128303	4.974099360063735	4.683097096763566	5.191685934404082	4.611609873595797	4.767802668464007	4.663722913136179	4.151600202230884	5.37929916817787	4.944281505118324	4.358366284613049	5.703256212555775	5.06861462064549	4.9030484823513945	5.515676019899977	4.826206893854978	4.941639057818109	4.969166125167702	3.9481576844031547	4.362722944753187	4.787709104071188	5.837653435247722	5.250689190893001
92	CAP1~Q01518	3.072959667987919	3.3523616557096707	4.067741741307356	4.1930753143765305	3.4541563146484076	1.1817952020570417	6.576272122392248	2.188402763510874	3.264252732309716	3.369073712674188	3.9663100540060987	3.571781917772452	1.9111720618841728	1.793571559479322	2.816045072210093	2.407582082880137	0.3980319148603926	3.239336306559638	-0.053254345992727825	3.2819255004202272	5.940657352046246	3.064511550154557	2.9680262741437846	3.482209845599258	2.085330623902757	3.904116395206725	3.2551911239539475	0.9167010845566301	0.6988965995876075	2.4790477653792826	0.9465203051666493	0.8207907239475792	-0.29630790866693446	3.670562032468756	2.899483421692132	2.799035520575377	3.4737573928355765	3.109622972692733	1.2903182876515338	0.4179549847457763	4.29637475530557	1.0821006264733608	2.7629700682347123	3.362744879604694	2.607096497177996	3.326418103004598	3.5812459882225625	2.8589249066097864	3.587710915598964	3.0504628107838228	3.4857694987562953
93	CAT~P04040	4.201587320418141	4.14753288132777	4.491193265876104	4.464700041071417	4.191697077643591	4.716488968266879	4.66790641852794	4.582040539516416	3.7172064752250797	4.690961671785055	3.4541235492536835	3.3274010579704854	4.319470779000879	4.038132472873996	5.7441994548923025	3.930996878326769	4.213258660199187	4.474372139489758	4.506514733371581	3.37038423656811	5.141645200528461	4.028639939868078	4.518659758291476	4.7125471511721715	3.748907761890315	4.081626789741013	3.7873979472058483	5.4797934599036875	4.395579240941969	4.829616194136732	4.82874431423516	4.330098307616398	3.5899789874341423	4.563453139822347	6.5232917834040824	6.220712057106059	4.266800263505051	4.862706778505137	4.644102502937332	4.323476208519298	3.6303476779324657	4.57280903376338	4.378459842317141	5.035990446282611	4.352872401343278	3.8609476206940285	4.712972979471894	5.491825089638599	3.628015602457133	4.005650417294072	4.405421446044371
94	CAVIN2~O95810	1.9688128412963957	2.0488887617659173	1.96418299457519	2.590973367138958	2.09993156915064	0.21212021872468845	6.27136000828813	2.3498253836685965	1.6756441772974664	2.0577285246402255	2.426227253997634	2.782086685489502	0.2784825928038407	0.39883933307600394	1.5896623135709156	0.9624335977592364	2.86267052230473	3.1684177992715146	-0.7033826374345975	2.484944187698723	5.3691285746366955	2.0007888407006194	1.349633406297753	2.500373877912873	1.6355837856564095	2.7459907133448924	2.0631164051911157	1.625995684172172	1.8102223693958477	1.0338547281345316	0.9922606105928891	0.5155200483522572	2.3727681032564805	1.8083786908439485	1.3485003003756624	2.323274572061328	2.2527529075048904	1.1019729467665083	1.4034684852728203	0.9088865977898816	1.7087561724398557	1.3828899821651168	2.0476644592681317	1.0673364829414635	2.1106462682921276	1.806250075662262	2.222160914114563	1.3213578253097777	1.4357586312357469	2.0191576832965903	1.504909524602784
95	CCDC126~C9J0J0	3.3444302873131107	3.859715719297868	3.8920474736973665	3.928998103259671	4.1768145835354185	3.292954591967348	1.4637130666609575	3.749458138083691	2.6232894238748914	3.632889283133144	3.932927218607287	3.1908665198928654	3.194280737280933	3.674882424981819	2.376175080924471	3.389693826518219	3.5671945863696557	2.941639057818109	4.321006523943359	1.964931961256086	3.2698432156032577	3.5847348923930227	3.3257015457908055	3.60114293328189	3.2050352245395035	2.9875313625419184	2.667143384533545	0.5526910545438113	2.8313142031359146	3.141751831959233	3.3695519535842537	2.455669114618268	3.5458970204561298	2.7160251247068667	3.5981305546507647	3.0520416140106232	3.1950406765302906	3.8883589318701186	2.5515552570080335	3.456199354562087	3.621694414446988	3.085661929356793	3.622574803337873	3.423525023036109	3.4421479971643896	2.7889516673474275	3.0947399208243214	3.1562317050529467	3.4139114334795684	3.3374203274340557	3.4794682142522246
96	CD14~P08571	7.378137922705028	7.569993825071511	7.276275085275186	8.244567806586637	7.4941352199951154	7.406794341689566	6.484262009950724	7.038035489166641	7.277503370891574	7.032685435447406	7.496715076293994	8.631859238270792	7.588295112032724	7.812531343548463	7.2598607614930675	7.214980568453957	7.2680493500748575	7.323912235174039	7.2842108663061635	7.122680149403302	7.630537876049145	7.764698304052813	7.236596581569177	7.201047026760016	7.288608854276004	7.4429652564319815	7.828654937827522	7.442840508170835	7.561086762200455	7.396730979287188	7.501837306357626	7.300225185527148	6.881672344284295	7.324573787561088	7.56065714382585	7.174850574710335	7.301877391178815	7.409534277567657	7.385358200290822	7.321209441202358	7.652099319938292	7.605964022431387	7.471914307629635	7.524697252757874	7.322929236813938	7.398791567037203	7.463333657727967	7.125794808314502	7.459690757582513	7.028853374425508	7.058367353659911
97	CD163~C9JHR8	4.7524209726806665	4.16840050640952	3.981950632179695	5.252874728612162	4.359881703959187	4.541165757643771	3.041143427416743	3.6570523513755653	4.203318576287635	3.986262699207897	4.574123091967219	5.3121719704160855	3.2839857272473227	4.268311832205658	5.164974116994932	3.4745287249209014	4.312575560336676	4.422252929997654	3.936525529570698	4.3135628685285505	3.983842899904845	4.448923010113857	4.03381247522397	4.177943819302353	4.797492925081266	5.117169222048546	4.624737123045347	3.968733316335886	4.034709477671539	4.569031594258361	3.9539434848338084	3.478817256075777	3.7101694171106323	3.9111935530088853	3.4255288972815503	3.802290145326812	3.6236404064324383	3.5957774081457368	3.990043094581875	4.458176787973178	3.8738240700617945	3.967393650611248	3.3910754684476676	3.9538576312493854	3.431797508834654	5.025941806931529	4.240410243326619	3.521422162022719	4.1804628200596134	3.9740180246896086	3.5900236612757372
98	CD44~H0Y5E4	6.423461804077508	6.0852782628988304	6.606211128198305	6.3211313888909	6.4335420178	6.074134437930131	4.08789592971968	5.961024017151502	6.148444618204537	6.59428667023851	6.331814241590458	6.719191806362275	6.092968393224509	6.297459694353312	6.5626677283087345	6.024236926278899	6.186105774132145	5.675377992035729	6.182191251575175	6.112993185279616	5.7422445627293826	6.313654477289807	5.663220067601837	6.072803188621068	6.9098366981024615	6.1572030482851945	6.2391056568766725	6.38770143518088	6.352385365205017	6.178143111779969	6.165070141562697	6.524055506697765	6.22992247931054	5.820192599205178	6.273006870704567	5.7079707537567765	6.098088642803039	6.188598352912331	6.263866046170768	6.348619701904591	6.406452602688021	6.275981947785262	6.171357173354513	5.803344220358251	6.134004784861733	6.017099962024878	6.195194358899348	6.013010463593794	6.33568706719902	6.569902763392822	6.165787669172093
99	CD5L~O43866	10.673560978557985	11.591223510312417	10.302833008472552	11.663196500901172	11.056081992707858	11.84463039607324	10.129616172748827	10.854939510262486	10.574938084838147	9.055499412151569	10.526528491048449	9.61867271707748	10.843411123010545	11.490184832966259	11.250041459156648	12.042730119136536	12.076813477203858	11.268181453960812	10.403369532476187	11.367035417795384	11.75348180848382	12.695703965626803	9.879168994576531	10.526810592310948	10.730804904731407	12.088889793661528	12.02221675672719	11.856967341051332	12.12770360750286	10.542706475392306	10.360062745213634	9.600887246890181	9.777135495048274	10.793189514913003	10.926276175456204	11.80117568745729	11.572583894222719	11.012704834714192	11.12734214078889	12.305841047887327	10.95877969393238	10.979387774692334	9.655677237683848	10.915867164099064	10.882178633122534	11.76273827069851	10.720066258006733	11.68940747620936	12.879762713848281	11.128230217008163	10.656414388281567
100	CD93~Q9NPY3	-0.3573898928192769	2.218225165440355	3.3386720567067436	3.2096861276932467	-2.2425434751729436	0.4273043057575117	1.7342689787478203	2.704440461933522	0.34444884477446247	2.8771311407631712	3.014104265014252	5.205839923073486	2.710554855738414	3.264954231427895	2.0470794677313284	-0.8952437354693348	1.8853900830374988	0.10325821129798518	0.19270042919291297	-0.7494343573993225	1.0132900935557598	2.785504152842621	2.5624058294237693	2.21017339348506	-0.2372421892350265	-0.4467015084726942	-0.17106671863536516	1.411347928132572	2.0962642740057924	-0.15665375394220726	3.936067894144179	3.8010268437531054	3.6023811520897824	2.2355437577749306	3.217964056154118	3.596875490179697	2.8345794511161793	3.236773923550319	3.725615162466154	2.354358084549296	1.0268319124592866	3.2251931656174895	0.9862858783711973	0.33208295446574754	1.1969250506873705	2.0190283554523685	-0.4983552703429912	1.868866157880015	1.7681518086447268	0.07673170220147008	3.9360545907076383
101	CDH13~P55290	4.681521104285455	4.5201671251156466	5.238957164828381	4.484833586190705	4.842422282075463	4.145286937599965	3.540240039870503	4.978204991793142	4.336608844495241	5.196153639793928	4.599139315751156	4.618133526109345	4.044895179358647	4.797123002944008	4.21945673921019	4.696257075417736	4.720240395757987	4.334027992417103	4.7318965569838936	4.498018559620833	4.832735136983317	4.789279406949245	4.859724438383328	4.647738704357898	4.343885919227416	4.586925893907368	4.246560563465006	4.963685638309948	4.36869175167818	5.2656010262676896	4.841190484926063	5.450792915212606	4.829110670587099	5.335135163116956	5.137343289560531	4.49966599531791	5.052481153871883	5.202431161755893	5.382286277529504	4.883807350871173	5.2124180128976985	5.168931440478161	4.7352608928817	4.937947029983803	4.274098141373844	4.559373355911178	5.098019067455654	4.234259762731005	5.286933339349553	4.132733007799636	4.477132111803744
102	CDH1~P12830	4.79059121212289	3.9624735789239054	4.490147855528975	4.215147549747754	4.212877498847285	4.2164761919459925	4.404234522116672	4.483238753289309	4.174632541915651	4.705636394654598	4.316753706149433	6.387965897040613	4.907492180132554	4.496702278069413	4.090246031058641	3.821871860913141	4.656307888169283	4.016803187960326	4.045089387099766	4.657128586984447	4.219073666026415	4.7933908699704	4.562547905861699	4.359457487988549	4.70162638651922	4.792581210293094	4.617533827395395	4.382760818826034	4.5442880062227164	4.357535762652898	4.502777064423346	4.390902606014988	4.189511356257447	4.19272203812591	4.447386088882585	4.127712107807738	4.229394602756102	4.0851043069727515	4.322361013448381	4.130870123332907	4.629470242284292	4.944088079519146	4.142712718189532	4.296878268484163	4.029664845520538	4.50127340055158	4.33803830040946	4.272018038830195	4.697281838152612	3.9492689799136733	4.659357596549112
103	CDH5~P33151	7.070460510573446	7.354943162076311	7.141636937822505	7.136680461473832	6.957735474112138	6.847522404834811	6.31733504588672	7.692240779840428	6.635167767743757	7.446432127439365	7.085795143272794	8.055601020812578	6.800561953765466	7.471243803842715	6.877313718990224	6.539789971406559	7.028954517216654	6.555407110636096	6.758989680354822	6.654728887635811	7.074912514942146	7.669602227982182	7.02808142138667	6.868635790496894	6.576635768279037	7.171360075065498	6.961270481830508	6.837174979689016	6.6716845608027455	7.19773922884111	7.236523303044447	7.146051671999078	6.899811326404349	7.18890134339042	7.026365052809241	6.598102832724802	7.076532977670185	7.372914996992045	7.763175989155438	7.023955148977878	7.360810790283187	7.473861169056475	7.069896816555833	7.380345459215548	6.685365195447036	7.009422533037288	7.285105849086155	6.651806861837339	7.469344833521269	6.42433136669652	7.202331612962685
104	CDHR2~Q9BYE9	3.1819850891351935	-2.146178955682298	3.3370091968153637	3.3474265934498915	3.5908169342589438	5.1479975138410445	4.236375128918436	3.179124275128581	2.955986481784379	0.962039937622123	3.4261312579920298	4.174496311830319	4.302208972274089	4.684009003266087	3.6503682259824703	3.7839049615796947	3.747482704858974	4.268944135194548	1.3326219482367325	4.498472473743139	3.6528961643855156	4.0433831326147125	3.2042354510296276	3.8184895362325353	3.410995366141673	3.620110731498078	3.7017084449902753	2.203367418856752	5.159862100198062	1.0309957592130428	-0.7186054426522268	1.4134334882597606	-0.4905152024214845	0.6911240713654735	1.739968760464564	1.2088469971195517	3.115875685877269	-0.007525330723994639	0.5864944178218151	3.358387480887501	2.0428679257075157	3.333516011109583	0.3903866881016056	0.6715229712772888	0.23717268249125467	2.0767974604690433	0.25497572427472304	0.5014024433316215	3.1301909568232493	2.53481224155293	4.1647301919918585
105	CEACAM1~P13688	3.824207989423214	5.331919728852886	4.910887068445862	5.529077933123921	5.136844398226234	6.381728818678969	6.720826964209343	4.56593449665446	3.8750935924622305	5.111804129159433	4.977957386976656	6.050622230142168	5.638165978260287	6.969683111433088	4.070470010067501	3.5235491545089874	4.332919288676791	4.948659976233877	4.132889864983034	5.377760339747599	6.290963231327527	5.269386396959091	4.144413036721516	5.411076206932793	5.514954906609016	5.4281004570234	6.109645447737503	4.7261426815430605	6.434841096629778	4.6630724707220015	3.5312858541501053	0.30353704352369115	3.468850346083285	1.185482718744488	6.476108853092916	4.412437015069633	-0.2329117254095292	1.9669601675487316	0.12079650814925469	5.526285144844607	4.042756165210478	4.447473744472594	3.1200390340469775	1.248334002581807	0.7277398335718072	1.0780564956178829	-0.27647705884328233	4.299093262630944	4.939440579129161	4.073220265750549	5.135437502846342
106	CETP~P11597	4.95335528094715	4.951836777173636	4.854457527672129	5.011516136021332	4.933363157188883	5.161623831099574	4.604588292347671	5.03376073067876	4.868484232775909	4.640542174379545	5.349708177266319	5.138077393878647	5.43094544849727	5.693556719287155	5.267676680520331	5.612614318368777	4.588742195427147	5.209294351933043	5.36102626354191	5.43181931069058	5.355862128890865	5.806848811197043	4.922393853555308	5.455278550843336	4.8151060079383825	4.732442384047202	4.257376044409746	5.249214889800312	5.655992815680055	6.064396422383809	5.1011577043282195	5.7105663111602745	5.574162137125722	5.190807003836736	5.499033946144671	4.950407454913216	4.64691835646951	4.724295884627193	4.686590182459716	4.995925658629757	5.459495907446719	5.130549039806233	5.290998514236909	5.356158154581937	4.49101755379644	5.0744498677479735	4.9590675911095285	5.097334543539392	4.912189932365994	4.98525591279445	5.3983924723372425
107	CFD~A0A8Q3WKW0	6.5466850194805115	6.55372994156414	6.300279796056976	6.0118078586628005	6.773772762528007	7.10966345940008	5.347347378281126	6.813138147733557	6.067274654565625	6.504415562436749	6.597268198801168	8.906128717708395	7.271965908799415	6.375311130061233	6.123783412035964	6.2252181771266795	6.745074993946107	6.392166725347691	6.321359339354665	6.2333992295831155	6.344976481155623	6.6986114164605	6.119170219550911	5.930734721168711	5.751325947851612	6.210758578876124	6.664890042150266	6.081752251376	6.149779364680221	6.150434188857374	6.243575116115232	6.2099105253351	5.7501492130420475	6.25740007251821	6.075648721110228	6.229655705048201	6.058997810472318	6.5509199500543795	6.496813923518074	6.345928203381498	6.4983185875316245	6.682827783507287	5.801093371285404	6.28189692633888	6.222464603106159	6.1050606290838525	6.211248602342275	6.02996067034474	6.783848125180931	6.312293447070064	6.208188208681388
108	CFHR1~Q03591	9.067384957132843	8.466591689469094	9.033578265946279	9.08442238556433	8.697987650032049	9.053903018497303	8.700078032980995	9.034949042997257	8.637225836481344	8.259751307855248	9.000266032631199	9.670617785266144	9.029870210991291	7.984212605499954	7.483821434425502	9.246964233909592	8.453722646455374	8.769185806015317	8.950292820079902	9.263290837838886	6.903747366988038	9.09737827020325	8.235263702880589	8.955928500142711	8.906941593295887	8.937435246421613	8.413336491379036	8.856484990726326	8.71794453748693	8.192274300199113	8.329730654586752	9.077503241450476	8.61812568265945	9.122880589999692	8.879782154466952	8.365024285182082	8.703017154182792	9.061088828266044	8.636658802338745	8.842221804074361	9.06622126708774	9.319218682974276	8.472986019865544	8.095401691155022	9.277832231406443	9.216597710803613	9.086079194642942	8.925931692008989	8.901861230106721	9.051106856441477	9.36392659475927
109	CFHR2~A0A3B3IQ51	8.001336202169028	8.378985503144806	5.532073717009442	8.44035544242201	7.443575684149479	7.8864368329363055	7.439392887515596	7.896457505126666	7.6092066990350125	7.520406829206468	7.977087726910589	9.39693135815248	9.248619333315165	6.930725879525696	8.126215124755705	8.640235556887388	8.05425122631184	7.425196819227753	6.834143386016102	8.589516514758577	7.031119294914827	7.870386639120217	7.784125593445938	6.619475808507224	8.258861581282284	8.245647866472929	7.752309281858052	7.965435720403769	5.536543074262155	7.832397902965447	8.229182312301996	8.002161577636864	8.843488663661484	7.763772406187158	7.319957617270775	8.06730649873217	8.54651040370275	7.596232531639569	8.432302691766452	7.914986336634493	7.689710964210012	8.47569125788514	7.363834782140784	7.610534668190734	8.318511779766238	7.048173533374601	7.521014604511507	7.462677748097962	6.585351816908832	8.49521154442304	8.717893720873901
110	CFHR4~Q92496	3.1524013674833857	5.964512384381471	5.359237489931004	6.985918874630175	5.760969728312416	3.8847937587923247	4.724378017023239	5.5291238180603015	5.940154685877424	4.2952091119064555	3.7991300124900556	6.251485011097131	5.847662992262532	5.4261943600857565	5.512614492078115	6.708699453895907	5.311866225064182	4.952880653648636	5.492133866991738	6.207359049785423	5.942653829726976	4.470317410641476	4.708490659932067	4.157624336285406	5.42591735591932	4.673875795463815	4.871815206245645	5.901122660936481	5.996942264041276	6.010452640293139	5.769920147095808	5.790854960940129	5.432541518093922	5.837010067771066	5.91935691641033	6.23390268330529	5.542343740345775	6.164731726240257	4.915131901741118	5.906031894438015	6.339890225031802	6.235748979974073	6.831441495028366	5.685635853256964	5.968495242488235	6.873084055462476	6.210303174406269	5.920114296288214	4.472881808919099	5.5187244623496605	6.616432628777983
111	CFHR5~Q9BXR6	5.14157894164892	5.726076765202383	4.559684929648569	5.364621080859263	4.608297015613105	4.564960834525733	5.002587221521752	4.843320541817966	5.81453054129918	5.192424063307659	4.970412339034307	5.218318745203764	6.355673839461643	4.230114573159292	4.87982785758187	5.349878759338633	5.681876214546194	5.044114583990114	5.909808412903487	5.228181617840967	5.264931044459392	5.35697402715098	5.623900908882007	4.429185660894643	4.5033237607652	4.527011121661402	5.249247880639502	5.351657737297216	5.301705502581206	4.9165536723856125	5.729634122890439	5.0874753048803765	6.185800835102765	5.664175226637844	4.8042079442405665	5.279958934058102	5.890843802671391	5.29961511103589	5.287808743851378	4.443084427758904	5.431478603101107	5.523574159296106	6.244921675840618	5.433435555023415	5.405367297744217	4.744018122132127	5.40001034670393	5.3344757092062	5.04448267207112	5.441294050166413	5.466893595576569
112	CFH~P08603	9.742122210429216	9.585809094848626	9.729068037382095	9.833649193215576	10.403421545304802	10.022243514489281	9.304537795656527	9.893769600739596	9.972007961168837	9.848508808078584	9.845716392266906	9.53128114559118	10.39881674322298	9.795777598779228	9.660695048242175	10.387911221029068	10.042866855779028	9.670068483045167	10.438928242746323	10.19678145217379	9.96794301303222	10.105250102405781	10.270369904020248	9.952341878396133	10.078141521596192	9.629412431713241	10.068353517596979	9.811687091196843	9.890527954339246	9.936503513908109	9.70193122712016	9.836776963958796	10.253771615684286	9.808954456428772	9.640997732415848	9.44215812398908	9.795004366997542	9.830935450585386	10.098270840400453	9.796016629133597	9.90755755065595	10.065828451466361	9.956089584054657	9.827360053459447	9.77737954031089	9.357604219283866	9.862899229192873	9.64362909976932	9.576962544643019	10.093134309414143	10.202795218661793
113	CFI~E7ETH0	10.80228629908641	10.3432105252214	9.55767438744263	10.291005261467909	10.646735688436676	10.498680632291752	9.389068044136264	10.365217366658339	10.801886036788499	10.168205679580232	10.64856154822995	10.231378382031119	10.5946036649508	10.077798870170923	10.1949789285637	10.335974044755904	10.59881809245918	10.55791600143837	10.733466184484191	10.419963134440037	10.193175353474116	10.306349474368604	10.187326094441442	10.56808414990096	10.217872080020726	10.395946961410704	10.525183961937303	10.110172793500908	10.222733299813981	9.326128257799047	10.057090404479515	10.368477020691547	10.446352612689909	9.988521914292663	10.070656384039735	9.932531967872185	10.080303415285263	10.156691847807606	10.224404050580988	10.552178907202698	10.057505272530042	10.005778380477233	10.52469282954932	10.051938758936267	10.09865941959889	10.247222320873894	10.086986067036424	10.296726784947518	10.574546525348737	10.609711142220911	10.47465237207815
114	CFL1~P23528	3.554322554048082	3.7510884909176423	4.100187661485403	4.051794417676202	2.918636623096342	2.790034725880338	7.6791808958513	0.946105532437311	3.570788690766836	3.9399311228531424	3.727339464567436	3.622306910903774	2.315148755432209	0.17033977079451035	3.2972217775701904	2.6573923812714275	-0.06158192831111575	3.694151790579208	2.3027873581101206	3.600081680263986	6.109298719255598	3.643446895564219	2.973369366402764	3.5119950865278815	2.372343275720158	3.869632057996654	3.484798069018992	1.6842851803927656	3.249933282752967	1.5313702080343765	-3.056572601248763	0.7819178143541061	2.8460592341257223	3.560367822576475	3.9393781620445765	4.141704441185216	3.1712780613011597	3.165762525702309	3.2889460324721513	4.531091682482937	3.3344838928635276	2.8833572010586366	2.8780098322324306	3.308638164302933	3.044237512837831	2.842668764686693	3.8666236457122367	2.6144831742347177	3.2588656058289134	3.363727058577271	3.695805685796378
115	CFP~P27918	7.527386919760671	7.39391371763855	7.6418476859865025	7.982121722266625	7.793138204079607	7.66255505646232	6.972033562354809	7.880974354344506	8.0539989414059	7.99120462248427	7.705358177705276	7.421575245578635	7.906821250537136	7.670692659179858	7.908925251318233	8.206296738381823	7.958433769746316	8.057288927941803	7.983780722324807	7.3989050520696855	7.618821006870302	7.7156166388441765	8.052708169374474	7.770194558918309	7.508905666231263	7.511978925611215	7.6483658114364035	7.351732672972298	7.701345808573558	7.63372052684064	7.880517060695878	7.92758357680871	7.494862052835968	7.864025142194647	7.715202170851824	7.174375918833009	7.732029202014975	7.448582537694508	7.830449345468198	7.589405188350246	7.9024652830526225	7.592421906042271	7.637707203706999	7.684142164480998	7.416948894592327	7.458685083354374	8.002624302738587	7.8096341021060605	7.740046295485854	8.212670777961723	7.75996343943877
116	CHAMP1~Q96JM3	6.13876238767916	7.701579433439036	1.7454564695734491	7.072728621948946	6.171181838092003	7.463071554232986	2.374211990786095	0.9291022873638753	5.787152102766117	6.203631036193788	5.850597385102676	6.205902997240141	5.96000025230081	8.183150126020482	0.4086209014363702	3.780810565355372	5.171849159046003	7.154037915170351	3.957537821994101	1.0837244217618662	6.89200910670926	7.443240145304649	7.581383577820737	7.068909452829605	5.688778969897547	6.423449493369811	-0.08973397255485005	7.053366958770375	7.134876396542181	8.268442198669115	7.337729687228562	6.726096415656881	4.6847145962934675	7.139158173321223	7.246198395979486	7.28932253711089	6.2520210426787095	5.613269918793735	7.208404503841358	6.793060092982495	7.193791832334108	6.610700916303748	5.932733706133266	6.496884977202942	5.190919102922322	7.016114729452753	7.19753107712529	6.038826411265271	6.903556152106808	6.773119683510171	5.544819553039497
117	CHGA~P10645	3.238097680033162	-0.9756462478550829	3.298106070067841	1.7652305478014414	4.219037613795283	-0.835171871534613	0.2646849740225743	-0.3439630644268761	2.685926879395602	2.610056767141921	3.618155609388856	6.21019628810391	2.4901723440040313	2.312245938034478	-1.3543343525629092	-0.2846392826360432	1.8722674680370546	3.079521079657014	2.532215052376885	1.4306943942086012	2.8280162631230286	2.501488808945224	0.30610947785648474	1.0021799800278481	5.132579428094452	3.598384571757846	2.866345091134949	0.10796552889142663	2.9167936408331836	2.4741946141850026	2.94484759969206	2.8923358588546173	-0.1804130640130599	2.7748029416011106	2.163940297721757	1.9915026433584808	1.711969071699063	2.438035279125824	1.5926360723486848	2.1824569454433096	2.2605480324637903	2.5275326061876857	0.9443212414708644	0.8326957930438517	2.4754525424284965	1.5406025947556217	2.0877926864985987	2.550423880486332	0.3296069872869873	-1.4885425838141195	2.8240472229417652
118	CHL1~A0A087X0M8	4.050818158972454	4.276868988961699	4.7456962735091155	4.061061297665574	4.0315287415223295	4.324648907324673	4.383818179627424	4.81754640239439	3.8732890220327367	4.587168840689592	4.417153826625447	4.73806730701785	4.0727487357071945	4.108984280055169	4.169782057668985	4.101724383508501	4.909499436511122	4.336375254325415	4.708132882689396	4.735032039554279	4.561713414165174	5.133108495443461	4.522114542076559	4.436626915256815	4.487930661521913	4.277724132812521	4.114021245166201	4.5560396262829945	4.737671307125944	4.339539466467639	4.556834265295712	4.601932043786354	4.3224165804938375	5.275932517572698	4.645779681738317	4.290383962203899	4.944105152785107	4.758870874355516	4.458697597603214	4.572604825471321	4.5687987916678505	4.913038492426387	4.475029436656347	4.658944398995319	4.210722615474456	5.03098362852792	4.737967182937414	4.984168527516653	4.4896663276725395	4.474419055010811	4.699204830611877
119	CIAO3~H3BSH2	2.56617426673164	1.8435164584301824	1.291943943479122	0.7346669355997698	3.084914763545327	2.6129080821902013	2.2279239984490835	0.20176737334873374	0.6759623835686894	1.4926948777598767	1.6583439952582117	1.2051872122053666	1.3005697140198567	1.399157877092585	1.8168217567646003	1.8536670624773537	2.6208218760331783	0.9700846229634327	0.4101212202682953	0.6719731514655651	0.5888698601722239	0.8221391914000636	1.563125657694006	0.4949898891103803	1.2978437527335798	1.4782169940120216	2.7653350708045865	1.419284493499137	2.65858338050086	0.24530818441099222	0.44019475878129766	1.2667322199570832	-0.78492358318434	0.67607844180595	1.8850948482591725	1.9826605452180746	-0.9648166512587961	2.274467307630863	1.7930410360120959	2.002846255095998	-0.7516877072573029	2.1726499947143867	3.1726567084382937	-0.3189895775698597	0.3373485009372909	1.353822698875021	2.030282017411836	0.5668999941564691	2.865523074676054	2.8424440548032495	2.085752646094867
120	CLEC3B~E9PHK0	9.2825298086917	8.852856547804565	9.444608117920591	9.426186680465268	9.625201155007446	8.789158093255228	7.820229320491614	9.314132907074464	8.928039753133087	9.349925180082213	9.572427189316835	8.553046125817062	8.791857323218847	9.052567719146424	9.102293083139774	9.233503532943416	9.442146731306305	8.927377318957777	9.202258815427937	9.080580580532148	8.904085608167494	9.007587664374295	9.536948165719137	9.177576933628243	9.212993979622047	8.934587943817393	8.584999992451886	9.394459161934126	9.187313255928494	9.703482557879427	9.579765006332078	9.60706431761913	9.299885464400967	9.587286635687784	9.627389604904637	9.237478988919499	9.372918715626684	9.844964208647728	10.017690099226511	9.373057360734451	9.891726976069638	10.007684150552713	9.415818862804272	9.504009235130649	9.28983977165903	9.331484065801408	9.672255588480745	9.214329349389235	9.520094090791178	9.35082833302102	9.447297923427778
121	CLTC~A0A087WVQ6	-0.17978814989728886	3.0492677672155972	1.9896512686243182	-0.24483746640904758	1.5931094329052253	1.2175917111141301	3.392734575995011	1.4100760675076678	0.08924590481917882	0.7104797072359481	3.2540701657552407	1.606196514510856	2.5450182410182065	0.5018299341002922	1.0114083031312873	0.15449151654316728	0.0774298163137922	0.9578705714182818	1.9606116168632945	-0.8234846671289096	2.3281326633635553	0.35579899729416853	2.178463351024396	0.3941391203187541	2.089393597353218	2.3251366099888164	3.1400892626274604	0.19347521581292104	2.5767074947666972	0.5489693355351162	1.5522940620423031	2.328460045884435	-0.11529242273004969	1.2123684178965077	1.1823493400175897	0.5406654819362087	2.4937532683432098	-0.3236085138509699	2.238956874733644	0.4271360960509379	1.6923001477482318	0.6862256352240901	2.1022028098797136	0.09827899646004357	-0.669525530755481	1.2762505174138679	0.3833325709810467	1.1181575495481033	0.4730013077166707	0.10500686691884065	2.377961908164309
122	CLU~P10909	12.468549346382396	12.387381702836878	12.56649227234047	12.58938072739278	12.462981846764057	12.572173765512908	11.902947405230258	12.414996910802293	12.487893871532242	12.29658788772736	12.356302315777155	12.190373743366498	12.63928351309751	12.327961819638476	12.321294646929335	12.322672793910089	12.477145331922273	12.565907427083342	12.504780807689334	12.128616159817435	12.073920409503502	11.964829451287393	12.307847004251432	12.368809493812819	12.485814202933254	12.374842222146889	12.363187384124537	12.531446310462684	12.585091138008886	12.73928958032112	12.490276048088392	12.805346634777337	12.934032840851579	12.604784743995882	12.38764227952214	12.609562927494272	12.582139569187795	12.308753968397065	12.612871083837504	12.43999354538771	12.481526250208788	12.409212483996228	12.59267157011897	12.60800772752382	12.44953784939869	12.50431905339181	12.27177588886124	12.350387821501926	12.403831990763525	12.343733193724036	12.608473222751444
123	CNDP1~Q96KN2	7.182157145852328	7.188026903887729	8.419703702557037	7.377052287326752	8.179029789128304	6.924048250947809	5.513405936070797	7.604725030953367	7.876217059622136	7.059226443984691	7.807347649630038	5.3286434298193175	7.53002596506099	7.582219063726946	7.018444878260455	7.3312069932886095	7.553620623126934	7.635192239699501	7.201058097929684	5.646176886042125	6.367965773718123	7.005167583839342	7.919170124018085	8.002167416280614	7.366383451277692	6.100588075674405	6.601649183358987	7.333521449320206	7.340292248993381	7.6822460281442755	7.50297355916561	7.808178925834225	7.772879143940892	7.460965013773792	8.09575547687961	7.538096077400688	7.057157518714832	7.163427793837615	6.810977043152759	7.45510418027468	8.256888633454443	8.118650113078994	8.06508179055535	7.601539015975658	7.395514654688657	7.611110935611355	7.8804040225628755	7.443992564332976	7.714602725630491	8.20834362293585	8.33625020334516
124	CNN2~B4DDF4	0.6727530545648849	1.468042604790312	4.738260111367232	4.863887652280327	3.651448979711852	-1.2145398078473344	6.1775445434652285	1.5172177714123072	5.31966509305667	4.00339592509395	0.41220700300105007	5.289546985648792	4.375746616420189	3.2238899169653616	4.284369459493778	3.43976305015094	4.420843800602173	0.4354100749915427	4.350826579873735	3.626850432713248	5.651134924958346	3.739314820857794	4.191810613313066	0.05987550529011243	-0.08633086474706353	4.6534649446909855	0.37305728562477225	1.6822153158458868	4.984178699478483	4.078326092749358	4.362535147374499	0.9621698229595291	4.481201271807332	-0.39697984418923604	1.7670593405469164	4.695435615064897	1.7081411176494647	4.866955426185726	1.1272391326186466	2.086780047364321	0.2510742366504749	1.0817114762605566	1.1688624805016943	2.4714375296248576	0.1061513937659252	1.901465448558648	4.251462617947835	4.002704127123894	4.056055193539017	0.02285944282607555	3.7671190907698424
125	CNOT6L~H0Y9Z5	6.7000926418649405	5.99674258558921	5.95725218809869	5.543679812308274	1.4089020710405271	5.190828701113736	1.0927543518740612	6.580181610681213	5.3842010329002585	6.082304997707379	5.53548825967415	6.17035023275454	0.6424730581698332	6.610717021979738	6.6001328497309775	-1.9271821332710029	6.036647019817554	5.9034272516225075	0.9600590452722255	6.407210832051496	5.2616863494750366	5.9191332901415965	6.268873908850525	6.774642404730961	6.126777088920918	6.08877109657204	6.4298555676116536	7.08261702225716	5.972920906219235	7.106142291146593	6.64883349490463	6.844820676790979	7.17716173702297	6.669861481369565	6.253170289678936	5.971927472289201	5.754776511756826	6.684826830076536	6.2861015512865395	5.529727694670592	5.985669203163839	5.971199712123438	5.691013019811853	6.083198984542714	6.706447536870861	5.967274288100455	5.705459852288246	5.866169327878936	5.653813910153343	4.802012597962685	6.949051635370299
126	CNTN1~Q12860	2.6118739076760704	3.1852201086038963	2.551032525291734	1.324393926165313	2.8297411201032823	2.46573316433955	0.754990465906924	2.523333784334398	2.482444245095445	2.588243406575737	3.141255242766273	2.717177392630453	3.0862097779328517	3.6469454855877603	3.638314487834392	3.207431888326856	2.933296423891598	2.6641982347174302	2.563376910665525	0.2703578823940348	2.5917337090224826	3.2988217821049584	3.520432727814703	3.6764284490837693	3.0048902842060197	3.3820380607379796	2.101651617365905	3.992720385448684	2.8764535267515305	4.2190950900812645	3.0225400182394457	3.3227718013983982	3.5354219299178506	3.6826157469703875	3.2839918010958606	1.9368824958542543	1.8993387538734972	4.063032775400919	3.735370605620972	2.9264071227558706	3.0229651094698746	2.953660601485039	2.6358673248064965	3.723379828009172	3.284530859236689	3.8552677140496754	2.677194548368435	3.363577087568262	3.2862282046603966	2.121116894830604	3.1068418145958825
127	COL18A1~P39060	4.354879151359969	4.53695990065075	4.699947181598	4.321019878263103	4.887972374938582	5.16254791391426	5.976539214308569	5.057614672033244	4.720776144671518	4.7289241206088715	4.551834970948432	6.3278775548582615	4.632855788288719	4.663075403257369	4.66541225851819	4.640488336226074	4.804284173800329	5.063976950651451	4.775647551753852	4.570506258422119	3.953376419238428	4.847315465036875	4.665149492891438	4.618163666970011	4.845299475598575	4.187789563763645	4.956570512423474	4.139355244696223	4.727693549419555	4.54123312387149	4.924644536845451	4.752395756221424	4.470178990052701	4.458455427614282	4.868705865253607	4.701926363710555	4.593941462032076	4.745195762259672	4.814871488510073	4.682536881570811	4.1862963849807135	5.425356144269651	4.724447862314819	4.71957912443247	5.151179938871063	4.071516045718525	4.932333625985488	4.624227753942848	4.857410991338547	4.6865726579093145	4.783514053708289
128	COL6A1~P12109	2.502581635449408	-0.7902790372043962	2.836975504156577	2.3133329907234548	1.384727899543778	1.6570491884378038	4.607837783214768	0.41480706475042256	1.9048382778146185	2.733459253974706	2.633489396691976	3.687087406291641	-0.3815347599942649	3.3117272536744826	2.6348209078807243	3.214168351888919	2.9723722092633365	2.447203445450932	2.4562871030782913	0.7221241537256093	1.7832734423614032	2.666500333936241	2.98386020479658	1.5624635933355995	2.516854918731355	3.5366425497476808	2.5660752967037204	2.5402236009439014	2.188132426174344	1.4957091553574213	2.965935027147236	2.4501029529684386	2.9495758787778943	2.4399293958463235	2.463571019278905	2.6056866983450857	3.0990425952979526	2.4043721394597077	2.2607828874662914	3.964041678545158	0.7716986104316013	3.0724533786937185	2.1379961230332385	1.9624881413244977	2.2491879756622013	0.025985717773201467	1.9137944488471823	1.7317891687398361	2.1003875616268357	2.04030209719044	2.176660908737992
129	COL6A3~P12111	4.821745570536962	5.009124346188313	4.947955862854486	5.0194127408511235	5.0408000661107355	4.609331163531974	4.746297601115519	4.733140621470181	4.350503694733028	4.968882960221616	4.746646961515479	5.4857188978517035	4.588970087162389	4.852195918626852	4.858567656913458	4.685716153254388	4.816718652595754	4.85860521639193	4.837724068833988	4.905703197502345	4.704825640238383	5.119207905730444	4.67551410584594	4.5205855920728775	4.867440510705053	4.955488419771129	4.727840185106585	5.124264433746515	5.041984601393758	5.194529936872725	4.87355272225505	5.42518208973811	4.855195842664413	4.545302114700286	4.515895543145811	4.949688522602277	4.745555544708707	5.306545702711276	5.272709794036478	5.175244961227111	5.111369403401422	5.130804153098703	4.6961840473509096	5.001610406314516	4.885720108931559	4.623506230434871	4.8051882800534536	4.616213858929406	5.2277755941506845	4.705562047008114	4.976048723203335
130	COLEC10~Q9Y6Z7	5.049254470464131	4.264957952758507	4.3447266363380965	4.445341257179713	4.091207926303324	4.7109920940582155	3.403100726298496	4.901733558879246	4.525957075945262	4.820368015273967	4.484866644640967	6.036103166739809	4.774489491076141	4.70102328275851	5.182109244897962	4.664229490388679	4.315980386348603	4.926011258155396	4.875003384708632	4.05178728319341	4.84675002872907	4.649361225750417	4.773844582168877	4.861539324733471	5.318159646662994	5.444998295959496	4.415946614041282	4.846384968445305	4.779264983307466	4.809261882406209	4.6790797153216594	4.49675651738505	4.585529931865265	4.657684581550083	4.479643488463097	4.924341984269617	4.778763455185	4.594284164073958	4.682638034236762	4.497161602298178	4.80084935618737	4.904114189589941	3.782340694177382	3.9896211817320513	4.357774944022503	4.392484350947548	4.767189928744853	4.036774442633834	4.61339156006478	4.394085041815218	4.97589544878321
131	COLEC11~Q9BWP8	5.234807931363855	4.60554552963035	3.9543993909601003	4.502082503818777	4.855613806390471	4.408944764389591	3.8198259195042303	4.685434923294333	3.99478018207059	4.703264451599101	4.59629123211633	5.839138418188333	4.100199053008145	5.072522562420454	4.910806938199991	4.47088882913997	4.664556115048807	5.367498604477943	4.453933344621328	3.6874817301540537	4.678336863050061	4.6875344836232475	5.012332981331772	5.356576894269921	5.927461326700975	5.521182386909133	4.772995694899523	4.908260577869765	5.0587524637472505	5.087828612093937	4.929375088238011	5.025196180100877	4.346944881812928	5.122109001615579	4.920439272245333	4.983752806763408	4.7464157042374095	5.0214686933680355	4.9371374305374305	4.886731905838151	4.843790256203526	4.877888549045851	4.707793127966399	4.878209702644207	4.450984414991955	4.546413137199871	5.254438869144008	4.755080007972726	5.3101618967430415	4.49560218165969	4.836619614443914
132	COMP~G3XAP6	5.436581168930184	5.4837443229485245	5.2997312224863435	4.752962866897414	5.658034380835495	5.4766076572360065	5.165913533247516	5.657352580758596	4.985934938966745	5.320944569296617	5.10149180747147	6.710242791875189	5.38460196442735	5.244461977304544	5.517692092480612	5.284113837657242	5.45388249359029	5.640514262636843	6.087371222171465	5.247302447411298	5.50124824925142	5.342222549599632	6.012237146633154	5.311223907254935	5.054863119660799	6.0359221723183865	5.338551965013021	5.51925063026595	4.881224889050112	5.346131975224727	5.225181983861357	5.877836045985794	4.974746815193169	5.11453778051148	5.073921226466261	5.123808350830201	5.024457438669452	5.903143206983038	5.77230228945048	5.739146885717167	5.458862275004709	5.571224216036229	5.016124593613266	4.868767837135099	5.327165697881531	5.1692757546333095	5.082720961312729	4.481671222644555	6.237892645848227	5.433978611290837	5.328592347615115
133	CORO1C~Q9ULV4	1.0578355916091156	-0.03456177277092287	2.3568253669398995	3.2495035340669483	1.2629453160699537	1.4504757035733005	5.715726494271606	1.5115901190332286	1.6657578066925964	1.616368235354999	1.70628785360471	2.588613425826069	2.1767986082050177	0.134751708005449	-0.3228267028661467	0.9167262730455927	0.3339209714442197	0.337245970889352	0.06485358323387191	2.728507542272037	4.658085606393696	2.503105107087711	2.6139031955079974	2.0845540920536405	1.0681590811461628	1.3228499025117633	2.5428938291627805	2.142603664754164	2.1834602818300066	1.604870666683313	0.7896881480392842	2.3684973069299975	0.4932722558057393	2.4069605112451136	-0.6037346326082857	1.9829765204403687	1.0671886389735141	1.2859353802617717	2.083933164789439	2.0205818653817156	0.7819763874523282	-1.3851961721058705	3.2970011796648713	3.4754305241947305	2.785666977425247	1.3328914338599798	2.3754727459707436	1.9759242163019033	1.6034704858008648	1.4677530368939882	2.3216355762751237
134	CPB2~A0A087WSY5	7.5121905710383965	7.357663545736635	7.661611109515433	7.574085316503419	7.6799924463479865	7.357535494189127	7.349708852076909	7.647832776822415	7.444515864813021	7.247074951771432	7.482302058768653	7.579193806293796	7.717183251041992	7.18856017280498	7.252552399896514	7.074726853322878	7.541244942183595	7.555011501162843	7.6972301824080125	7.313082034721993	7.130618320722603	7.144679711941006	7.015957914256602	7.381213399946014	7.402272405154492	6.945087821158957	7.217506335547168	7.208017144328319	7.441853148818379	7.3166839738244125	7.331688384649301	7.407937035366839	7.285146921103354	7.375378615854236	7.453704438077597	7.5013995149522525	7.127722811824118	7.080883547109003	7.200530926205115	7.23211522715129	7.2625668812431385	7.507568194983885	7.523591267584959	7.199818197470591	7.504546978945678	7.30919946366424	7.248733832398928	7.46151616767624	7.046556519194351	7.751701671182257	7.5292260706686625
135	CPN1~P15169	8.097459932629548	8.005420157761154	7.885184799700717	7.9137245219280485	8.05011850450448	8.05345313945809	6.998112029529237	7.312173909690445	8.226944100513931	7.810746851822724	7.698939991037079	7.270298748853104	7.968860905638835	8.031443260418788	7.926067377257834	8.165566882272584	8.189571529009488	8.097362837414398	8.018141927096794	7.722097288242053	7.737497610381293	7.830722153090032	8.031197221574267	8.07030343228478	7.455616443591419	7.183696102640787	7.751506262313966	7.816564470777591	8.007548144236301	8.046954616634524	7.843824561116723	7.981413808738543	8.175331928062539	6.452386043292234	7.123379911886815	8.145913026930513	7.468761245778923	7.88063158451549	7.417759436079614	7.777655446373923	7.935196439697254	7.473981777861994	8.059063680448936	7.955415784293232	7.561402278251771	7.645074688088114	7.341267700092875	7.446859034087112	7.865186432722189	7.913952547871913	8.093267480033905
136	CPN2~P22792	9.6419479847383	9.8497003059493	9.70780397355855	9.659266559493279	9.727342061575275	9.743665145848798	7.995962135369877	9.343420238883452	9.866235371334579	9.469027411943664	9.329547545669357	9.017602944715357	9.576643379297332	10.032767312458349	9.540132178172001	9.98880835731026	10.016320162181533	9.779409275647941	9.787517615536691	9.337745337193079	9.489593937641507	9.754548898658562	9.836984746875546	10.057242150934929	8.932658204004271	9.25283662453725	9.563896352937526	9.536844206651619	9.818337201583923	9.713440637138621	9.55251162151328	9.621144723082637	10.123273177011919	8.91638018514203	9.308999014758884	10.004893540815083	9.57029350021526	9.613472049019514	9.335397579012081	9.488666019228349	9.884681055264338	9.310214329236603	9.78553667931997	9.78819259415127	9.794941622213113	9.361412401094299	9.380913490430764	9.741752725761117	9.553263669458426	9.843978731507653	9.781003246390027
137	CP~P00450	12.641895521645584	13.135105532176835	12.296404584536825	12.743777610570909	12.843351886429689	12.971736139738924	11.654546768904757	12.43509387752321	13.132189051845959	12.68889003446278	13.009713995969783	12.702569777261319	12.71895077685947	12.940215097525158	12.661955719012164	12.595721759448319	12.718463370949307	12.838835082280445	13.24715653554368	12.755553265348484	12.829582130338636	13.398525429190002	12.541142237816416	12.867469073279864	12.486256257574292	12.520944010227991	13.208362378696455	12.718320064862342	12.827383508505015	12.676044116609091	12.446518957588356	12.580349322956723	13.500639502671387	12.742456649737928	12.401059443057846	12.66284078158955	12.73849608119511	12.744446568792599	12.73113659000587	12.974316027729065	12.611742121769165	12.706310410596805	13.031515280267218	12.733237046264126	12.912445704076399	12.893273104796089	12.641954377169624	13.410705724904675	12.822608172449259	12.49614440893341	12.564452707380346
138	CRISP3~J3KPA1	5.679599720644414	5.769261991480446	6.356578640443398	5.790839453485983	5.1829228903960765	5.6248786569030695	4.774259235471921	5.810369427195029	6.563727066020733	5.404344850945042	6.051170265858551	5.861474959098174	5.504537644404111	6.27020805301171	5.893203565059135	6.572262139251815	6.147125719752544	5.723109283775341	5.723586374222684	6.121651762454098	5.677621046645055	5.687530639306041	5.949735180393032	5.629822169743013	5.347235983040193	5.568305585207705	5.723361598859757	6.936158767716785	5.7624101227979825	6.691374960900357	6.406413934635693	6.22261760275877	5.462256620967723	6.611426056638609	6.242012234493552	6.5085270776564	6.69553501784834	6.306946976797747	6.747479631653199	6.579493763425613	6.3782285649617965	6.172283591631127	6.259391143900419	6.265299558647145	5.539420112307214	6.579965902652538	6.267746536610305	6.310461207960185	5.568223000424194	6.1959853462513585	5.727830735238945
139	CRP~P02741	8.80819591773979	8.454297787330578	3.0853568847433355	4.954823566717904	6.489530241209078	7.34060221598552	6.721420178582885	6.766211430422443	10.326794691326256	6.863055629662161	8.045981573200681	7.756806010976747	8.696810609847507	6.137418968347037	5.704827328464862	6.6100486543008135	6.937427164172422	8.105422605417163	9.944538442182145	9.214520714391208	8.383552692615742	6.6315714176587965	6.087171614880651	5.847718133964329	2.9886358916251377	8.894676701733564	9.287455376605287	4.535897087405715	7.386916702389891	2.6842074560843305	4.930577819064654	4.877341525031157	8.145133599913343	1.2004001056855698	2.946234865257604	1.9849799725264423	4.045017875015428	4.301156493890186	5.436583202131059	6.0971273061414015	3.9733901258833937	3.2651334169126907	9.270485969246641	4.198109418744091	6.6928834197588145	5.7015191535958945	3.416273997453446	5.754181665601167	6.734405425939835	6.811496799278544	6.534380900860254
140	CRTAC1~A0A0C4DFP6	5.696375101338373	5.508452605375396	5.30695337180823	5.477782595632991	5.601198600010219	5.681136946406047	5.070470010067501	5.556821521780601	5.145747474726686	5.5670439119852375	5.53016805063372	5.504105279844318	5.0602724134601	5.684970506532902	4.997305010022125	5.14824583604472	4.946484047717615	5.709999105996187	6.178229600101135	5.6172315860928554	5.53457575032242	5.540376865969853	5.61044049748142	5.335771558448871	5.339539058717244	5.844380895909586	5.249504112744313	5.4753292112494805	5.4138672848087595	5.773637160517234	5.844044744741842	5.939895173841033	4.813268227895038	5.5925686986978045	5.9461937174519415	5.332021246227542	4.950222681855134	5.7382813492013485	5.669667748458384	6.154124315104024	5.357071514148801	5.505619806307495	5.129827440763941	5.438866963921815	5.153351168564713	5.8607717668151045	5.4710419467315905	5.154153371521893	5.785144915978099	5.032382769611151	5.411876221815216
141	CSF1R~E9PEK4	5.665218577885356	4.9361712612618796	4.937736592195211	5.246917857411148	4.6271807302133245	4.497037310359206	4.087976188937618	4.604314210612834	5.106200451261367	5.289344068798316	5.290751656340379	6.163517932789633	4.550870292074277	5.031428283877265	5.434634971726762	4.690324463315718	4.8496348373078435	5.120148790977806	4.634340903237486	5.085271616319683	4.3464362263491685	5.146761164513927	5.097040640248511	5.20228811426144	5.791272903564275	5.728284778141056	5.044282545208092	4.385707209958167	4.961562033162871	5.036372519543971	4.881775202960198	4.694053993321882	4.743139372535323	4.474480575163064	4.443610081007929	4.58980964844689	5.048654992097414	5.144272989153541	5.351574980068542	4.613268457237366	4.236154080312404	4.835971161083226	4.332798717139578	4.87956212370811	5.014635873265459	5.637000133381461	4.660895428567075	4.522223160485928	5.048147085908741	4.345462099016871	4.77503572351253
142	CST3~P01034	4.825627784845418	5.076375580499812	5.139811122831451	5.393623899186969	5.617164985838734	5.524663420844925	5.9946391560526004	5.747543962728289	4.837471157674214	5.275067640974256	5.26769739484663	7.498290949582469	5.757467023745145	5.2716090666213375	5.09107957071993	4.669433439584314	5.825326932857167	5.335296298948627	4.8034499599764615	5.312616273160098	5.071273800987248	5.698120269343197	5.228741933743516	4.867651558759427	5.140237987663782	5.136385234486024	5.158504449651673	5.277079770949354	5.253363208747844	5.691031768843328	5.54834710862403	5.565457393669368	5.088714655429314	5.700020866360924	5.416995267682353	5.159320733297778	5.534502729384098	5.427614770610141	5.585033929080563	5.522324107199244	5.729236008594477	5.721325881523648	5.348581478282375	4.937756883182623	5.173398687539494	4.8784846663516666	5.561018917818689	4.6748902890353605	5.682793714047927	5.507369905270077	5.515155285441966
143	CST6~Q15828	2.0326908155989747	2.684173312155432	3.014745167531856	2.0812389597958973	2.089596922396027	3.1579183322889928	1.3373705761035695	2.91593780760098	0.7672024023766625	2.9656905029141702	1.0886191019177063	5.155238395150093	1.0210705612758795	1.93176250860267	2.6645975617947304	0.7068292511259855	3.089861481149884	0.043097152693450824	3.022859652479886	3.5857893611681857	1.8964089996648308	2.6761932984139722	3.2105858869214994	0.35574973181574837	0.014674239488125074	1.9219595796580626	1.6138877996375889	2.804096054801395	2.787604695159676	2.9722528196586704	3.602382284880476	1.9586008573250346	1.7826031561723592	2.5459259994969283	2.9201810968201234	2.1073433648918978	2.9979868289812557	3.0980987654954557	2.03573075314218	1.8822627951673065	3.392825615702288	2.7757309308152713	1.965284837650332	2.720833433919378	2.1790244722080496	2.537485385495348	2.716710003045054	1.712783796263235	2.367383555001239	2.4730122882622463	0.5308392528381676
144	CTBS~Q01459	4.704967655384037	4.072859765147271	4.6628270941477235	4.652598178795539	4.465328623943987	3.978956538644241	3.4069155007731027	4.0040237650428345	4.291048133760945	4.289331121678384	4.465579233149926	4.148694880287283	4.553165099060294	4.796752985930506	4.320257382716344	4.623576222300023	4.811109866838084	3.993475812957577	4.06862675619574	4.178099637660436	4.139550415641923	4.424743850651114	3.8489019774911477	4.380200245112758	4.605688732701176	4.265214272084668	4.080995090435351	4.028226468105169	3.7327287778148577	4.20378231297125	4.366122341968442	4.160248754447766	4.31784040435192	4.41769815270187	4.135721339821205	3.7633237233611547	4.429185405438169	4.14018336849794	3.950998818816027	4.124312243086605	4.158913034318923	4.375938135769088	4.487630550453094	4.224734201011827	3.9487821361140134	4.623757158419647	4.231421744898231	4.104871610648305	4.125396758045553	4.258484517707073	4.267474807409661
145	DAG1~Q14118	1.3987368810270344	2.8768659398468523	3.262684866083204	2.4072132961337087	3.093392739482285	0.41052230355018776	2.0852207122348174	3.297495238550933	-1.201862296579906	3.19407449131473	2.27699546184976	3.9980945503253773	-0.004423824688382094	-0.6244784450553866	1.9761372201959277	1.6098128982242599	3.192258946720456	2.3113535024834855	1.3224078273561424	1.4906463002015424	3.434050791187157	2.474629722791098	0.901653802295138	2.590734771985814	2.8020496862733717	2.5333857014768695	0.6289293755424931	1.7442640851689428	3.244792069325278	-0.6918781850379998	3.4956137698435494	2.466089285202215	-2.1654095235743522	0.2668074214261602	2.9919319620080227	2.832399061980224	-0.4636854452666834	2.5273274955196574	2.757643927600925	2.830553697332863	3.418749008138856	3.820662892169254	2.1117654532675902	2.825173765390857	2.4085600004535554	2.7287784252724	0.30686805009913376	2.2599926119351736	1.8895324638373867	3.285495774390819	1.6512923763043896
146	DBH~P09172	5.14920473446312	4.909311454942029	5.29078638207127	5.556740264610494	5.494755504518073	4.288448473400428	4.112170782401007	4.798450046725595	3.6461032565341256	2.701011328136585	3.4316460342131014	5.453917147820784	4.734853994455621	5.268233578111991	5.146802952468723	3.674244108721488	5.731635994625749	5.199505958991669	6.00996492127538	4.399353165497887	5.230218527789552	5.110421817279583	5.2582334706870375	4.559871724930596	4.914844770514138	6.206281682480062	5.372497785012185	4.9171906763522735	5.04039424610576	5.13481640492059	5.323188383464747	5.210367391575308	4.220099004291594	5.373473083374509	0.6460926033242854	4.518888310297234	5.811913605803567	5.76008367874237	4.784426772884292	4.8629121844102565	5.3369616778100895	3.6359420319324225	4.999597676486986	5.699171675359397	4.289500691598755	5.4940954130630955	6.200317189459506	5.46314690918667	5.417182419478667	0.6404480645506893	5.151630393300363
147	DEFA3~P59666	7.382493158203082	6.388862629609484	6.5832403855887165	7.0083515076642815	5.95774831347884	6.933452490320288	5.957555002509032	6.533249280245699	6.989521054575456	6.37303106699647	7.994181805500057	7.468698735586376	6.8183998148269165	7.374895804179746	6.783565508152423	7.021067059142335	8.128957018940662	7.013699382563557	7.292474843379239	7.264456488527839	6.7775321479673645	6.800277456854104	6.675855949015361	5.751608311334338	5.921486675987409	6.887409545017112	7.1213137580307535	7.639860554227137	6.883703332040683	6.767086752734765	6.967221860471784	6.894937909142504	5.341524523912091	6.60601385375015	7.230970765975728	6.551025834412631	7.9118226895455885	6.765758448097577	7.498745508320008	7.172782890118964	6.19275198269678	6.354635723330673	6.4279407955879355	6.802183334378018	6.625312206132098	7.33869041639049	7.262966385091869	6.768912514321273	6.431810131001926	7.010665197306143	7.035901035251881
148	DPP4~A0A7I2V2R5	3.5140603842277964	3.6735603316032024	3.6819899557207765	3.3662376254867508	3.4399913902122696	4.148494425836181	3.5511014278029287	3.5172487525141456	2.5768660414708218	3.898665132549866	3.4603521512774704	3.5408036989302434	3.5496410939550795	4.626214458335868	3.4953440459829777	3.5963020391143106	3.992722459678892	4.234888311918589	0.4076461450387657	3.073121525336765	4.508726538043149	4.054383231756604	3.8438376887587613	3.871477209384942	3.5793897178243177	3.670940050396333	3.700887015356482	3.916238208945249	5.011330153373217	3.78051083264072	3.206645514301663	2.9649236414531654	3.8183549520315996	3.5797256522297287	3.583048096101433	3.5655145706869944	3.2722813663965433	3.756711046918513	3.8060327033761108	3.9175510925278996	3.893221992026906	3.8313492892662033	3.5577590971490647	3.3027170069724106	2.9738633084742103	3.6139854538709586	3.59357132531093	3.0545274798554547	3.9468349899813635	3.4773984676456524	3.77574037344135
149	DSG2~Q14126	3.236078442959532	2.4598158079895893	3.5246114161808006	3.034444516080032	2.9113525773825013	2.936199483692113	4.842875604947293	3.215423389548653	2.833090055342515	3.012370153931899	3.094782437823835	4.399653959849477	3.3155883887555873	3.051614219698464	2.7343606647924945	3.2199117741910346	3.142349227510972	2.752834582211141	3.057241655057475	3.116913747770322	2.827537023023778	3.1022515879875603	2.9499642624989733	2.328747232050882	2.4079615339783813	3.2992252099982142	2.5909915213893178	3.2121990525762927	3.343920879845794	3.474449877306359	3.2918892974535536	3.442564151093113	3.243975120682712	3.1159750345252233	3.21792856766558	3.412674759725915	2.8273186669737975	3.5596309050175674	3.608607450623416	3.2173675857267874	2.9811697161943385	3.68336229012412	3.1179897321857095	3.6725566632956346	2.7495291324755438	3.1276001831151077	3.417153311433705	2.9664156777787065	3.0589426688810866	2.6531971504822804	2.681853057845552
150	ECI1~P42126	2.2840677926673596	2.542820755822623	2.4040121494511997	1.9148477807630506	-0.3330911964254074	2.7029110811304795	2.3480567803515493	0.8342839043066683	-1.3689843720528443	0.1302034925897333	-2.251118673168796	-0.3819525948650999	3.5238805224820298	3.1795861345003056	1.9700995370103864	0.3021828896304253	3.338404145617093	1.9896348957275756	0.1971385112048465	1.179242693328657	3.1009134907561533	0.5385959260229862	1.6364668649374543	-0.2308646044308773	1.8358918664099702	2.7584570604038277	2.78802208627327	-0.28379161249807194	3.7832718434807	0.756547380201758	0.6031609436208447	1.1996112482976344	0.24004656190613038	0.24925927819698768	-0.3585272992715247	1.8088195769787854	0.7069909256281407	2.713694391479879	1.87285592077017	1.0745953897952332	1.2501798093962337	0.6605196996166441	-0.6061070533508075	0.2656900692949893	-0.3031276472419542	0.9971565959948034	-1.5630951828100543	0.8954539476898733	3.184959007973401	0.39328144614557337	2.126775846056937
151	ECM1~Q16610	7.938767210919391	7.902838594554521	8.438506216135359	8.221250643633738	8.552438095558095	7.213075584753474	10.888262766927399	8.197879279448228	8.195535466245932	8.329712180525881	8.403460553695703	8.148164049639389	7.877513311413956	8.325671492824668	7.736021788693952	8.188820471679684	8.339163607617	8.417916623766136	7.782110788234269	8.217688701741363	7.643452840958862	8.20041463219737	8.213957515839162	8.285293415888761	8.140629624533606	8.441497199629676	7.977149232604991	8.546219880053181	7.765825913956778	8.476373790868724	8.965231721051904	8.479297606727084	8.282004146949301	8.771080267502096	8.368371241942581	7.945659403490193	8.428526688228969	8.474728609688395	8.63512834598283	8.09185485833245	8.51953619764651	8.775644738882212	8.596059374071674	8.187862944078606	8.385474458456448	8.03935501385305	8.929805872109927	8.082746782510608	8.318492609827517	7.742304501287903	8.143682928391547
152	EEF1A1~A0A087WVQ9	2.394493572448776	2.56092087588489	-0.3490609018971955	2.993763433274596	2.3871430406160927	0.035567585394054135	9.430675862577694	0.6173567513940679	2.1725720216778046	1.3137267836768678	0.22484558092445694	1.1666323270724115	1.884689054217203	2.671856324652185	1.927991122891055	-0.8733680723347128	1.665827077018611	1.0247825467331253	1.3661117707512804	2.0593565095530413	1.0299566275896883	2.973833536614127	0.7030325428149058	1.159556640361441	4.422195174271593	-0.1198058774359424	1.025441476535301	-0.19931197550713908	3.440914778173628	4.0121508558530286	2.0102502978982253	0.8106670361358027	1.1479096503421071	1.632462122846999	3.173629257921408	2.8090666568337865	2.377798592221757	3.1318145626330813	1.1046777477188956	2.62635127943534	2.3240097777279933	2.0685161925267272	1.802228801501066	1.8018619662205408	2.2974680906994656	1.7281945231535432	-0.49594773659947267	1.7831723167525926	3.7591439407825917	3.1008289764973913	4.239636256258504
153	EFEMP1~Q12805	7.437771498916583	7.4803759313371625	7.225284087732763	7.3832648727081	7.441373844202328	7.818604312982819	7.612109989302491	7.3022724340933305	7.12105522131433	6.944471151436619	7.703282091443908	9.867338510360506	7.446301619972773	7.475399599141674	7.1206677248064185	6.79671209807844	7.187993841669221	7.2641434681768295	7.355000849973613	7.431120594934308	7.663550612455417	7.541976897908343	7.172286033609003	7.031507539988655	7.783208886144463	8.232105123889546	7.798601529478594	7.128396532785917	7.231388343886178	7.486884110688719	7.702713388326229	7.348259981593814	7.057148096461322	6.801790541351768	7.117315572093861	7.095491996849501	6.9787930138710825	7.426754222276603	7.954792068411848	7.648059645150118	7.261694239360524	7.459433619888574	6.663365043213292	7.025966637632165	6.84332341749879	6.96955989825712	7.1872277636229835	7.0019558362211844	7.574044189797425	6.975331699520243	7.263978911947145
154	EIF5A~P63241	2.29289591311207	1.9998317051604555	3.318350275409377	2.8528654988908198	2.8229642295498603	2.287275700975299	9.185697107881877	2.2696671820757683	2.545674357188118	2.7594463165304317	2.5999639041736398	2.0392522544821294	1.9220585166624728	3.2199683296927875	3.237236661562543	2.219513607968693	0.7518724407414329	1.6526749783259131	2.1388582983509155	1.0475792633101075	2.4493069847295024	2.1324452873974042	1.4193596069449383	2.364236469320246	5.57976132412241	2.374529515970081	1.1106113467837926	1.9825903094323474	4.755568545561255	0.7926369094213442	0.17350772508392143	1.9476827704696358	0.5521699931097415	0.597313441150214	2.3194018670209315	2.606405664552068	2.1491676686938472	1.8134081806589974	1.0272477946989258	4.323008704236841	1.5031713619233278	-0.19480193157304115	1.6256692734501492	1.9731605286811733	1.184381726183249	2.7881258674167975	1.497144908807326	-0.327032179053628	4.730461326462831	3.4755387566604083	3.4213258638649005
155	ENO1~P06733	4.545942726970949	4.280752366210578	4.589347693011597	4.879818698382409	3.8335178495538185	3.8650381947263113	9.245610006223714	3.6740945096422934	4.191743607267715	4.315211904485247	4.602551174020749	4.543016357410497	4.118984307771718	3.861216710441473	4.677298119677327	3.940256595455456	3.6833900276474556	4.1583765505812975	3.5697756613383604	4.122500376780723	5.922116241908759	4.431338190821695	4.310337219095478	4.438132557382421	4.843160549077486	4.663078878847121	4.0552930285591104	4.467682907165696	4.058377924090954	3.3326011109627425	2.548251141978602	4.165078731308438	3.89265055392114	4.251582958981089	4.492592814240604	4.612998156279505	3.5967600676396403	3.6050553442863205	4.025928124526104	3.9691778090304504	3.4542411748166404	2.9908646564624735	3.811603902812736	4.114504261374249	3.5444918990398833	3.9184266252349396	4.314840990763596	4.114746503017319	4.778550122591998	4.182938495053461	4.392766538791267
156	ENPP2~E7EUF1	2.8695023496138776	2.8985669767696463	2.7750111002594564	2.411390602205045	2.8257681933156107	2.951063226004309	2.960110317126927	2.8362357020635454	3.0319871905364097	3.042828624250131	3.162124833685388	2.876162246929475	2.4868909830330246	3.8175233723848407	2.2105821712908384	2.6408069229496487	3.0627278477835573	3.218396945437193	1.821389212507116	3.211119352155485	2.5791249661965594	3.7283587944568986	3.1581772828099117	2.779603947233932	3.0713404223433014	4.150876046578879	3.024972569013619	2.910496345705573	2.962779181995005	3.3435220345899306	2.9771908173557646	2.836384617488204	2.9539024675228824	3.2717008141173918	3.184152262507077	2.923023295923899	2.7694226236741213	3.0861770522132663	3.1656159489481275	3.1783326497143873	3.128992563063165	3.577788380041676	2.600805599118046	3.0958818079016823	2.258962191580101	3.0654623187024903	3.162132057672647	3.176565043890751	3.1921809726107524	2.739305342830493	2.8092036806631557
157	EPHA1~P21709	-0.18535008531175823	1.1984483980312812	1.5509488283773376	0.2013517521317711	1.1633591493250144	1.1392389102537943	0.11504193688553621	-0.8485790904329464	0.2462648049914785	0.9285611145637127	-0.11665639947132667	4.002460005103716	2.819485654022111	3.27934731261154	0.5283229410069776	2.126194797307173	1.7651013254507013	2.0740094557212676	1.6803245371440696	-0.15324139371136303	1.3353926719319913	3.026601280130488	0.5591194215434172	2.642656931110926	0.4936916647538929	1.471408792058488	1.7758663361800342	0.40433197450388836	2.17969828301968	1.5584044071081284	2.1708316878893967	2.826883116111554	-0.3004004421522104	1.4533465026160002	2.229675799165147	0.3615276243568696	1.2131672025078069	2.4248647928303244	2.064644757966894	1.1790635787643742	1.7777844433464538	2.5830517699317883	0.818449357336418	0.0129606500653483	1.8137053639845067	2.2904459776127144	1.1157461732141576	1.1358522022645756	1.493896728303012	1.3495884593079146	1.2823865162853871
158	ERFL~A0A1W2PQ73	8.782054581208229	8.016459934947592	9.24551426322938	9.033586163148204	9.444862352118532	8.182596062815934	1.921632613462577	8.822073824700464	6.272725738372315	8.231218543450687	8.616667629167896	2.0209378309540824	8.059465108620653	7.938241537477725	7.24567368630293	8.909797245131776	8.70623968165106	8.445334184033209	8.0954919968495	1.436634674531069	8.367896207743003	8.389529726050027	7.951873674573337	1.7590064495038424	8.728895273270304	2.2671328802867956	7.556212975603682	7.291324032167564	9.48247723524453	8.178165912367898	7.582692838439931	8.239024345165383	0.4922298283505879	8.224192496748156	9.1147336374348	8.393504368117114	-0.37415441363045576	2.3311964981696605	7.484636817437148	8.68294166394236	9.372267409984907	9.764106624212268	8.522343625143874	7.6912009252245115	7.67489653715693	9.060709782987818	8.56460667601299	7.095636216681567	9.02234664577768	1.3549445151652586	8.01363754154321
159	ETNPPL~E7ENR6	3.878306540006177	4.049046027867095	3.931864471796976	3.5326138246524796	0.6407491118592656	3.902859842254346	3.7358027637199442	2.015833341031568	0.7799814243019639	4.408171116206983	3.5361681121549493	3.464501628623872	1.7500256967673264	3.598064316541845	4.470007032080639	4.1584272492801215	2.931410765924046	3.706925953846899	3.122719165634363	4.340348352250035	3.5062413490552617	3.8629647605947346	1.5927246309040444	0.2408265496018943	3.894760415348099	-0.5425131503533627	3.810655667077174	4.710051463034659	2.9021630121187023	4.028856745966123	-0.9395552196024706	4.759156642651981	4.471791913707693	4.446854365676019	3.129772060137283	0.9867404892179038	-0.4744958153894765	4.367830636741489	4.665829353529168	2.687644255914248	3.7818088247737616	0.10990913844324601	4.319662061407136	4.067983431323632	4.306854106928885	1.246083797592739	4.409144749283957	4.363012618411109	3.1867452261953324	3.3598512825108218	1.2818073273469623
160	F10~P00742	9.036369500924431	8.679216124773603	9.111206845038494	8.469474266814911	9.376871776350322	8.627834643167532	7.860747996014078	9.018818554922154	9.046781471899312	9.301200600933333	8.707011714922327	8.696877876974154	8.94283214889086	8.853635655661103	8.688220743657537	9.012636813679135	8.907013959222228	8.92982058745906	9.017085855590503	8.84383174779687	8.358294912589125	8.653043712291545	9.082912741694809	9.191115104721067	8.700637087805228	8.664973566085065	8.539095372155684	8.955634034464229	8.824506161387632	9.024877401249672	8.98368862501295	9.086970360756926	9.61977321512512	9.091857278940457	8.789220293921462	8.560112388004685	8.89015339197478	8.352223432371796	8.84712541749676	8.891405387374284	9.055809842205045	8.525475048383036	8.796327517361807	8.672431277046847	9.113241086749804	8.612804731831465	8.757643418995286	8.827164062925622	8.943503712354957	9.15389199727308	9.051765879533342
161	F11~P03951	7.068233282778727	6.518442816461604	7.213020835638516	7.159386952326688	7.137816373172954	6.904331334765948	5.7204663885358285	7.294256003169807	7.091225200962777	7.233607536219033	7.1815241488902455	6.508136901769616	7.228986865967294	6.756368595124465	6.968844210710534	7.447984437317679	7.050646307576508	6.886583353664054	7.280134424510741	6.832085707750079	6.927046394804774	6.673254289463827	7.419622958041735	7.155606527570038	6.656946443722839	6.2027366409937335	6.940654215966653	6.8826163713995765	6.960204815888219	6.966183295270543	6.851146347896844	7.07510468302744	7.133444532042299	6.842615635419525	7.394800221546748	7.008820798740401	6.897838994923741	6.703633470236163	6.650837123016337	7.164789412796065	7.0775472473577015	6.841921226726494	7.130850803790962	6.883199163208307	6.808334595637236	6.796831887299081	6.882384364264325	7.032472230790824	6.892044786187954	7.216528441868722	7.405997214121362
162	F12~A0A8Q3WL25	9.675676477992535	9.239558179193587	9.628308249947759	9.420624744485032	9.157677836608846	8.829990262366964	8.977514193986382	9.473972491094612	9.688562257353809	9.657516246526313	9.490951595061189	8.77151002226486	7.9536037695138	8.287562325826448	8.973163332072241	9.09126039542335	8.564090979256354	9.454867554563144	9.070937209709227	9.346975035758517	9.2270738509515	9.389745284580654	9.62644508575294	8.47541246404427	9.612041126775088	8.95952479955027	8.749118667040635	9.333635819151999	9.35951740852003	9.538429094681334	9.51596037129354	9.417077962660398	9.867403746162537	8.997023782128363	9.296977102217305	9.150126729737483	9.805222531025622	8.77722862245361	9.211497859083007	9.243347322489718	7.317868689258383	9.418462335026856	9.387631368324572	9.315731963153812	9.691113366903826	9.033156963172711	8.934769691820277	9.784427571685141	8.917555918106352	9.067099170750526	9.006186347936028
163	F12~A0A8Q3WL37	5.947806350508623	5.958651121411865	6.1987912251415125	5.387896631646918	5.334311480669627	5.054001757698896	6.447741218753328	5.405614779146926	5.897375198274021	5.834982315604789	5.460161891001774	5.404486095916233	4.833372305652537	4.460206020619952	5.189626421260881	5.39998271488046	4.4335575535770175	5.595949234134907	1.2070525809497095	5.880207072161698	5.225241422728796	5.558736579340721	5.7597255717018445	4.993885719315324	5.821751408548444	4.579619206662056	4.276054527585721	5.38520888104406	5.813421490144965	5.63965723069411	5.366307671736492	5.022313454903189	6.383686101332151	4.8299627862631125	5.710272329946055	5.102887502347575	5.821711125788339	4.701154353929962	5.222154426856229	5.355538621471232	1.0710936005208747	4.799037003236894	4.642490358923845	5.491383025568553	5.602369484293872	5.002211205355575	4.349944746517929	5.4974990861952	5.610851266493325	5.663178907076428	5.57676088371172
164	F13A1~P00488	6.017720848392072	6.62505508077279	6.649391817691235	6.920717660986479	6.878652762274319	6.594446941811319	9.644080602800026	6.62646090521971	6.428515954116206	7.048758414076613	6.7938781142881	7.019025639782808	6.342883218815574	6.601512946331022	5.237294292768666	6.518949163367217	6.805858486829549	7.074297306991313	6.357195981773616	7.372353771716133	7.275828964309593	6.1624629389947065	6.305425966712597	6.6214379849495115	6.740166558821896	6.430481647845648	6.430774108429692	6.631427652348966	6.35632233329432	6.589404159626744	6.973166223063575	6.467214472663347	6.280986927833588	6.828473262971414	7.3581180772135815	6.90126861862787	6.722430355870697	6.645008151090884	6.622560058259037	6.719886042975137	6.552249279687005	6.877010251900174	6.473853119855313	6.841417693716554	6.812547598810443	6.306099526202143	7.3094358298768025	6.773344989431103	6.3170633874148825	6.940411731572517	6.845529962331317
165	F13B~P05160	7.352717391914485	7.641803155514329	7.947505495768986	8.05311203267832	8.077228255624005	7.610742587963299	8.992239688604997	7.707052381168843	7.698897612193058	7.878191457196134	7.880440177044809	8.264511754051496	7.770906313941405	7.766482302324769	6.61137810053689	7.6804283132571785	8.019835192083804	8.02078923908862	7.5881121899406985	8.139512320347192	8.094091220155258	7.772842606598266	7.507211278074764	7.803777378435096	7.816593277372122	7.658065334368986	7.46590849636534	7.494834958820802	7.568265453305057	7.683083278810517	8.0283549740604	7.718298426601338	7.425023129764064	7.852311379103537	8.27405362457631	7.683058427585164	7.748296566598141	7.47918681822409	7.643835056391801	8.026940441001866	7.762004726172463	7.945518136551374	7.6581378109954725	7.708468768492152	7.656266639087413	7.321080177672801	8.045231733938227	7.743384305241611	7.5993655711632675	8.056317043097525	7.955808983229613
166	F2~P00734	12.51726425368939	12.120521872632105	12.232920478442312	11.84336616861102	12.392643137528001	11.993993142849495	11.540943663185955	12.07487136772593	12.404376167720534	12.288487901431742	12.096869222612895	11.727137610816031	12.223918475910821	12.108837401348815	12.115405670863128	12.41200561522069	12.322653404148014	12.29194450538123	12.475160959138867	12.164811351492448	11.680894837934387	12.03182738081527	12.179635789628128	12.28816061612295	11.98510665442929	11.884918746953973	11.812541429666316	12.117002082603477	12.136825158522624	12.313181840985594	12.358743209855927	12.279179946391825	12.488906847691899	12.242101666577666	12.206407938493271	12.123502899827677	12.345752010898185	12.18694028502165	12.013230142294308	12.248123162123072	12.248227564809717	12.204261724192316	12.365837429409119	12.272672067897279	12.380956413933271	12.219340779081728	12.191582629464692	12.428236072274235	12.035328035676164	12.508707560272228	12.291703991278686
167	F5~A0A0A0MRJ7	7.033709320299163	6.70377739782523	7.210529705564357	7.120926014657372	7.073334037715154	7.179232880812255	7.241128376510055	7.001933852097848	7.240025850099705	6.990955777637506	6.978321096482169	6.691661637300921	7.4587169944743925	7.246164610308935	7.170885491385843	7.087681181994251	7.045455726751313	7.008345010031563	7.1221617810447855	6.9088867809844015	7.317450706071318	7.026221676552622	6.89496741224759	7.220689328760126	7.1570460361512165	6.872238624488909	7.215420575123126	6.899859256750822	7.138414150224262	7.422370102844613	6.440917058663914	7.496277312545114	6.871107728462055	7.104510935706614	7.1169115274355335	7.144806497628832	6.86022152864979	6.985029673474131	6.857132076266501	7.287720410153791	7.180186740553571	7.082991979659527	6.780637681039156	7.06205503381342	6.8828434914188446	6.840300695406039	6.967654507323024	7.03029011680156	7.190003824342031	7.134785389997014	7.379904089892589
168	F7~F5H8B0	3.214572886967122	3.1671836704577396	3.6000608035078425	3.2898143082479714	3.854297052988173	2.916117454394054	1.39579832211022	3.1179426637544565	3.503543958362116	3.2176172666355267	3.4650058319444184	3.750157086341405	3.416157230633754	3.4967022780694132	3.251988548455884	3.37377241977283	3.6861247479174244	3.5883106690642017	3.393250479024712	2.6621175592282422	3.5878276364989894	3.084499107678385	3.6006840260951294	3.313689624726644	2.8973023472341946	3.3817508624538535	2.828489533294191	2.9203297737033194	3.3881427912842956	2.976995201331688	2.8038623985204816	3.302194187361417	2.761438420095664	3.1262174883939218	2.4918073558631284	3.5984153552291205	3.3814394464044053	3.4024964773650996	3.201862026716408	2.922181225428658	3.48014119552675	3.723903270902747	2.7770927427390264	3.239221496291985	3.0873987408806998	2.709456815038863	3.21328743980116	3.4415781221530324	3.144162341961752	4.034680263761325	3.616024231556026
169	F9~P00740	7.503156800681869	7.100728579312212	7.498392245559086	7.212471745877837	8.285027371465056	7.007593138940075	6.588857346427888	7.751034638749358	8.082678574570842	7.523478923434802	7.398186032215938	7.206282278756388	7.528885200453204	6.837823854532764	7.499319041294422	7.411380774348716	7.737036139724777	7.389766943675422	7.643989807227354	7.294192889015298	6.985381701800112	7.4795509818568675	7.501830504843455	7.4226373958574055	7.544692579734055	7.332797488159235	7.470109464387787	7.209241095533354	7.370263030463533	7.57368451221111	7.292480179476431	7.580553013087456	7.553649330270973	7.340806469833812	7.293994412069707	7.381059689250943	7.339348490753287	7.110521223597375	7.316413573847929	7.386083771858773	7.536234407614221	7.210639242322446	7.558753509210696	7.218322145302055	7.626909571100318	7.065050390445965	6.958943910301763	7.167653961133	7.298031513793019	7.612720606595998	7.477289262756611
170	FAH~P16930	3.428610513790988	2.4342119417329626	2.8252061862239692	2.1961230151331916	2.6133766084096424	2.1470653034589486	3.666181302212872	2.5429354993781446	1.7194661151784265	2.8496785470219916	2.3307284497361196	1.9521071287743494	-0.657758013033398	2.7998790076309805	1.8609367310656408	1.8584490915384122	2.1836746006742094	2.693686981887833	2.491644439533046	1.828184191229393	2.468283091995473	1.6877434495651433	2.096090994185473	1.581288979197374	1.9386321765334888	2.402814438814911	2.4851756860732626	0.8427065205765127	3.0279824101939123	0.9621754658469365	2.4831520136820497	0.316891951265567	3.7695729479054454	0.7258564828696747	2.225740524314166	2.1963111063380523	2.350941473944293	1.8738074583973674	0.9706673632933348	1.9848816951580102	0.3063839818160148	1.9893912946868797	2.195802167720199	2.625023260415586	2.2127466136863645	2.770190626151708	-1.3863923950162516	1.721844126263227	1.9649814389219424	2.4736720628802913	3.5368457477187225
171	FBLN1~B1AHL2	3.3351220751525577	3.8965709553435675	4.160895306784184	3.9642424084107426	3.194850316041465	3.404639409671741	3.815694338239063	3.7358604920580047	3.0776068976667705	3.12765795686068	3.4643019423180634	4.143713129922018	3.9878183491607224	4.36059153430259	4.086629638134496	3.675709746952422	3.6045083242292084	2.5105447074938625	3.9662511653953842	4.052484968160036	3.7109014208181117	3.979073106355367	3.5074122513047645	3.5588875400652213	4.032257144643247	3.835910558378031	3.5687499771972133	4.323021215145089	3.551658044104232	4.485645695344039	3.727013762728916	4.042464121729638	4.0726401507886205	4.427172665344594	4.537348403380417	3.975697383274464	3.360534471386906	4.0661434024778	4.250595808231836	3.5226837697396913	4.398266028006193	4.231427165164979	4.043151807352995	4.161849526704566	3.4424921427763953	3.865703163804067	4.116562892484135	3.6745152444586338	3.5651677549396217	3.5780252666227925	3.2211984169221988
172	FBLN1~P23142	8.600094160789133	9.686755479787498	9.129244492316811	8.803792550405092	8.382283242707006	8.945195010097034	8.671586416274094	8.78245178392013	8.478633612029018	8.605499977449615	8.830887398552585	9.12720656741886	8.810502502953808	9.100892001831468	8.939161295493664	8.731605647857618	8.524762523394012	8.450034845040943	8.954834746233006	8.649255958201937	8.998214403470758	9.04658949003023	8.952484878280885	8.445740076012424	9.202719904080281	9.030410861309676	9.05613856709622	9.087622917867302	8.609687135849942	9.469790224084397	8.748608287054951	8.744398011737397	8.894596961154896	8.907604765951827	8.941655981010594	8.973506793863185	8.44547437743325	8.86921681830477	9.411789996189718	8.95398201518484	9.116574789969638	9.063442482143012	8.78286507063637	9.131387727899746	8.321456785447092	9.313575600003528	8.95501813115012	8.51772356564024	8.869436832093704	8.961318798105422	8.817803220641899
173	FBLN5~G3V4U0	4.5055316156533705	4.671207271671493	4.566481471985075	4.703392573230611	4.545986665116218	4.641717507648127	6.987022035404509	4.143173610456967	3.866930625451867	4.412061712251667	4.5469344843857264	6.391442240683382	4.911112982504429	4.567217685288577	4.585651757166434	4.054229859175625	4.696379346695183	4.821649726470963	4.548517621841035	5.068111397421906	4.8268922298067505	4.695620503012257	3.8781011622232	4.582522871712019	5.416949925121632	5.45216619364669	5.098633399788652	4.613038187403005	4.808847057841375	4.806571057913319	4.851878259372533	4.6200990943168225	4.2317756309255845	4.8673584962086585	4.753467526313809	4.520936459191804	4.368769803533395	4.685504861645312	4.920205725895673	4.915750298479631	4.7409790003514525	4.7182110339937795	4.667239232590357	3.970070334518517	4.781680378624706	4.738262894984652	4.430709675216885	4.570555476728355	4.778322720227613	3.993650033071835	4.072570972700682
174	FBXO3~B4E3U2	7.680932277832676	7.741194462993028	7.891883619143989	7.857483037217411	8.260858963101317	8.212849601418709	7.098651067612177	7.73127614236576	7.323984778981117	8.105406938710715	7.806499767473604	7.756911553190451	7.78537134541287	8.211563211293074	8.138707087748953	7.7962238293713195	7.765767956220743	8.319765960672568	8.08451548967307	7.49408869706137	8.010207264463629	8.205796380905126	7.579700221083823	7.844586245827536	9.182893650146722	8.861202698561758	8.84381517046738	8.541451746975278	8.131975618239965	9.349044010632959	8.533890514197772	9.054822721173739	8.577280371456643	8.333762598023373	8.449391374899099	8.545099986507598	8.537951216947558	8.85592522802884	8.604238865774713	8.088936525939717	8.789829718575257	8.75534014044445	8.410266559791063	8.661032806811951	7.831142143092801	9.17459185709645	8.514444266074111	8.442444810220405	7.956004212708004	7.009542473917785	8.168190526980226
175	FCGBP~Q9Y6R7	6.321621658054405	6.633679070249036	6.41350668675224	6.064210553879952	6.135740594250816	6.3965813954344775	4.9138424645861125	6.084587341175316	5.883601356480612	5.904488360997629	6.078753301483387	7.245955498556511	6.768191494384483	6.370182797331007	6.350245766298382	6.170760671487767	5.857350428251231	6.103646388323546	6.735080396239354	5.707366083783916	6.3042371135902195	6.389573969374073	6.746555221596853	6.041110833335017	6.4405807741162695	6.2395345804431495	6.224193527356982	6.084705247737228	6.428266363477302	6.447550675206412	5.790607318785435	5.810549767881505	5.886712372612295	6.082649179202466	6.319139420063881	5.520597580741489	5.881413204983722	6.146754950588277	6.428706728287594	6.1376553608055024	5.7953150770149815	5.825252001248854	6.215589579047935	6.413582480505862	5.914208463611267	6.859299132022838	6.52747056298865	6.0902478081522045	6.53223914794274	5.885875823347641	6.484889994019252
176	FCGR3A~A0A8V8TPL1	6.607868478488974	6.10781888621285	5.774237615700479	7.012125274590422	5.276106084012542	6.142235627629554	4.148737698216197	5.09728100872359	6.04369784898406	6.175613963058333	6.450597740466277	6.140135301921428	5.346813576343818	6.341175248616352	6.4892291150018835	5.5650711570240805	6.080243713687768	6.491623033993173	5.355844523997088	6.048806963316813	6.169771355426235	6.324763982667519	5.636683691485823	5.6913914687023395	6.227759145213161	6.5470306563606115	5.920024587850977	5.297531061738062	6.268216870027515	6.6316439054669996	5.447566313083392	5.616580812480094	5.690704691129917	5.2031384180716564	5.794519486049469	4.853281948670352	5.842433408268161	6.021119769416759	6.2282332987342865	6.0438907164967715	5.394638139977966	6.0126478950188105	5.225662426973547	5.826589604953551	5.612726455033058	5.898581183940655	5.8341484988014365	5.681166228371663	6.375914147541047	5.511404492488674	6.334059099720031
177	FCGR3B~A0A3B3ISU3	3.7350103405149104	5.764183787190573	4.950090851928728	4.500653238457115	3.5103075851162124	4.943476884434318	2.7064542821775173	3.083001072262369	5.928095793386487	2.7141218158887397	4.25384056171833	4.9751750245182205	3.079030439034078	0.0611606919920582	5.36336627308061	5.214489587808122	5.627572957706185	4.679505012445464	1.352499192299384	3.9690296893005703	3.4951753056893575	3.5230556699476763	3.646813349891474	0.7038513713089604	3.6501478574734127	4.386141149104313	3.839086120128739	4.596075871581928	4.181914289795876	4.70601882901927	4.044046359797878	3.3322498049623643	3.550618101766342	1.3051585042705576	5.406164513772396	2.7855567336230656	4.1841749683236635	5.073319326328252	5.933026397202631	4.6345006640325215	1.4251739940059571	5.7156437631258985	1.1583977634823075	5.222969528807866	3.044397288005026	4.761190039518271	3.1259076611990495	3.037546451268748	2.4742412214301344	4.159447470780895	3.824677655193729
178	FCN2~Q15485	6.312348018200682	5.6474741269701925	6.648190569366732	6.430762370316185	7.201200369859695	5.976352163766897	5.027363900307088	6.874736948215141	7.027719753036596	6.985109174052528	6.175024703023198	5.761671542369168	6.290874387670082	6.185250814321145	6.514151426929207	7.0565083964505035	6.396837572813187	6.6826818577131695	6.791163186710012	6.007832630859206	6.356611011430471	7.379414461284921	5.954983443289679	7.017468040216882	5.908014419833219	6.461005495522036	6.118094006270997	6.840529581029557	6.207835785031211	6.751040054712985	6.655254794375727	6.913290826308677	7.364231926577571	6.877442914236486	6.944690795419579	6.704489749388291	6.840693226874041	7.110592269428703	6.58418802698601	6.741594537240748	6.972157178127001	6.632681092306976	7.1006583292037595	6.942348766066217	7.161531882304793	6.704474973882648	7.09603934408465	6.537341411729844	5.943662523427214	6.524315970204248	7.003912797914446
179	FCN3~O75636	9.08043289581894	6.921108077924848	8.487496111845667	10.368141272967316	9.288284835554576	8.284537213187857	7.553751968285131	9.077811254616625	8.798928072981186	9.168010979513689	8.92870965317049	7.8860154215065705	9.1565219731557	8.766181296697848	8.274969426870497	8.66803533758772	8.524091505602616	8.43674445125013	8.878657532657439	8.834210622518986	8.610838766063544	8.828241487795319	8.98487465646888	9.250775051349715	8.560741911774407	8.711989123759414	8.69690323395711	8.250065754345778	7.822295991121344	8.53840363554759	8.656351645826755	8.451140162821897	9.364749707131415	9.03960669318542	8.960642488071294	8.305644027931738	8.77650994056558	8.11880850883989	8.646652200456248	8.732174983578401	8.895747499590486	8.088918900448581	8.679462810531271	8.420446263035963	8.27441156901206	8.651454454258182	8.861636341036794	8.759101668155864	8.474998255532556	8.65897162967736	8.23353644618332
180	FERMT3~A0A8V8TMD7	3.327007764403234	3.6957712843704558	4.589112315439292	4.124691979162107	3.2766023801592867	1.769691178510899	7.917510393139196	1.272668508776618	3.8891151130885717	3.7026535785381136	4.396279829044664	4.33154734623673	1.8253159651317283	3.2304208439575963	3.3275974589857094	2.4582565299710013	2.4217458841244386	2.788108737070697	1.4230103433380394	3.4118389915926177	6.347026958564504	3.8278806270031858	3.6213855532543304	4.038515151516588	2.4841240602164714	4.295561145807775	3.821202532182104	2.708136251409058	2.720997671357034	3.03040446227274	2.7509770034618986	2.8778440947072395	3.6515610942769894	4.0944831817090375	3.3132355480175435	4.151421829789313	3.8940706738200617	3.741409687716229	3.180681642693224	1.8823785941356288	3.2583381508141693	4.18184970321397	3.304922504886891	2.6495377509608087	3.619814625560975	3.520323374972744	4.155145575127883	3.1297909740896217	3.503998926921583	3.890131306738589	3.681739627525837
181	FETUB~Q9UGM5	8.099654405487193	8.868261058833612	9.435648008569247	8.538668388580495	8.329442979779019	8.191859096645723	7.2775307551501776	8.395489290065663	8.629753925202099	8.523304228251654	8.529933417309174	8.650456648834785	8.718047838170142	8.548504687062021	8.588963684273482	8.331812055244365	8.482134494815412	8.598903486471219	8.295157532846458	8.271076274470127	8.04769424338688	8.92110825957403	8.47686558320123	8.953078145288764	8.178885769622513	8.043173839928407	8.356374055123165	8.438142839369839	8.228854499132492	8.622403661783245	8.632045686075047	8.342230553767585	9.351183099221283	8.541806673067258	8.507908817041342	7.556463839051198	7.898220979740349	8.21510502839529	8.118121895934248	8.374296208581155	8.311145312820031	8.50156412747216	8.591883082057862	8.48401142837069	8.832915600128723	8.445948534317509	8.311491401198703	8.866674577746215	8.7538242321821	8.25856531507247	8.597640570648858
182	FGA~P02671	13.520282125695198	13.627632956993022	13.364863097106317	13.599881069372277	13.473156260319195	13.549192656330474	16.07221276358904	13.328958510882185	13.751546510737612	12.934562029365821	13.362352810718884	14.42536779838517	13.793107535804952	13.573662325498361	13.103328953580077	13.540434217908041	13.493292934855079	13.591334468203037	14.028540629772452	14.552556532653561	13.717387234465397	13.34647694161834	13.361808606813211	13.608325557666605	13.609524490618721	13.722525935728743	13.974471745722589	13.778791923878334	13.20067938575566	12.892893882709702	13.736747297271107	13.441369537970193	13.610010906454033	13.145125668210383	13.787925369869301	13.057240332716761	13.244789021327566	13.5560166986324	13.36047780808943	13.347822604063927	13.280003552298597	13.4403918172429	13.806454139743352	12.966178981756515	13.654100169352237	13.622821761008183	13.54637863309953	13.584791425168383	13.296007090894845	12.959341102138248	13.49784160644479
183	FGB~P02675	13.892189163224328	13.877705107570616	13.558561431095784	13.828424160349124	13.679512636578202	13.86397392755174	16.05693467420226	13.659116488265903	13.986517128731665	13.123931775731046	13.648771518829328	14.718562871981302	14.213549100151175	13.951826196781314	13.447004630461295	13.909354217636228	13.681278202274747	14.03876128500687	14.449165651628318	14.85819532889289	13.952183842148123	13.597419955342227	13.619793248970888	13.97980301090556	13.873461854855275	14.05364553584023	14.237800764746222	14.037923757193914	13.485379138049865	13.242014124985205	14.082494234599812	13.698503111376318	14.02768533583868	13.477485800901002	13.827377402476147	13.35520132773425	13.419305079031181	13.829943146332969	13.629547727051001	13.634869198605578	13.451180795394864	13.611080309248042	14.06417304830495	13.338797985842618	13.982407784840923	13.942152843417146	13.705737100604809	13.934919301830593	13.598803216123631	13.183163456065706	13.84898027388278
184	FGG~C9JPQ9	11.306967969008566	11.132933468250627	10.27301000199673	10.564911076202213	10.366314742883189	10.374997657606706	14.196331820390704	10.911461296437034	10.833851637834833	10.36337710196906	10.267849957411917	11.792908225759632	11.375214337460394	10.794206224409734	10.36485040962496	10.596009766628471	10.325460692781979	10.639395362517345	11.17305596624572	12.148713496934263	10.122384887118656	10.383799199059512	10.157024750283378	11.271634568451853	10.973506180767831	10.713058696585918	9.64629545462021	10.907929821950072	10.305618981094517	9.633344824528603	10.75754657721426	10.56510347329219	10.902969019222649	9.73986248326081	9.59917076431147	10.477128775866843	10.263249998640793	10.585740455100206	10.2409130031932	10.391713620959923	9.905086080393994	9.882401996997169	10.456831651306791	10.094738793462586	10.945938503439	10.683060355712794	10.248720805148423	10.34614550487265	9.942991302273628	9.738471857149534	11.333802444409507
185	FGG~P02679	14.23711526374314	14.255470939322672	14.007911996552915	14.297288398224467	14.151322259885974	14.22727572706972	16.29441854446878	14.013876883936124	14.419790999265661	13.569669637841033	14.028751550186717	15.039889612670692	14.384404608838752	14.155712286502766	13.728676201456391	14.170753490577608	14.08546986574706	14.271654228773238	14.794046840451328	14.948552064190665	14.226872681364117	13.94580315652813	13.899959167969072	14.229430690493825	14.206963512523197	14.236984224344377	14.429145042746928	14.213365468204685	13.902525545636362	13.40316081214175	14.257930171778046	14.015015473548937	14.219923292201461	13.695453775700129	14.252016421322772	13.764483589986236	13.865234677599814	14.135775032427158	13.989203823877313	14.0396722832458	13.877710536275716	13.995581283099561	14.406498535873176	13.566418874784622	14.195413361787388	14.19234203418387	14.036028523969707	14.194985238696121	13.98987527949528	13.73408203935905	14.135998547515744
186	FGL1~Q08830	2.68977088647854	4.0584882483423845	2.1459270163870916	4.390364343966534	2.4522993141572744	3.06860592890487	3.0205754558175375	3.2398988613472812	3.1534085387974327	1.166247598766143	2.7070905179025058	3.4126313484081714	2.736456951813647	3.5221181348779838	2.862467763460782	2.3833408216045093	2.4808594604212764	2.9755260543522186	4.018087749191204	2.8508935858701743	3.2216630797096713	3.3377333615833074	2.4488550984558146	2.533212439547773	3.2914710252598485	3.452624081688623	3.7653176676935156	3.4914550812214893	2.618641018717004	3.2692281459026744	2.7079643313914303	3.320432171223724	2.926340881377946	3.0113197444615176	3.0965285781579097	3.181574040648966	2.0755682627580274	2.563388199817636	2.7969373133839106	3.593930751281431	2.876430762386693	2.9653723040059656	3.110763019987207	3.256641483264304	3.0199491818247473	2.0756635719585175	3.573952112556124	2.9517932103542486	3.1731577082109306	2.7262547532025323	2.313513463806311
187	FITM1~A5D6W6	0.13999900548065602	3.2790917914315836	2.5299238882460124	2.412805502588992	2.1989648851485577	3.906427589885913	2.8480758326626683	4.428036287777515	3.6327230212718744	4.098029190636258	4.066241143245245	4.432162359673598	3.5305239772733352	4.116882821370947	4.113242358744999	3.8704500439740346	3.998455457230586	2.6794425145146077	-0.11749185750372104	2.4324697999526568	3.584582483672527	4.696414052018602	3.858531519219504	3.4448396093330493	3.849285780136547	2.5045155807021353	4.106430032994179	4.039726325876244	1.5548277048286683	4.035055298552554	4.164603150563501	4.1089381926899105	5.349742862121881	3.879236035110554	3.254666215700646	0.8790302953858687	3.7170446304624147	2.795183169708009	1.6252349395374128	3.2162242408283648	4.430057781024847	3.675769499953963	3.2633528825485403	3.860181168959077	5.353869262039046	3.6103855241780556	3.6150046413955064	3.737185233687803	3.4835851675704403	1.5065341031912673	2.880519956597803
188	FLNA~P21333	4.097819963800293	4.576006105763067	4.935482876476261	5.389533139529858	4.1168648996155985	3.5859433855457006	9.038345680106495	3.799481831722931	4.562338512914891	4.569997532295445	4.897055143347036	5.741357839189077	4.15952938993694	3.476791559336031	3.8225881404110646	3.706249906467158	3.551283117452508	3.846845271601336	4.145747319269679	4.916784986628536	7.360107097526291	4.231692147426679	3.9997282418179143	4.448183117337178	3.538458460938075	5.096244968092267	4.42608914572859	3.5547921135330536	3.600202169550935	3.7128332192291	3.843139841710031	3.5822491602272573	4.128546468041367	4.717337130440164	4.368941476117383	4.6596656207280684	4.498578991372552	3.786636560406029	4.042103535963659	3.5281346445785724	3.9111673063579997	3.627033965406743	4.22277102831242	3.387121210585485	4.011956768006478	4.57047128345222	5.075889090229219	4.070278534051465	4.591577472700449	4.630093004275323	4.154644923593759
189	FN1~P02751-1	10.754366415292127	10.726950691706236	10.525846468740518	9.204103630155807	10.479918383091452	10.857511512857322	15.969386872684353	10.402416325450286	11.048705207553478	10.859099942790566	10.698575068400357	11.549437927615966	9.753901131184305	10.29240884265064	9.906361067048584	10.38372591063428	10.591510818894296	11.230239200525496	9.990042834821283	11.968938226997826	10.950270301452981	10.665247534033915	11.206137376362648	10.80737123574825	11.69022928411505	11.345069637145892	10.328262529420613	10.607902332813449	10.318407376368508	9.034206714436568	11.47139589140432	10.473309013582314	8.787197348463584	9.969454328776706	11.443931247385457	8.905246789482963	9.94244541979234	10.231682627071695	9.723339619407604	10.723297117905789	10.259024710159093	10.805091329646332	10.247489198865452	9.138925775653949	10.327005570760967	10.012827741784754	11.681703387982497	10.514203689587992	11.023990670156577	11.051933615990055	10.604164874671866
190	FSTL1~Q12841	2.875342619100719	3.2047032208791704	3.777371814181676	2.810945085223351	3.315882569640108	2.183238738213658	1.4522151590591705	3.695131416992531	2.5879991533144424	3.4049396235721545	2.2555073891317505	4.217044622689381	3.6586866623674608	2.4775718937163176	3.1867854186296865	2.6438620234144476	3.3101947713070756	2.945222877916498	2.7936131317322865	3.517508285125169	3.8804526020193304	3.980606978688158	3.5539724512898268	3.008716183132753	3.1514977027071294	4.510180194223128	3.552332549359343	2.7495061159444756	3.2643324913335467	3.818306576671741	3.157867153233034	3.7593227728066925	1.117865746196606	3.8364160168379935	3.491074454549616	2.8955748201490237	3.167911476409977	3.8046173107708543	3.2212332349399624	2.6979432288482137	3.883540018531336	1.0065394904348266	3.895681499289128	3.3178724145461986	3.017894628318384	3.3228609023288964	2.8920626719322478	3.0528862412682023	2.7919130503011815	3.7839175471929543	3.126775198743969
191	FTL~P02792	1.3467458229158638	3.125112555478008	1.0406123793121627	2.835295619734189	3.850688178150289	3.674230529041784	0.7814393784961156	3.2704845434405594	1.9231977093736075	1.7951432824548803	1.9903618721643208	4.281267021172239	3.891375255040116	3.290712430724048	0.6890174836802611	4.1176001431675795	2.1815061025100557	2.447742479712171	4.081040453257189	0.49746310961799894	2.9905069523778027	2.677757809105143	4.040778331632511	2.1911548743190137	1.6467312358257953	1.859131325689399	-0.11560968094471757	1.117235619051348	3.144724360441937	3.2732354371736836	1.5075596675299723	0.13807577297557572	-0.4812365643811194	3.287254702127551	0.40524506612843203	1.604607064143095	2.5499926016716974	-0.14336946316852073	1.41522853572536	2.957281595501752	1.7021778697863001	2.8320222365361474	2.616227659238627	2.158530644447851	2.4087986439093774	0.9372564787790854	2.896990218754922	1.7801681241162626	2.076384551784474	3.5807380459898916	4.88141003079883
192	FUCA1~P04066	4.2269082444279755	2.461802654545205	3.095180490761995	3.170411515647324	2.9512840923548973	4.371390479278266	1.069884298397692	2.1502787621674564	4.004449031407809	3.8622272896906855	3.897248606847101	3.439655270215848	4.617638184592704	3.83519382745437	4.050725013075411	1.391975251384578	4.264747825676409	4.530869460060691	2.4778544693180917	0.6388748456484775	4.5362935847084005	0.6809328515459523	2.157045280036442	3.8718651095290113	2.022267731529667	3.7351943586820577	3.3221392741258393	4.240027597573376	3.1951225523617524	4.496594037115339	4.281380797981951	3.6021163945085277	4.267414225679313	3.435000632354303	3.040873124994988	2.6625202875660396	3.285582127955809	2.311346018156014	4.105928644446559	3.5917047226998164	4.152929713499766	3.019400353867999	3.4583153634702883	0.5741485095658002	2.3517572014304626	4.154887315624645	3.2118979464237016	3.312772328340664	4.430285747764687	4.4028705041266605	3.8630400282001225
193	FUCA2~Q9BTY2	3.9351472405936594	3.4149229972853274	4.152420710061408	3.3282655430510824	2.7499176983841056	4.401492565580682	3.4009226417010012	3.242601146077108	3.97162169636581	3.1089168229621333	4.072040006311564	0.8101591098720753	3.987323003457313	4.258909443913219	3.92269155287511	0.7701286688512989	3.7481012079231952	4.25528810010062	2.322323746522197	4.599706987317483	3.934834107893829	0.6500800805319702	0.47799785703566766	4.028487346835452	-0.6343528890150434	3.6245957983976713	3.8906183097926235	4.0564480327485075	3.6528153292977126	3.8766827429501203	4.047890071134294	3.277233331430372	4.431047247776045	3.9037077471399297	4.182893498641295	1.8464348319551052	3.173179977609	-0.688602508411754	4.097487098829397	4.225232889576593	4.52246803086757	-0.6267706840490774	3.837304643247872	0.04058989006108982	0.9711885916199117	4.093693188859287	3.9268460307765096	3.7990216823277447	4.621120011677635	4.164592256393666	3.456166008726493
194	GANAB~Q14697	1.3715166423304817	2.2438721526198373	2.357974634117389	0.10355806615602348	1.0928351949928508	2.038271823194637	3.787171536664649	1.5880313032966529	1.717265684739004	2.386789248214907	2.6005041427369116	3.4045345604152932	2.7784362253590955	-0.8403914534802381	0.6648802161186822	3.0921193260807835	2.134428983807423	1.8026254191849125	2.2130785521258227	1.9915639700600283	2.8419362906631402	2.448009273816479	1.5619366283308016	0.8756713696876787	2.327972643538088	2.6875070392453857	1.8995402134500945	2.134910228836987	1.732830093979248	2.3313570865337674	0.6145036729440233	1.8150849723376665	1.567960490794015	1.2420365198516998	1.0390375072814464	2.581501846110388	1.6898679083618868	2.026696334249961	2.6409943135087284	1.8488020001898136	1.9253656409709063	1.3832799045778694	2.459858322658954	1.8799108484938185	2.157995156991753	2.874963155108032	2.759837603963378	2.033903695665265	1.0954029789764916	2.573161878267711	1.4574243423234978
195	GAPDH~P04406	4.73500713729574	5.171743965779293	5.490267110485647	5.643247270222369	4.652750679844738	5.181558269580428	7.99311927419635	4.560063045430458	4.938373916109462	5.1554081121603	5.203683006707574	4.639320281928703	4.42890220411612	3.9093540345010536	5.992268477873476	3.821872833831524	4.25433520336859	4.606115770951239	4.295556381591127	4.2931271052089865	7.011465291770429	4.528946348486089	4.759317286244666	4.910544013875208	4.5206528472155725	5.000078593930619	4.8159685823495675	4.956775119833289	4.804527017867245	4.526926854984546	4.677034928594051	4.514141311357211	4.144397632154493	4.947196996557488	6.358558381241199	6.131966515222361	4.847756550334131	4.418972208303334	4.587290184270272	4.7199461867630825	4.175660100685181	4.642746378607766	4.699723669303719	4.256301708595951	4.13070801964245	4.331254428816053	5.136349559089508	5.007631118168204	4.751137027677121	4.918348004653438	4.9411736370003
196	GART~P22102	4.9638250493738445	4.694434940034008	5.210934370537127	4.312186653428535	4.762624841542782	4.880302747820972	8.806686688432098	4.850753599010295	4.58446194438087	5.501110820636263	4.445105551157807	3.4456943651983076	1.436782761211596	4.518578964178217	4.659027069757528	0.5361759443050403	5.071804231229921	4.352994404002137	4.723228883709475	4.457527671885076	3.3178616525773745	3.9317952349755196	4.328351976772753	2.5627612336682355	4.98401759151893	4.326152265174576	4.1498702053860965	4.007484670233859	4.382147460855116	4.82969970510235	5.051372261048732	4.749909516974514	4.7077280527012535	4.468361531516737	4.162718156017858	4.865131765832831	5.25933309550412	4.7961746071532465	5.195921686841392	4.968329736485068	4.1810225574521676	3.8989004393720044	4.210936747961391	4.503732221885885	4.632997747855686	4.802279296930117	4.513616288063164	4.502370518136736	5.1237868845521355	4.555347776130411	4.9799546500412575
197	GC~D6RF35	12.943454616881304	12.804599685882408	13.041157802008536	13.087488092129158	12.947074969990021	12.490337385484542	11.801367049470313	12.860359368376017	12.610847550160651	12.622143335768174	12.598330386709112	12.55321327164205	12.742172180773409	12.523816647357707	12.568668809337858	12.84923785812118	12.931993019895728	12.574598262096801	13.122306361507599	12.358088691997189	12.57065020276613	12.574377906105479	12.840798568867408	12.78669877018588	12.803537955446384	12.206238749936977	12.67105411694667	12.911097069069045	12.636363528984026	12.962978587732891	13.026194992472819	12.904981288425898	13.412040643806863	12.901372575701345	12.962879064774363	12.80661864846674	12.772173497591075	12.953088005836124	12.82534566515116	12.697688337191952	12.960924801023875	13.069930405194757	13.031635585779817	13.1851744269679	13.19023235927348	12.878120999530669	12.850670248883567	12.938708353631322	12.642803437044742	12.611383954418761	12.957146599952617
198	GDI2~P50395	2.0240906322085093	1.6379931398352352	2.033385281791822	1.3173119955533015	2.5010464154539354	2.751699117656276	3.228371154334196	0.940128096777195	-0.2447310083342702	1.1499427498282433	1.8382007610124245	1.594077064502884	0.6751121884919284	0.9195922509050856	2.220402979965037	1.1298417442508946	1.0823865431714934	-0.3845192367573116	1.2006081473178791	0.5206966575812454	2.651305320191224	1.0743855132504918	0.4181454872517664	1.189292209709133	2.1635254938315978	1.4380640089268795	-0.7349426919297704	2.2543982111324534	0.7577155374850832	0.2412003697504297	1.0868142601899295	1.52884741372596	0.9022179500843136	2.059504057054407	2.251192572541189	2.5388398127506218	1.0332362924424703	0.8135418988995662	1.259633650692872	-0.4401406464818802	1.042249241668894	1.586075601545081	0.11629593347269729	1.7746121449981413	1.5813789535360845	2.1098429523032647	0.933023424646298	1.9870285430169916	0.6228578349582092	2.6155385637402695	1.902514597354068
199	GGH~Q92820	5.425034658473722	5.120642889848729	4.6577207753755605	4.973228772184717	5.015769781563997	5.076897290318825	3.83420637812653	4.7887686063585475	4.87708291752802	5.31941385794199	5.219837495581846	5.090141340229434	5.209928071194324	5.616979744722242	4.997011029074064	5.0229852520630605	4.795674168480752	4.973344664859413	4.896925845399918	4.722899543227653	5.013472108042641	5.186492713521667	4.7951714748643575	5.192542056656298	4.884418636160011	4.671879642366316	4.857183914120455	4.850834178936786	4.616783937394811	4.5801329497671635	4.379931315980004	4.545219381102588	4.489121414659037	4.958943733354529	4.063405779534115	4.612917978245285	4.143779757866667	5.064122216824738	4.655272485101179	5.067439120484737	4.450464462848019	4.373598400715118	4.725309044340061	3.8685748490636835	5.36334662044581	4.549627581755332	4.772966306426404	4.548495044696761	5.635190578720161	4.741213908611029	4.294587517517202
200	GGT3P~A6NGU5	0.7815712892106862	2.463230957365858	2.854780515651091	2.395781087029764	0.5007972120974261	5.597087775311579	0.7219338612623236	1.679371903877164	1.0792899572854435	0.8545314194327456	-1.4889175067129634	3.1282365112371835	3.515365141900223	5.569976447332332	1.0230960366351725	0.4050171985797245	2.9146877727664475	4.104738067468276	1.9839968104991295	4.299002961184936	5.447666189718416	3.6644213506451058	-0.19318966143559646	4.0508415690276465	2.643627008129557	0.807974818249848	3.8383583651178546	0.8536717645264694	4.8973530386512145	-0.026314772885509097	1.3251370650154728	0.7975944173412794	0.6598812618418204	0.19624786212055523	1.3667477405775812	2.58792558322189	0.42686161047492677	2.021146919924762	0.48025908708887627	3.952593918388226	1.4022196881421292	2.0609426604541268	0.9981982630042684	-0.8812014029942263	-0.011905134250223992	-2.029709393850361	-1.3050091803970956	1.2319083363602243	-0.012327541716299573	0.41278545417311113	1.8593321213161766
201	GLIPR2~Q9H4G4	2.3160770912638706	2.634885258236182	2.058258176395899	2.606548669322537	3.1791024011066416	2.8545937316557906	2.556766454471623	3.4870031448824594	2.3035795449239322	2.5059258878080692	2.6793316867841224	0.2710003081320383	2.9297013256152167	2.7228477546031966	2.24411133512139	2.804618984631746	2.7919721524303225	2.944754323306713	2.654277645575943	2.042714090549615	3.102096170826986	3.188988546983764	2.9700593602385625	2.598060226267328	2.955793200582635	2.399499333048374	2.5981515729690914	2.589302540990304	3.4749448006095385	2.6173843962676178	2.4556034009448746	2.9314334005006173	2.649200908987834	2.6869070836325357	3.1563925093776106	2.9884725068718443	3.054910304985929	2.6649148828906313	3.494277343760137	3.309751387107116	2.904817794080878	3.15480389657721	2.766020202051044	2.3934118000134212	2.9721754127487086	2.1068866913681434	3.2462040510144243	2.4139358308496295	2.998511238219153	2.5370511690828703	2.832347001981439
202	GNPTG~A0A804HI41	4.810368544558747	4.673398691642256	4.6460381956924275	4.469638588134282	4.928894130560954	4.918041307033694	3.293239810205226	4.3869935114395275	4.008573948439437	4.327894819262899	4.691349080546732	5.081477749242396	4.158903175417901	5.292721827823964	4.5796615556772915	4.389723100079829	4.683884287284777	5.002248296238192	3.9381074412460784	4.126488650778488	4.67803451989952	4.666334216506126	4.6484479934029395	4.027384994072992	4.673525287785653	5.630969506079149	4.530958972084229	3.6591375078902524	3.7669833672159427	4.8450277832390425	3.7548184017013697	4.67542160584935	3.634080062921511	3.997739840334959	4.588151544744151	4.30692334281739	3.9870683689658555	4.013155499598804	4.677686418998132	4.620739782859016	4.155565457047849	4.206397653587985	4.4502302218267715	4.2460816653072495	3.653837630618633	4.363422956731671	4.0476957408961685	4.033303181106523	4.831760980100083	3.0818413030142877	3.177972551952907
203	GOT1~P17174	0.8335732913671834	1.047254685908969	1.937447279908739	1.3460773141553255	1.6907254558494074	2.2075784479896368	2.4257144670502253	0.5563291160001993	-1.1917825833637035	1.6421298273304155	1.4479109339049676	1.1796520404136877	-0.9219624211931396	0.6852226278713396	2.580422820340501	-0.09338620539322684	1.8003756200588914	1.8075640378048674	0.63435515051549	0.10946451072899077	2.536067062052435	1.6027750830610856	0.9716928347940261	-0.12365954609409235	0.26120943336365904	2.8086299783335464	0.315321238784898	0.6169448737533001	1.8219132093658377	2.4357447720790923	1.8342569310251555	1.3773126177470527	1.106799051550723	2.3839484612959643	2.3717706632232223	0.7022340639541171	0.5912381011857167	1.2885222592661265	1.6223129440582276	2.095237001511406	1.1334943898809022	0.7700004977041508	-0.7071395218367911	1.4236604279546987	2.7194389596277624	1.5971316175802381	-0.005722126464836608	1.0062166582940753	1.1262375677174146	1.8089167372339134	0.4398857782802369
204	GP1BA~P07359	6.515268279610352	6.309362134408073	6.4612868372792756	8.098560638198707	6.128827574314303	5.943238183401774	7.489517134094292	6.708650941461073	6.0910023904187005	6.7177991930297525	6.093370654629229	7.020995024302598	6.917535887297787	6.227959457008869	6.067830185189172	6.1060275618481725	6.530081347941706	5.73790304213044	6.826332600333859	6.838402610178609	6.802243891140611	6.530367280345307	6.303139977055862	6.066372713216649	5.9977331224798505	6.250643656759137	6.305042644583566	6.53466610119692	6.470047012585861	6.472672125085228	6.779703527174299	6.575949689167696	6.457139114326649	6.964280047660683	7.0679063180658135	6.439611648753275	6.398166848226734	6.675591310266091	7.050810687598281	6.189525683330812	6.6904669539201125	6.7340582580727695	6.309541578379448	5.9387062002703725	6.789815194876121	6.714528524211711	6.469882489430657	6.5570725132287375	5.939532495924781	6.231536005670863	6.752215757113795
205	GP1BB~P13224	5.087427554025487	5.30949814194042	5.355378252098524	5.687319613292048	3.795614425188482	-0.29733443260839487	9.486744570474821	1.8326049015413672	4.893029562136382	4.841940032635753	4.984251205231352	6.210114965960381	1.7446530502310114	-1.3719262748392667	1.7180667254739181	4.537283462677644	1.329665194402053	4.9768400176339185	-0.4838915824755379	5.889442968751505	7.767826607008867	4.583466967289227	4.979725310382631	5.091769004808577	0.6778733670998472	5.6075827163385625	4.947711749423109	4.642735803823314	-0.4548369219769388	0.03451181297716177	4.713767215239492	0.37417013069105587	4.608638467893074	5.734873732400886	4.247799769937226	5.632926769818285	5.043152141182405	4.98016826065459	4.731950403431898	2.264594971969701	4.8469648900361495	3.9616050410504573	4.421268199443854	0.9264902162093029	4.6251067102265715	5.038889358273657	5.390353978188298	4.415541535366086	4.755233362402244	4.562473841530005	4.609482107422178
206	GP5~P40197	3.8304853230525855	2.8048170772760526	3.898288617151306	3.0632997811075278	2.582257086300373	0.3180786965416575	5.389737539734508	-0.3326621405736787	3.2710208322650245	0.19234763256444298	2.596350840233861	2.798741231521877	2.346254008059908	-0.5359940666478988	0.30667665480304696	0.8045699194518445	1.184633569085793	-0.4825063106491576	1.955288320972821	1.2316460866202772	4.497022199628746	2.638073373034695	3.8539695797945432	2.6123107070663196	1.9934951349908765	2.8565248840528317	3.1694646259849484	2.5122057649001848	2.6609945206032988	3.9415896302145734	1.0601475509590743	1.4799524762725609	1.1582801885915162	4.056635069323214	2.825800018629559	0.9839505753994503	2.378965268615294	2.923603413430038	3.099380559792498	0.7779134987344792	2.2491632315761003	1.6857203444859072	2.3244316398281093	-0.2356857927363757	4.198207460425939	-0.3317481606894108	0.6358094820160893	-0.354278906145268	2.2862476671108727	2.4195441377787543	-1.5133495749268442
207	GPLD1~P80108	8.698665989816536	7.692385422728705	9.081677658273357	7.838921618835402	9.135960671345195	8.184949174175784	7.6738613498904735	8.390439264022568	8.35932088132076	8.290133904781994	8.342076024779969	7.725451137827101	8.637150974643568	9.364278689420841	8.359360698338772	8.613890047220153	8.609771212750902	8.13122081443247	8.707644650982488	8.00503511050307	7.832503948962581	8.368654988590695	8.83233193417299	8.510747631084168	8.987594246029271	8.303314064178858	7.7967780328801135	8.176495043311778	8.904016863392169	8.459479272679328	8.306120669849417	8.1705632598365	8.881071193080755	8.728613306859836	8.84354233583692	8.135138419472717	8.76879109080339	7.917727989505169	7.795398219000394	8.362169113001489	8.438258728802285	8.779397652632722	7.4641087114036795	8.594431336903977	8.825839702260101	8.203952984308554	8.469766008110167	8.805118003961315	8.462082217873345	8.091770618643736	8.916893843632877
208	GPX3~P22352	8.318702913568968	8.58060292485899	8.386393397675754	8.693133843045606	8.351302548555845	8.184908174081864	8.37417280954303	8.580437542371008	8.193047934045987	8.196946952220602	8.379247071710527	5.776918308216593	7.500268587014273	8.754867424641708	7.820102788831601	8.326231555267665	8.042348557041176	7.737762582365328	8.687466993010261	7.992296920760741	8.658747451401847	7.8229072585408606	8.537904190435212	8.600731658537413	8.796045155598145	8.178669257554358	8.12851468873245	8.625512544822623	8.708553595971537	8.813246499744954	8.754339601545311	8.97706640898414	8.461804402764704	8.725632635139641	8.677222834936423	8.75687328612477	8.423786332868191	8.588323709387813	8.507641503254991	8.554780054440984	8.69686100743736	8.738893297519606	8.696206232140034	8.513168319498387	8.742805913655195	8.884997534224722	8.745575957390253	8.48366081161259	8.463373199909013	8.26305338112815	8.609703590964187
209	GSN~P06396	10.873205743205116	10.920093937415894	11.215585135727519	10.726172831546796	11.020758046675649	10.79894685464655	10.355715907682953	11.103580441921073	10.662829484027876	11.117961206047054	10.951181090829824	10.814428446791624	10.893961654304707	10.807100660157369	10.865384028225682	10.958445098329284	11.17568233149017	10.84011308392783	11.15865205882105	10.637929038480472	11.046447776703062	10.688232057593428	11.14241373704172	10.767638623190985	10.686264126845899	10.916437864676144	10.440375087474026	11.378037878800066	10.70424107857958	11.444891664513216	11.592176305754858	11.770906616312256	11.095254549983167	11.41253961186266	11.32916291389895	11.133296516232859	11.131818190722516	11.52060741137541	11.659703833352385	11.008222575481167	11.62987885249379	11.686905801637211	11.210060996449812	11.281330420302485	11.25020992630616	10.975455120496775	11.484636571613052	10.928098324185267	11.04908459368029	10.917124647966782	11.041572096418534
210	GSR~P00390	3.700116460380244	2.580803474568492	3.1144664521236676	3.938879176692182	3.489784887592741	3.6282472773435446	4.261142417173993	3.555024260676067	3.5004384346982835	3.7408009673011113	3.632886510410645	2.8750156690484086	3.8447240552447584	3.647190503216733	2.9772050572365107	2.948459918204363	3.03071208911505	3.5509458936148066	3.2921990245342414	3.461578490280647	3.903453271692242	2.940335554743477	3.406499444141753	3.3230293265551003	3.63880863618545	3.790539709365504	2.962636757662445	3.623962623435769	3.8343715143699635	3.453463186773319	3.3406091426202895	3.6606745952647537	2.461060094105516	3.71297728118651	3.151197129641215	3.349019300975182	3.402886763960314	3.562353537113897	3.582391363442928	3.6622286304554916	3.6077370033291465	2.8733917290959163	3.2593147034457743	3.3842086757522027	3.160942379002641	3.1454100935949083	3.72263808024739	3.416496549974698	3.4044334717612834	3.1143137752808285	3.904648493612626
211	GSS~A0A2R8Y430	1.1789815609858831	1.380949746577058	0.6666580484778467	1.9213315799439343	1.120568105219996	1.4817032451774692	4.455730310920115	0.6873964910771297	2.063750912798204	2.135539584129074	1.460366776028892	0.49098889644546173	-0.3701208958386726	2.8596343251657794	2.4483132026285874	1.523697382299363	1.6778142520957002	2.2886479963308344	0.5931966597667656	-0.03187234609542533	2.097404955677776	-0.09079032513086438	-0.5429418642182331	1.1390138662721927	-0.3391386882826797	2.263589716918005	-0.03823118900300482	0.5369367770004813	-0.9444616944727784	0.38098944288318093	0.14669712704124316	0.5663469599078602	1.1410158016847851	1.6514718631774443	1.8906072707747712	-0.6484653572197014	-1.4380282188246873	0.7036167549352305	0.9513058368813384	2.2145204179507263	0.31225962059806067	-0.1840164226881673	1.32883787512674	-0.8413589061120441	2.67804687214768	1.053998400540772	0.5510092425868207	2.419514820171108	1.568348154391926	2.6277953544187933	0.9915351249409927
212	GSTO1~P78417	4.913941868518072	5.119325391618802	5.333401474084656	5.428634663849471	5.234109455054525	4.45532609139236	6.701137640108866	5.238285335143891	3.5480793033968054	5.092518759572297	4.9891055739000745	4.994291883292242	4.894690392248073	5.028657980187382	5.52346049768054	4.025627754590458	2.723374723870553	5.2765492796581235	4.711539374639194	4.9658444250536355	6.077472762498311	4.849476975041687	4.203181741753574	4.628335620023323	4.557507290267448	5.371796448296291	3.3192815388124206	5.2847261245509785	5.252892192643497	5.019567654000053	4.852370820498215	5.003111591831942	4.5696999972779135	4.721963205511692	5.396173194300276	5.531557797960491	4.230014423603503	3.4509027601788316	4.462598125302464	4.9026835044623995	4.40095667783056	4.392416612410186	4.061661576380163	4.795794737374975	4.456686918035829	4.7657800941592585	4.584811492050842	4.82513959653867	4.769422220098056	4.6201127456160735	4.123180014380113
213	HABP2~Q14520	8.331378546678108	8.50760714802738	8.5544558261125	8.570480548427463	9.00146300229299	8.547868858526707	7.326904659610843	8.42183690877315	8.66732467820097	8.32087448850048	8.481839209862633	8.359956347702548	8.358829580277428	8.607635539199418	8.356801327400111	8.601294056080311	8.410741820039345	8.488532657726655	8.266673894361583	7.794478634004048	8.115486319242287	8.633747351059247	8.405054574275875	8.807311385221077	8.616460225079447	8.495924298501922	8.258879691653704	8.219949133556929	8.377366637706677	8.726687051997324	8.38528986297681	8.720849295021225	8.823717279843118	8.492329126912663	8.366838711800591	8.353035203913752	8.389953985964421	8.250170305758719	8.404387862607587	8.788814498217116	8.721393162688127	8.571148975185585	8.633599922538723	8.26435354010713	8.545390617897763	8.416351063532453	8.172235209092241	8.417251452139908	8.530981944354277	8.536409678608429	8.719856283402821
214	HBA2~P69905	11.641284891693022	12.612043602282375	12.222886565701591	11.041958541386336	11.925842254059916	12.629490253096096	10.681826791693535	12.71700529117737	11.239559635893928	12.51653335431067	11.050315498279925	10.599109456014315	12.000676249248452	11.75260952065563	14.559085061100584	11.347407263187034	12.538509732042165	11.893312456690731	12.447881052373228	11.394055725751896	11.69567136693598	12.124159184500785	12.423116936280659	12.139503733154122	11.182688194170984	11.803086194988044	11.458771429461885	14.022389657305625	11.749871165998576	12.751312870345554	12.94096519227979	11.880383749498248	11.81331745758297	12.287144770285316	15.03643255522059	14.599004998840515	12.689716402098629	12.68381041608306	12.67536086921514	12.886961261933916	11.808904881291882	12.509623647880225	12.442911233914879	13.230624890657797	11.963287082922848	11.985194404232832	12.49610941301031	13.76736827143937	11.421618260207191	12.055271676847125	11.832727122312624
215	HBB~P68871	13.274686686428609	14.008288239995677	13.52083613453173	12.3081016506818	13.113511678468935	13.845324459536265	12.77622407466868	14.019416813260701	12.453328540707325	13.769445425538422	12.148727304125618	11.948979922302216	13.60933014891916	13.0709250935784	15.624165046496598	12.481269402608895	13.77976633714289	13.23289662452097	13.755036291332319	12.8778114315939	12.864876909593328	13.151178080397155	13.65141262819728	13.417886243206132	12.75960956902338	13.003975743221895	12.741527060136926	15.473173357595279	12.954581943806366	14.224905060619845	14.30333747861829	13.464581021803946	13.53321493523766	13.743454880061577	16.14075629864492	15.980547101930725	14.027302135986899	14.084009021605372	13.96072696684705	14.087478542169263	13.067638850785512	13.85607915591907	13.733932210710472	14.610291005753494	13.283869189154732	13.173188824260775	13.752075764971972	14.951822729240897	12.719563458243709	13.220056628628093	13.574013343998526
216	HBD~P02042	8.10554361699888	8.61753091290774	8.219873970843965	6.895054900666991	7.433745879731306	8.373691054206807	7.296988301080111	8.645345973302522	6.761616866505458	8.4902066271708	6.700593912191383	6.406300260131283	8.166656842507352	7.682655713794525	10.354826165551382	7.017181878592314	8.528422632356444	7.951145865822924	8.47670282455586	7.403788442538543	7.836616340159132	7.925480372074169	8.180079269264375	8.205320164503265	7.231388050891423	7.706130471878311	7.085371473892665	10.367104358566202	7.660982229644738	9.217243616711082	9.162357827468183	7.979456683741996	8.037639781679696	8.755905280366099	11.549090986386098	11.08320758880862	8.770567316355974	8.86767267129208	8.854204584068585	8.850488750198231	7.945427493398474	8.463287877256112	8.35533442635211	9.552685277991019	8.044779142343755	7.8463183926082465	8.56808855805947	9.823730688895818	7.453871946485348	7.852857880948591	8.140936930416773
217	HBG2~P69892	5.112283433172537	5.448681587921858	4.095819207032657	2.106000619150257	4.403561970576184	2.616226873858718	6.233397912942714	5.388535797368916	1.168971177628634	4.98251928687097	1.116337213173234	4.313525503768484	4.488036120959685	4.3934313092025175	7.046821763202445	3.863278003070538	4.756542681551262	4.648130102072631	-1.3144209020428028	3.7860744571831755	4.45201721987122	8.042466960630053	4.821287991554072	6.555492187611938	2.0714464787924447	5.029265992467912	3.586396581654398	9.207037562965413	4.472278699781835	6.041069379285201	5.318988463868839	4.757731710248138	3.780058813261229	6.011213091449208	9.141664376059936	7.226337072026865	4.4601192602587485	6.9710887354704285	6.389339346119548	5.229717599898605	5.9187145911237184	5.295685150030453	0.9984416899302478	5.056323328226152	3.9275519302153836	3.8404827118988054	4.180583313188784	6.9522929938919695	4.1964512956430395	3.5623828862606026	5.07575381613415
218	HGFAC~Q04756	7.080581881651865	6.4958657593269145	7.139866536551896	6.782233495965024	7.394612759939784	5.874257407374578	6.108938511638674	7.531531741355227	6.361358182051128	6.75965924206524	7.152935436833493	6.754565718589164	7.48787167445136	6.778606165552775	7.086321558208341	7.044692275194036	7.281696891921575	7.468753913709673	6.929370663255018	6.858274450708435	6.937545609493935	7.234583134328989	6.9968802175898075	7.1029424309142755	7.180163212919095	6.702497807840772	6.6033109871841935	6.9277368269185535	7.012394707784684	7.661765269932446	7.011865172669457	7.75648923619871	6.483549865660069	6.485183918080956	7.088965470086445	7.297683300360474	7.326804564133197	7.603124524642819	7.589973503082037	6.743590780797431	7.2485498477718275	7.136515410906324	6.856934676618422	6.853603391583367	7.3799913172907825	7.244836337137542	6.846082674146234	6.765566046865886	6.794885912866325	7.191628560416645	7.326728459499474
219	HLA-A~A0A1W2PS24	2.4169981015450817	3.0376702761246865	-0.8714720898449073	4.38527972402441	2.9255898766416784	1.7387230777990497	4.287575570632801	1.4555258311417827	0.26346309750951424	1.7704223385677196	3.3486338835563205	3.304994896168594	0.8061499354259304	2.318377584845713	1.7917569948150385	2.3181701305192073	1.5380813564514422	2.970601740941865	-0.09722867730463403	-0.04116490556518626	3.2079176824465696	2.3793946294111685	-0.2721361818624992	0.8450415477222926	2.8456417466219643	2.460771960183186	1.9807667250384484	0.7730470226461555	3.6652672715998387	1.050310733588336	1.0016672755635927	1.6526875590558454	0.30091053282918967	3.0211586528141123	0.016159199362944965	-0.06378026198897369	0.8687951081726277	0.9307077861405404	1.650891562166531	3.4762426261704684	1.7711746835882654	-0.5023177293918459	2.214774296909223	3.7117394321274237	2.7298801146395593	1.6988703831289003	1.0566409573343234	3.2615570286713362	1.5797766282446981	1.5435028264342292	1.3909931056229776
220	HLA-B~D9J307	0.8515979912459732	3.2506234189049947	0.28109848876849586	3.9711606738788845	0.8870002044326067	2.789038660458099	3.5323036025958485	2.6346630656807926	1.685693485798421	2.6137713700720955	3.024964624520375	2.999319218060073	1.8860611137029775	3.7233245148506224	1.8945584768858281	2.615338223109587	-0.27414645146553107	2.88382953312824	0.1990481479506533	1.7216091713885093	3.4287127334949536	2.317413855921161	0.9900951196063427	1.5562606956470335	2.7072556952088833	2.922861289297412	3.243577876149079	2.813136777375974	3.2202038307243606	1.9712543638912134	2.706671696030539	0.8862686117362824	1.4045122123767178	0.6785038572078641	0.6269708729586535	0.473775353614691	-0.19979124056281516	1.1286159959192106	1.1364473088953893	2.3024962716283466	1.0177418531594793	0.9962374780706051	3.0446991113781543	0.8191311384159686	2.815816078966922	0.15489696048796642	2.7568882470399103	2.483122361074086	3.066265125682322	0.9942686498137604	0.5710996473538181
221	HLA-C~A0A140T912	4.035501553567661	6.176867072661255	4.103668156377179	6.882733526888782	3.54185829785094	3.9544540616151527	6.997799610642847	4.863721229433288	3.7609673941121615	4.60595950249874	5.146917435943564	4.583303290257256	3.7472558846850004	5.017118147224709	4.072500155761099	5.354991302718664	3.387145802222934	6.326978698372491	3.9329422624841133	4.475897906570696	5.559175174008006	4.029549093444285	3.7215375197453078	4.302679917986545	5.762903786252618	4.373699283885375	4.173088457338248	4.206775910991439	6.35119361547394	4.230188177917131	4.035476886435897	3.985681883173662	4.455016359778297	3.9387133781277037	3.5261290616648386	4.001579311847782	3.9818923785581624	3.161438543671659	4.079088399968706	6.1136061033510165	5.044684605290367	4.774241235777816	3.1204631795813857	5.75810556585288	5.489653221794068	4.2100305169085335	3.8666923092175667	4.531162496041442	5.194025330672543	4.038473120444224	4.72723703484995
222	HPRT1~P00492	2.7267575866131373	-0.5572128751083913	1.1426429569369745	1.768692067052729	1.286570310641345	2.5297011254825046	3.379662204518629	0.39522131951205414	1.1932207824731726	0.2019077810941565	1.4671158859315225	2.3414361667631187	1.5656077690169914	1.9941425291381263	3.1430191134702596	0.44024423239898225	1.9770526203677703	-0.5962105204919657	-0.39637750385892456	1.479214620075513	2.162849357794379	0.4119478520277129	1.9571614825885386	0.5595738010621888	-0.08892744815954434	2.3584854089985146	0.6485152583599952	3.2531776490695723	1.518221710851166	0.7256075777717469	1.4882196755710762	1.436874373895158	0.7087848991633655	2.094052100330468	2.934449548052611	2.638920411980119	1.4872303870183499	0.686479792789489	0.8161851465749794	1.4478346528188177	0.7025843761456221	1.9971302033549818	1.546112112193133	1.7655167568997625	0.10867848639496747	-0.5407138456961353	1.2692270042630083	0.9563973399557805	1.3356024347124709	1.2426916987909518	0.7290952212023758
223	HPR~P00739	9.439288377685534	9.275392652133373	9.851437574763153	9.07908530660686	10.436263573189464	9.079898795060322	7.722123873928235	10.054910139426083	10.626996993465402	8.907041932403486	9.479863876969546	9.315914346981751	9.86273146280496	9.174510941180841	9.29285155143634	9.916812862091495	10.168098383501302	9.295327260248712	10.045134726258805	10.06014292532361	9.203470632630012	8.77171079931002	9.374870339699406	9.608784973181905	9.233562337404374	8.598905643967228	9.636804812538955	9.753687252055451	9.228091465487719	9.075042969983969	9.215313474745702	9.001100441150971	11.353606819948546	9.733201663665534	10.144439799820573	10.146834642155323	10.186742506366091	10.551589402848865	9.9584832431382	9.75817999996307	9.660671113878017	9.16827684875409	10.114342373629977	9.697343568054016	10.889593918865891	10.259096854669343	9.720718644432173	10.73495526482098	9.319760448963141	9.961940317315163	9.524850980715373
224	HPX~P02790	15.209688953327849	14.908228687834116	15.121788016863775	15.107109138173396	15.220254321865573	14.83045988738021	14.156390966235103	15.171350453580352	15.03229733909614	15.013371918697944	15.17763274032533	14.609780341449286	15.055632627259268	14.778183935034898	14.931981121113774	15.149375007644052	15.190744773030803	15.017039966235362	15.490408881273593	15.252476895568938	14.541903305594355	14.856697077588159	14.813194233394967	15.109205606472521	15.02401062929226	14.813097036439823	15.049489971037616	14.976542710349497	15.086199571476202	15.196705072676165	14.806698880225607	15.110524409584022	15.3232099654626	14.782965525209292	14.792777587305975	14.813226533048246	15.025795854583228	15.086460704449976	15.124384348566522	15.029202792700891	15.032511578500486	14.77719791515882	15.034955757639974	15.086194711233372	15.033958290776212	15.087463326848331	14.754857029063798	15.220644608956222	14.927735832427546	14.960083531038743	15.170621630490398
225	HP~P00738	16.026210867870905	15.829127708153463	15.388035816228408	14.77314383589557	16.095597426827133	15.394409572714638	13.465776874814312	15.475712901116026	16.176483173311592	15.707470249988992	15.23937578869013	15.906709245703887	15.780370155036264	14.738428355927505	15.504354093226207	16.377553308759513	15.990941932435653	15.317325936218126	16.505991771018547	15.725178068768008	9.695675401993029	14.575771195141543	14.722802320798172	15.20422947978956	15.928544669568417	15.04182455878867	16.230406770707543	15.576598173872418	15.122460722685897	14.966952391105158	14.569339350778694	15.557125698636577	15.824632792984584	14.97258230045697	15.1105999154083	15.52891273526831	14.103611494728833	15.758192303592296	15.738339803178839	15.65229936565846	14.447086884655443	14.718333863004245	16.38427627369717	14.24438227358453	15.874280112237471	15.374413626897836	14.104035762788984	14.709315030756485	15.392386607283408	15.83646417402212	15.143351604114265
226	HRG~P04196	12.041798161747364	12.337480081371119	11.892931948328092	11.777629563611574	12.379158080246194	12.251849176043315	10.789023830195719	12.440663141935763	12.303415245279329	11.808714712937054	11.901361066208123	12.455630113161728	11.791885236696716	12.375772330530102	11.797923985378638	12.0839541787121	12.16215234612426	12.32010626794005	11.831193473264626	11.422509465822378	11.461304200714485	12.3354465125921	12.286079406960077	12.43750890035364	11.947591728185802	12.512756494652264	11.679662426507031	11.967137057388207	11.913153660053087	11.730494081343476	12.112134821404295	12.016562800413222	11.483704351262762	12.012497863503084	12.123031573351366	11.823190147032191	11.871446093902774	11.78826190701339	12.006667128717593	12.039813659841863	12.185848160059818	11.993260535250492	11.996463747899316	12.039956026294714	12.363521613058113	12.548413199586856	11.415932563248012	11.7659815690222	12.563913338706824	12.111099842662576	12.045087386809932
227	HSP90AA1~P07900	3.17617314910749	3.5313715840301665	2.758475563095683	2.9356318730612396	2.1261303463712697	2.5840772064297086	7.237293125577206	2.2103516348493932	2.2149685663919976	2.655929727433306	1.820952646413153	2.757347481831681	1.497405768220157	1.2736921769770808	1.1904176027799112	1.819739496556862	0.1395315665692597	1.6829911957424573	0.6201420867133953	1.9120262475743457	3.615110304535771	1.6201336698977953	0.08591545232289255	3.2485520192457153	4.539784174602531	2.608857712774958	3.106489139982849	2.118518789807819	4.285835232646615	3.1716735781929417	0.13788221658755118	2.1149360130693076	0.03613956417304127	0.59983669973497	3.019921363730662	3.611128387843761	-0.5347410879522105	1.655227493447789	-0.18448212604499492	3.5866105287265144	1.5138038646074354	1.0722902803996694	-0.19527880196271818	-0.45088527783729715	1.812212442143051	1.0837896778305565	2.192649656973208	1.189140106274542	4.4289038649083805	3.3149618281438613	4.084167535051632
228	HSP90B1~A0A7P0TAE1	4.489567846942883	4.560735615564317	4.041260760014093	4.296173636973673	3.718115795112353	4.142797773937925	5.7019831377099495	4.407566653819361	4.0135802979056905	4.194200016241697	4.1481403043306715	4.695415542517878	4.576866041470821	4.319963541547857	4.364951372177174	3.6461362254351366	3.8721428823239052	3.792881721801946	3.209017932816217	4.243336280558195	4.932124260555525	4.115591250640078	3.7054019492806924	4.112457801766695	4.356409117438263	4.804960411651438	4.049369150915906	4.323535993054272	4.513917064631421	4.22325065426748	3.968891131754335	4.031929324639754	4.37600612233663	4.394510842815995	4.400308788803961	4.182037845270255	3.9503778180537394	4.021309069861736	3.9679070518899393	4.37597564142575	4.361690961134996	4.283909731352926	3.8137299226600527	4.176544957115568	4.118054864754754	4.1659037220698725	4.2404466388923785	4.0956099813340066	4.244487237673925	4.301085584804466	4.32456335013637
229	HSPA5~A0A7P0TB36	5.460079878834276	5.407366320361495	5.622794397812918	5.831016274941911	5.693873582508451	5.583501628625836	7.180205258808922	5.317562906912165	5.438464717376013	5.559573844409246	5.701764804612651	5.424203458621659	5.849836959779441	5.78595456933626	5.586950053030003	5.5199092698516905	5.448097269746724	5.852259080081949	5.407242735106223	5.436145362443468	6.456457695990121	5.6061624335195805	5.442253312666736	5.4729063443973125	6.157797472804495	6.053083189048484	5.708482240186795	5.512361914762204	6.204412337806159	5.825946328417949	5.736842552531066	5.778397522315853	5.740390172551901	5.622699571949299	5.484791432495489	5.695897312752736	5.317574361119669	5.510447038078107	5.6454470186788255	5.484409903971022	5.871683062284489	5.56535465528532	5.852785032344489	5.439179293817287	5.101794741993299	5.835886374393942	5.536505013293186	5.500826322461309	5.548175869554343	5.366275784436887	5.536738461807839
230	HSPA8~P11142	4.210203721343589	4.363986730862092	4.538856740966224	4.418561158763095	4.292642078515238	3.563466057646755	7.2032821281820185	4.011988662969187	4.023649969105665	4.462269104274721	4.080014970260721	4.568530929464157	3.9374350668165676	3.622370369487639	4.24062874851198	3.4875200320396487	3.713988457685628	3.9678943905409123	3.5397262052811675	4.508068214087136	6.01635264100278	4.416532371666105	4.145431862500604	4.31189407315433	4.6472599045025165	4.7771423192432945	4.208626868497694	4.230873020636998	4.3294683007489265	4.223611557903103	4.112260521863786	4.099594696789301	3.928013359227434	4.3937953886820615	4.968029966711159	4.713032048236766	3.7790969246608435	4.048870141388466	4.3971749364367865	4.170379422686493	4.644282203568225	4.202530404766096	4.617025720826125	3.744348118430762	4.046369836766348	4.23575058658075	4.661849301078803	4.193697550240924	4.3643378756463	4.206994801906147	4.17114517994318
231	HSPB1~A0A6Q8PF43	0.8263843525614964	2.513895746130528	1.5347344855860316	3.16977181409541	3.1928503891199957	0.3365158103887359	5.713528004547965	-0.16621083871518894	2.8812259161248432	2.2512919549809975	3.1951985650292367	1.7663552828773161	3.139384131660906	2.4074317946491512	3.030107886290198	2.5940168913830046	0.19948116755954703	2.08601033393018	1.6789956410491802	3.7060758638916513	4.075525338921321	2.962227849344225	0.4619317724686676	3.1623578274681825	0.7958679015682588	3.127721237709043	3.170263882115947	1.4361424218117018	1.9203541276246763	0.8426267897018915	-0.45524172081469105	1.0711543669751067	1.3564730967446268	3.0894742424663235	2.728215325998757	2.5810250357830453	2.8120341966078004	-1.3984145043964098	2.1246017476526418	0.8681325475013636	1.6006964962785388	0.4496705831692154	1.722733125281978	1.7515302408457136	1.1916367567782704	0.799056969596891	2.924151667124151	3.4470457640065852	3.106738321201598	1.4634935661236181	2.479105263566718
232	HSPD1~P10809	3.2666315782379156	2.1453223926761535	3.3693116546802373	2.266113820034409	1.198195452916063	2.6242423704113924	5.856736965050563	0.8385735289920109	1.584503119258129	0.05120928495563237	3.5373665341130263	1.8660015226548228	1.9113384954254107	2.5204582662647748	2.803785380581764	-0.11091126333408186	-0.12409161751368669	3.027792802505502	-0.03797403304006752	1.5765042738835078	2.9919937028123984	2.1101829921993778	3.8144864381406474	-0.6714522538084366	2.63235227373213	1.7310508005637852	0.08577654185507905	0.7410927762107333	3.0219950546592145	0.9866181111061422	0.6873944204481208	2.186366401196076	0.12564126527494357	-0.1546127174095442	0.45144058675788573	1.486737206500226	0.8394098808016647	0.38390442763337274	1.3341582999201602	3.0648869673244103	3.1922875462062703	0.45499193672322247	-0.47434691114428573	3.552492390205861	0.3139931952044226	0.23733981231047402	0.5725216680639988	0.19886791111090052	2.591226592591281	0.8899729883826878	2.5689026763497442
233	HSPG2~P98160	3.6107270457012945	3.533954419991953	3.6031075414288622	3.521753659471465	3.5908014042299907	3.6325384359620494	5.447397692518327	3.524877994978351	3.144651864266886	3.5240736856589985	3.648417271720374	4.3006603363439115	3.7986006396133036	3.601851135048229	3.146419358851823	3.4998041697601483	3.5379448204843125	3.4737540490861862	3.4944918459880565	3.4901529981432167	3.7079228485396576	4.11328576490887	4.005684507658107	3.448386055351797	3.551742286514596	3.921641482986129	3.52888198206389	3.881127873876798	3.5437682971039086	4.118479976661077	3.776740439564927	3.9799747046277716	3.6747281515915926	3.399458261593056	3.868381835172966	3.4256130252465136	3.1713176178701135	3.5171871066574085	3.802407894493789	3.6129175284260713	3.995801216852988	4.089461957735379	3.5745192704228206	3.477349178227155	3.8213168986468613	3.3561984620518777	3.990977237437798	3.5901848640711336	3.8675671997976293	3.65099681996912	3.639135765823435
234	ICAM1~P05362	5.01147808831104	4.933854961126238	4.525536938503993	5.2264151328564825	4.949528681517595	6.420065583042732	4.539105432623419	4.719795196041597	5.085710548999743	4.980224055768349	5.30694266710078	5.291549855729366	5.213287884842044	6.828370503896352	5.042341041675834	4.467850043998073	4.9751486916500856	5.2459289586285065	4.6400842653075305	5.1898905987064285	5.702671542869277	5.126546941671815	4.722506132352392	5.071342386562638	5.480202842032121	5.877145841506498	5.920076850283445	4.4276618250385695	5.56800746898877	4.532103688650274	4.6990563145656825	4.619448829563512	4.583539502644181	4.917630666986538	4.242105447324125	4.4064502670632635	4.466471705938408	4.68731662282308	4.640574939649339	5.149656116011622	4.654501973132624	4.71844288459082	3.7349170309264914	4.425038373260542	4.04325479006244	4.469848340764203	4.6490407937564955	4.294593827330712	5.728388171549198	4.923291483032238	4.836598235156188
235	ICAM2~J3QKR4	4.265166331954354	3.4708262869727458	4.166075408046408	5.069212093277041	3.8274053155400107	4.056199605395601	2.40832339093628	4.065946258094042	4.074574811810948	3.976303124542426	4.471649541756204	4.589516171877285	3.422945305295473	4.2563594471386885	4.006312208814129	3.6801198606139423	3.7930516563339443	4.1151257479080074	3.502095983005661	3.336231540123348	3.6071520475695342	4.924490414216306	3.5315436394068818	3.609589190225028	4.013507717885429	4.42813509700375	3.6402142600533645	4.0195128509210845	3.74474218747928	3.710347591478422	4.1970807788099425	3.5137596375407876	3.6428400061304473	3.3709850609217256	4.105688753566206	3.7147372845693907	4.5784037896281875	4.090107249446306	4.210637756126295	3.671790687581487	4.298771869981423	4.3174375947025405	4.672895324345506	4.452330235577368	3.58080301462399	4.551350951778243	3.7453340639337767	4.005852206815962	3.8554286511369136	4.572574642745345	2.699887680522886
236	ICOSLG~A0A2R8Y5W7	4.217084719603701	4.671474227496433	5.065117299803262	4.923173494102127	4.998440478634852	4.607337425876165	3.4054948092041095	5.284978814827924	4.55937078835741	5.094130050527789	4.943027442585542	4.897005642073409	4.46778438540884	4.9667800204450945	4.769674433126748	4.6641009905207	4.869572758804232	5.018937207999314	4.939277894465342	4.489588180579564	4.318104053362868	5.027632864902991	5.246322801627971	4.649865526201241	4.758143596875331	5.340620415307735	5.212329542084126	4.503670966154718	3.9655637777978288	4.8088269319880785	4.978903312230874	5.022775349052918	4.24826014385178	5.084152447008896	4.942682820393951	4.08826660585211	4.271855660399023	4.867026431252361	4.973296924862534	4.9690671160061965	5.006731836973326	4.603391134896211	4.716105530754741	4.839860110832071	4.806323640402726	4.210928724138797	4.670393788583675	4.415830078552527	5.09049480286106	4.891832086376681	4.974588676347721
237	IDH1~O75874	6.380560412678234	6.167424118253415	5.916487250375187	6.205738223219486	6.203703465850288	5.729159132288768	6.162941376277395	2.106103635793758	5.743581536255215	6.184164977808392	5.769107497291452	0.84196000765365	6.024694823844489	6.415838329162247	5.86543264408874	6.2709153579208134	6.157142435606261	6.361877396314427	6.076177545573255	5.572031824108027	5.8589531641587405	6.5236552723208705	5.5944152762026444	5.947226342050618	6.0470090530411875	6.1784888819909	5.577990358252196	0.6888554949849744	6.482588017538435	6.251141129589381	5.797271062353429	6.025368723998467	5.770940985386104	5.806058179922056	5.95658123531661	6.10601078312199	5.371549211611217	5.7807280799972105	6.453718753649094	5.625183537677977	6.2376570976447345	5.841205076510827	6.3131099977833545	0.44246760650687134	-0.3008766901658584	5.974890236599088	5.630935189219728	6.5281847335392245	5.89422465679029	5.951747952816018	6.134965204623945
238	IDH2~P48735	1.8491855235794314	1.1714893138502036	2.0104162719799956	1.6724238312211441	-0.5866717808792161	0.08017061148181903	4.638426301919305	1.2635070007081703	-0.7342298299720624	-0.13127886109490505	2.543096384694055	1.851686048230763	0.775593296570797	0.2842569217456584	1.6619225816268048	2.32620151334031	3.5001056506165047	-1.1574373345341162	1.8180372301835053	2.8215875460522346	3.3196714319396525	0.5393702326838482	1.352889950844331	1.6788537586261625	0.8188199558425712	1.7486393412511094	1.2077239503245578	0.9816367830632154	3.1738169503812212	-0.6292010581030345	1.20831889410434	2.147099157692736	4.136990955676816	0.7222853868991788	1.3562532775996095	2.2109903875549803	-0.033526899304201274	1.4394707591997764	-0.08379978230262075	1.6188117112057068	4.634215364486186	0.7475708095786686	-1.0597244322686925	2.4640985492244063	0.9338719758744618	2.474398754022728	3.204913772287768	1.5024484615356144	1.0414327897773472	-0.6795574615885318	2.8614601924592202
239	IGF1~P05019	3.7126402397041347	2.76402702657959	5.132444816706332	4.057156196296999	3.8227421660177967	2.780900352914653	3.2413563752481593	3.818629958536177	3.4634562723805846	4.254543824955008	3.2082858655700504	3.1534363725897623	4.054387372258998	3.725459771167778	4.254317180046693	4.171153122621138	4.648315446609295	3.03734016461436	4.4453548981500415	2.75151760145048	2.4007696237245755	3.6887397058346405	4.072655359710663	4.179628956455068	3.867129962258091	2.130111912053644	3.1917640858499974	4.359184395795238	3.4025096187314223	4.647243103548156	4.738960382683287	5.3271004427417	3.6428713975278932	4.467299439017409	4.0885449952621045	4.421590140341442	4.758745146830611	4.810453275179553	5.273495270133245	3.6649871247091874	5.013120562763847	4.870503098713249	4.478000675523541	4.601060959830754	4.6554915263589605	4.336489806767244	4.59249718619293	4.7002725942426276	3.417935933111571	3.554027742486628	3.9756602156346363
240	IGF2R~A0A7I2V381	1.9846158521783714	-0.3418850220993255	2.249058462438855	1.618219689201639	1.793283001140346	-1.2020304849968564	2.719922173837425	1.959029284811087	-1.8600816211337388	1.7088480002234103	1.8231134518189598	1.197481755111069	0.42980594012558954	1.6752210790905497	0.0018953334043223524	2.5216176912353876	2.099983080095725	2.37316186696551	0.12344300629792937	1.5043125060619515	1.888279120065646	1.6208055472453662	0.4108327221085811	2.589785537163519	2.9916788568493775	2.3715944085785727	2.1117181813250365	2.468516284784174	1.9369334324946674	1.8919864871626062	2.5698719447799423	1.9459002933283538	2.79244577599059	1.4441826601368943	2.6031777374186325	2.949505349471437	2.3853858503072902	-0.4973635409299677	-1.100815471960178	0.087826122635831	2.7635958839240273	0.3653931451100033	2.6629211655318703	-0.8403263163468848	1.3206487649868754	2.689239050447144	2.2501003908245147	2.0669455022853724	1.8224466440650575	1.677285536644074	1.20979443260553
241	IGF2~P01344	7.236047778038102	6.501246548181472	7.017948473764122	7.2279922032864246	7.240323181408287	6.639442175494959	5.929642729318559	7.060098880213004	6.8667561595723585	7.540495706113333	6.609854383201906	7.002825314414416	7.349343328445168	7.162177398894311	7.762096807240533	7.11606168127482	7.249054555155357	7.298081871173956	7.17856212904198	6.98850483858593	6.307347027434659	7.1762276402685	7.0655686513906035	7.705918775339539	6.816741988370006	6.378255822687261	6.673752787856845	7.4770280763629895	7.001468500149259	7.5182866029451505	7.2615731607318335	6.8397611385294	7.496841955406909	7.525951462176943	7.201086822730476	7.333965093584341	7.514437644135205	7.520235359099344	7.934443158850806	7.255075695110163	7.340071210818207	7.266263976174126	7.27815066378355	7.3658625199874415	7.327408322406048	7.4677269316919075	7.250765077922606	7.458405486731395	7.044985535053408	7.480544932266	7.233432145202625
242	IGFALS~P35858	8.500058833397448	8.381568826219382	9.754471830287027	9.216325352232438	9.18657537813182	8.247067706097903	7.2992299621146906	8.912477226925478	9.364246890852332	9.139529494579998	8.52923107585504	7.550007637524821	8.636424491453534	8.848978364265248	9.370666789525197	9.31376669701377	9.376077418648043	8.997757668337238	9.495561073351444	8.439476971846382	8.29416539843144	8.984185046050813	9.395429145362789	9.559841274632658	8.33847253307755	7.087206260786947	8.390509981836942	9.629095877768771	9.074218896899948	9.649005258925843	9.63324492379524	9.67733447004581	9.458314487244282	9.528917264754659	9.506198605371653	9.509989751030002	9.590648607237531	9.670165866249224	9.723436284827713	9.247086689685322	9.74521156297338	9.68774985580975	9.284043074658623	9.46134092556527	9.773050243149767	9.578113397859655	9.436024980901966	9.96222405362377	8.81804711661894	9.282817943350924	9.031827717275384
243	IGFBP2~C9JMY1	1.0647915952837428	3.9707684782957786	3.1574690661877196	5.2016564131531675	3.4791664608366966	4.7546837584030825	3.7141058806513367	3.404604460766254	-1.0529921080236766	1.493496676927062	3.8585253539057365	7.055744816279888	4.5983875251821	4.2820383766534444	-0.09856344480281187	2.100656083710085	3.180238499998865	0.8908048597297211	3.9687726839360584	3.8724123347264774	4.8080319817012285	5.459123392803708	1.9109284124485608	4.679317832719168	3.730620325793594	3.8522602232502297	3.546008103618236	4.137322180100004	4.57234252689097	4.465383183730644	3.9170821149789066	4.010904179838682	2.2938350496850943	4.691419052285436	4.61734033747431	5.046924817242274	3.4700770593170778	3.625622011418114	3.8422930776748925	4.51591623073763	4.90919387389134	4.367755199748384	3.17746364091443	3.4955353343188222	2.7302364782273196	4.1458171177808465	3.7401495701744447	3.6861283822015642	4.127359460510733	2.265318585457447	2.6947069832559576
244	IGFBP3~A6XND0	7.609811558907243	6.924081696604672	8.058515002353872	7.58803954089921	7.873861797538288	6.892015501278134	6.955296934476547	7.530377163709144	7.698694812192881	7.928756181279426	7.351575519218945	7.177705270599267	7.560165694752256	7.582258694483807	8.282575195839573	7.895580089581176	8.012850753734053	7.98455622849212	7.580799335062696	7.190501097771628	7.226550663472945	8.03398499963173	8.123396331935943	8.16578015683983	7.404235561768096	6.6998022360748575	7.15110730173408	8.25957475686419	7.836519552796685	8.401998188147049	8.162182778266727	8.320440021747217	8.070831763214043	8.411101040314316	8.15786530335364	7.825009805767731	7.971058292161287	8.154959608231009	8.575827387950444	7.690410470921391	8.386748339482816	8.43684723974547	8.08633937745188	8.258210319248645	8.057535184698594	8.05679926447082	8.355572091120273	8.404708395546649	7.40261448514795	7.971980956685819	7.61702673004124
245	IGFBP4~P22692	3.9899142475867566	4.192842715465913	3.9804948929482116	3.81508479620268	4.236938839327761	3.9442992017294647	3.661694388627126	4.368305292827792	3.9593849723028836	3.9325812562417464	3.8296122265198154	6.047168854479515	4.256781688976474	4.1076398059468735	4.1343312112921025	3.9536709020401672	4.006630322462415	3.8284690016660794	4.412498909977826	4.7166222001964595	3.558257440032782	3.9786587072519675	3.8167809455788446	3.802702028186107	4.617855954086328	4.100696983225522	4.026440703795503	4.492125919096468	3.275538577794375	4.250029166791993	4.608207098812436	3.558621684491288	4.630205012887795	4.08808216957208	3.7876943597594304	3.967134770099073	4.048355492103497	4.41198040962328	3.2198583176055697	3.7754069309386384	3.909252848762598	4.494218005127754	3.6289965720372024	3.8136864799377173	4.404816090063676	3.491276097644475	3.273927320242183	3.9135616502712423	3.894104636621024	4.006383610716412	4.177069252056951
246	IGFBP5~P24593	4.841392450062374	4.577487146083902	6.025963428245928	4.537469270627465	5.520234399768689	4.584095677113594	3.6026152810192267	4.975827331307382	5.185347767493367	5.103182298513464	4.168202618461746	4.10375186428811	4.6936416837377175	4.616417035512452	5.256476932898706	5.448190050473233	5.399439355292056	5.082532728680443	5.395962776648142	4.74279882232128	4.808183836810152	4.963808648771411	5.3287209398436355	5.629018479936301	4.566710236424994	3.940512458050707	4.456523496094101	5.517748791722861	5.095730209347664	5.884592190241956	5.3034783753461	6.405196918611899	5.162151116529254	5.717392987425817	5.437326145198076	5.700287730389803	5.387059137850132	5.454952874776221	5.579702062267811	5.0740326558516164	5.783312614385118	5.688974634105383	5.424886571594649	5.275974845847411	5.46370645876467	5.2512393898130805	5.520201302470459	5.396605695700591	4.601049281352859	5.169124027913773	5.573996361198526
247	IGFBP6~A0A3B3IUE0	4.780208133510355	4.350287723279372	5.1546192761653415	4.2021827253720065	4.2151786621384995	4.877656061102018	3.8650956977699082	4.828646319441346	3.9972509054828596	4.534176880351739	4.247825985796917	6.8224009343760095	5.2700447576028395	3.5543419952040525	4.540248318395716	4.64857109301109	4.85877109239287	4.246901770214993	4.686085304656571	4.7659899631975895	4.749451386273723	4.373915097084509	4.263167170331224	3.7945862151793226	4.381396537271037	4.21518162518834	3.8363218167383897	3.269356431905573	4.0894318920315165	4.483011004552549	4.246118208098462	4.815270412751001	3.9995526897789238	4.2815699815927575	4.22434516606053	3.9517344375194856	4.268559275704087	4.603680557850825	4.485762989516095	4.2164844810118645	5.072013829161746	5.054038700327378	3.439834434075344	4.243329161373325	4.502702901637719	3.431062682879143	4.350122586503951	4.522283873056891	4.144550892493694	3.988458377771962	5.108415659940534
248	IGHA1~P01876	14.963171879111052	14.683760845315431	14.777078190607671	13.536615162068216	13.939829907509695	15.71963854996194	14.326991174900817	15.418219493265182	14.275726682185583	14.619001980405692	14.771998064381153	14.986402115824545	14.771249564847656	15.579453481173706	15.21996670541426	14.04964517763861	14.558885321885862	15.22471653995014	14.928644963053742	14.76390549500509	14.726995163817788	14.624320024890704	15.8354185127747	14.561842626552227	14.333742401489582	14.005545228882477	15.15193691300308	15.041512274240437	14.360113261183885	13.736865255998557	15.137067747713408	13.835284920315292	14.27909448434775	14.533156582501613	13.73512100220368	15.004087048501333	14.825133772221774	14.606990810039628	15.144211208293882	14.917311158983344	14.695978105275609	14.763206692365305	14.111035669275987	15.230416885869895	15.049860677745919	14.73747295695145	15.23068674394282	14.616080673551112	14.257546534608835	14.767834081409854	14.307877014023063
249	IGHA2~A0A0G2JMB2	14.13123871576642	14.375370793497739	14.230221020262782	13.182956675023954	13.497461199337877	15.266961925535309	13.070845681283009	15.048489534767741	14.107389982168774	14.113814483872625	14.218571069859669	14.5829422398461	14.154815946293217	14.977696814723108	14.467225917910428	13.544232576357384	13.892090936516485	14.474063746469637	14.084103125854265	14.285080019692954	14.054978679578271	13.833199525595182	15.201178678410932	13.856291112449266	13.625889511935007	13.142245756925973	14.724910983240159	14.311799858543067	13.687827369115045	12.820255716382704	14.320119630595585	12.84572309104619	13.413804028510615	13.46420931937385	12.955220563867694	14.1892160360446	14.092877123123259	13.5072153921964	14.22947484540023	14.200349820786712	13.762057866184428	14.072563613134406	13.534579193494933	14.407494951901183	14.386960762875635	13.846897862862308	14.261353213484531	14.04435492762811	13.898206215354515	14.220603282492501	13.541235251174813
250	IGHA2~P01877	5.340066047874649	1.7778118263737905	11.296881768377885	0.5043236740897072	10.391251195061601	12.555784360149925	11.29514631976331	12.615814602590714	11.775478669276099	12.26134159107297	12.130796770527672	12.500754733351357	12.178760272550717	1.7677634352641283	9.241676123876653	11.257098613072245	1.8934410599522404	5.059172301560708	0.9419143561782546	0.8126661575644727	11.423867870310401	11.458196317033241	11.637079647713229	0.5996541675398157	-0.69869474323798	1.421610668839927	4.839052279197569	10.59589040595107	11.990005601986082	1.8479577311211837	11.24487363715768	0.05088960562198763	11.264439593463369	0.6879324537896747	10.798615075138018	10.70623968165106	11.284767489731971	0.7807734952366308	11.943122351321737	7.465365371059116	10.261953720820822	0.3472968789724079	11.126433351024334	9.284101690962123	12.281616530824738	0.687533734087797	3.7767378295907625	-0.3477420055438981	-0.23947153834627177	1.4323019286679028	11.661464761466632
251	IGHD~A0A0A0MS09	3.670091073075398	9.000399460390586	10.107685775194636	8.092806005844178	7.053608417433315	9.636718646185184	8.261138542481106	9.376293406412591	9.033274947073808	3.8363365539696446	8.582391593162146	8.021687088001945	0.7548764194653482	7.686157776810332	10.549697256350882	6.417525231993818	8.262448886753381	11.034779823683177	5.7370883501597145	8.982549315218767	6.513283397319996	4.708489712713177	9.799212045430622	9.187125649565921	7.3324516934374895	6.9624131213253335	8.793488014479625	11.150039315081852	6.3769871311639195	9.944374901448993	9.423164265897814	9.731878642239302	10.299970262486278	9.140535235729226	7.7021165531003914	9.475259191063733	9.407160122898848	6.192569898067333	10.741686798843444	7.768950766163895	5.84486146848425	8.427474493274863	5.486995045960043	10.16536017057866	9.5804881482051	5.4155116205277904	10.417920099467388	8.729191294264597	7.46512680954202	10.43544021847125	7.3706049359112535
252	IGHG1~P01857	16.513783848945675	17.319187667571438	16.82583912011204	16.406328030757088	16.1772686653747	16.80144451475411	16.77407339541805	16.677685558854822	16.553458329141332	17.223543655991953	16.644056721366862	16.835191803103243	16.65392649691269	16.84645441065691	17.27686856310833	16.412643105769043	16.530053001700626	16.943240687776466	16.368009883738456	16.656124877299042	16.51955515348035	16.888881641126034	16.630236013735068	16.682166606608302	16.445337846916978	16.269611543025327	16.474156234155288	16.708050030764497	16.606958966884033	16.48494517078522	16.838374235784848	16.65058516458179	16.785054992976782	16.699316684244742	16.58476264303827	16.888418857505595	16.614625829898984	16.735557056815765	16.974498003424628	16.74010550172006	16.634887251833025	16.88559919296029	16.63506134866536	16.69775588150474	16.762943109875454	16.658301605657062	16.94799473174358	16.72797797999055	16.99613303774088	16.612121803621463	16.51773713972999
253	IGHG2~P01859	12.270313293882054	13.139920699455494	12.303368139809582	12.942952298346983	12.746629126502086	13.143417003090935	11.722301307804788	12.80553498438869	12.145284760505488	11.921252572621908	12.921107714626416	12.893792000592898	12.671932861478082	13.25363876267483	13.114851170591727	12.982088898922084	12.371184393662087	12.954440305395387	12.596078829736234	12.496166966831096	12.886787899619907	13.09675246685936	12.681069370370865	12.882667394903882	11.790762709015679	12.802441521260532	13.445663806332497	13.589401759269053	12.985330970537396	12.778107617545375	12.842975226739823	12.487544933153586	11.896853802945326	12.089470686370754	12.7768189373505	12.944065821397814	12.339294523639328	12.915569511872086	12.878760700025097	13.167328250241805	13.260246942961508	12.751912781076848	12.685082399505825	13.093085616844977	12.121536521012358	12.820857333815761	13.307550068376457	13.162251478773438	12.833688758029474	12.963604331014706	12.313310014769295
254	IGHG3~A0A9H3ZR93	12.446758849192134	13.271628299887254	11.500239040958805	12.929947422129517	11.577896458608222	13.884956557930565	11.935305355327303	11.960557474100296	12.569802658426932	11.648331028072619	12.171321741465455	12.51346665938246	11.928572047671132	13.98118618197967	11.6094825583138	12.202011993982437	10.506028102384331	12.580249020015902	10.630015104269996	12.77251292344314	12.891460365673057	12.429710400734837	11.8406381041147	11.739952899147447	11.554278751929386	13.427570272075696	12.8297147036629	11.964114762612082	12.754296882037085	12.013173905005736	11.256132655286079	11.893132818132134	10.960024829753204	10.867718665382789	10.848062220265447	12.129025118194624	10.221873235149049	12.10310688382698	12.643843311656351	12.604359800248204	12.242555140057343	11.79805069676496	11.07104150246553	11.887898489889201	11.907916623133085	11.06437997480941	12.355019137496816	11.769170972085965	13.388818101759764	12.689560614466185	11.463983533824315
255	IGHG4~P01861	9.413650007191084	11.133505364645439	11.685779983752228	7.875794057795939	9.817400994895964	9.056052877538093	6.94045420961034	10.17655652226271	9.183852209422474	8.488094488218158	8.66173243884054	8.834427455773563	9.924512070300674	6.974223499296934	9.40071217396744	9.528694826337485	9.769997705746716	12.150039160086623	9.79237497572669	9.62677870606798	11.300658521160624	12.032420942635142	9.603838997134758	10.53843643630156	10.95806474561826	10.373378955459092	10.490192546683037	10.356496165019385	9.290620478324815	9.816011858720277	11.831448163770062	8.259072279952477	10.289184191872105	8.507571219326163	11.990166908472778	11.356235946988285	11.068683660725174	9.997097799318961	10.885886526351273	10.931964895343864	10.540093147280954	10.77415173675772	11.498637177110385	10.782960427683014	9.56602604148354	10.486596670114961	10.585042183815483	10.432126796512142	11.59795364780471	9.758796679162284	9.070518980604833
256	IGHM~P01871-1	13.610272642099202	14.795612245452764	13.34120796707025	14.62054840038709	14.011564931167694	15.039264806914979	13.172176598417575	13.899293300545507	13.671725371413611	12.17385841934517	13.651322949911577	12.568355458559873	13.704226617201062	14.724112345023702	14.221007788134482	15.094367360341087	15.400393357893206	14.448559853479306	13.44412087899601	14.801333002902421	14.790746206433058	15.675032050101203	13.10533979375603	13.716890719861055	13.75556498019275	15.280910915358922	15.209031918693709	15.090416945129602	15.114633091338003	13.799533905538865	13.4054028774318	12.677731145743548	12.98167771673516	13.901774521679224	14.077520355018342	14.91346651157016	14.55744336755884	14.10304619695987	14.218758178452745	15.662766259501767	14.02356198952769	14.142540254604857	12.716749245736953	14.231525898351977	14.033170913339205	14.799840678006959	14.040427023611098	15.061397563628448	16.451405952070015	14.061946794289536	13.656520444104958
257	IGHV1-18~A0A0C4DH31	4.404480898554259	7.186339612803798	5.100288577619075	6.308714396101046	6.6618431049000995	6.5541852873475035	1.6100225126135683	5.426223926242982	6.070333571676519	6.33937064795102	6.321145843341245	4.805094479406623	5.488700705907543	6.596614269518324	7.278102016971213	6.203465106304897	6.087739605603246	6.0519921781320605	5.078944633038193	5.855013391149373	6.39269855150287	6.83447249667217	6.415899304861755	6.052613984663254	4.822835993002324	6.021917984463065	5.024539953045181	6.293168791644586	4.544717692332797	5.625575528145275	6.432927711162344	5.568123938843822	5.739940336003316	5.683254976227343	6.2219802920448695	6.937886164188183	6.275681221136071	6.344497472318275	6.526124403988377	6.254291081877511	7.144173702753518	6.155820816441859	6.217443470810666	6.890109777947644	6.694431751723385	6.207556852226667	6.426413468034567	6.3719460989509775	6.8897912627818405	6.205841414220362	3.900531496395027
258	IGHV1-24~A0A0C4DH33	3.730711633654868	5.1932615470128525	6.126491013968617	4.390255827634758	6.199040096369152	3.9665773551921446	3.347978140274794	4.00213633381695	4.357013908991759	5.2660470312821905	8.339153954978963	5.733845863462501	6.610619822056515	5.762986384891651	4.063953752773361	3.804165198771413	4.252136716171835	4.109203374243001	5.823412919130032	4.355784316324496	3.78734862223229	6.501864390640622	4.0225127580169495	4.798716317498941	4.17757951872729	5.816628820987584	4.110743270023355	4.276435405148911	3.9113763518033293	2.9432587549222395	5.178470341691096	3.5236644839836937	5.459973231039937	3.9763866912761054	5.214462314440462	6.43995576596355	5.33453558522628	5.083215868336796	6.60022565357912	6.339857748452849	6.010099504478063	4.898008265714571	3.5217418001971046	5.954765272128425	7.1436038409760485	6.23968155649905	5.200368980121172	3.9282766439363983	6.840934244167132	5.461904047774576	2.5849885271942243
259	IGHV1-2~P23083	12.077453692452103	13.61902829582998	12.756409522594259	12.848330858208772	12.873524373742502	12.952237796851698	11.77865047705034	12.734371829365708	12.51351629638154	12.450072361450518	13.18718335395968	12.376810188201253	13.475020280364491	12.845126490644606	13.667956753536766	13.220941091619965	12.679273155138286	12.711324899003872	11.83394281547938	13.097810481988423	12.059340829681	13.281041563749271	12.929500246421663	12.409900270970123	12.908989274670995	13.191243146857778	12.30956378180483	12.553380515297016	12.478609173760457	12.60772210581712	13.18281698636832	12.10761235139195	11.683646601228995	11.778096184617121	11.707755536302363	13.466637240768856	13.041469829067815	13.139202524535923	12.556212741678014	13.33591136697109	13.56023614528746	12.27387170300295	11.523728126592603	12.514623528471118	13.205040744853473	13.505673105737507	13.201515382690953	12.913386341843797	14.294673749246607	12.738606785060513	12.099082095471921
260	IGHV1-3~A0A0C4DH29	5.2978440569811855	4.988389030490238	4.9271615349942195	5.827045990494836	5.329691790361836	6.8793435552640485	4.11805391393548	5.925581784236941	6.31971166941689	5.375279043370649	6.430944427916755	5.847063656216231	4.11005041673759	7.136654492683696	6.276025979019629	0.3823539443808335	6.257454314141972	4.96988191649354	5.463331661879371	6.203808893037036	5.861992358629107	6.124007845666069	5.153559607984522	5.176813670664161	6.372337562677597	5.578257391564081	4.730292150176828	6.416534691025538	5.5575507607657375	3.463226376951484	5.219893315649227	4.926442595030198	6.10000682907089	5.525218976673846	5.039157856688223	6.523296450234501	0.41521441326554	-0.480190474368392	6.2855011363639886	6.1879299796225435	0.6230832567775884	5.20528585534127	4.504132564108119	6.509443038205275	5.6957297679770935	5.594899752320285	4.223344939847637	6.570005062564735	-0.20561152127667903	2.2354712942219876	5.224670325815679
261	IGHV1-45~A0A0A0MS14	7.81690864754884	8.343903670655024	8.064032229197887	7.20845555846362	7.606412781238362	8.74381879408884	7.5142805146677105	8.65877435899172	7.816727830727732	7.759210192503746	8.003415656463648	8.881140199554137	7.341327973636083	8.871955983579197	8.628403486669798	6.673426513552922	7.48178773198735	8.555919369038778	7.775562962287924	7.453517820352266	7.504116557402584	8.740575152742574	8.257703195180243	7.833397303958463	7.869727308105337	7.3845111947493045	8.067053859956001	8.868974453627452	7.629931309839683	8.067978837457774	8.670018545933667	7.911721585390787	8.139223762662999	7.909079946661184	7.933287507873183	8.091379372173554	8.076233989928369	8.136858163059983	8.429720359879076	8.481401835738863	8.472579170374154	8.37387780326095	7.291855019712758	8.138694746514767	7.829013959224608	8.192930884796203	8.856540936056307	8.369766258451735	8.977295298121003	7.762876623949116	8.180286159546775
262	IGHV1-46~P01743	5.670974400931528	6.422182596051315	5.484462148857974	6.499286555702778	5.811911744453023	6.099316344603391	6.004513153442925	6.559654008671069	6.353079099559861	6.721185154648995	6.687719425894507	6.015927977964934	6.779399255812803	6.65899864200613	7.329149360944999	5.982038835353692	5.349966606635704	6.399816521759778	5.477950418811641	6.170609406465189	5.706916471351109	6.341304217472638	6.642542029206139	5.700345203963876	6.865870679367564	5.880201279095797	5.965589669727108	7.277343311562948	5.605499638346102	7.007270446245393	6.5868449407228145	6.330582393975424	6.833389968593133	6.097977127807848	5.699829659317798	6.6935508704863285	5.774832091652378	6.28073113062651	5.670031841047773	7.248064368935469	6.20862091540588	5.858694463654562	5.457602315061146	6.71756776188794	6.956416218004979	5.887742342997281	5.991333786839953	5.730390527771737	7.363454639783283	5.998362484123284	5.590695772759338
263	IGHV1-58~A0A0C4DH39	4.493275096935184	4.192013268837605	4.3546460799452635	5.272844318841394	5.49074035996968	5.561743009367555	1.8110969180329761	5.586388105581684	4.744719915542389	5.087744622478755	5.104018000766899	5.55774531025297	4.176583913030864	5.616000105576321	5.786284386528072	5.95524220705237	5.17728980674199	4.97898227858232	-0.7021137090930225	4.743125193110408	4.787190372347249	4.552658896685665	5.413051840591196	3.755200654951334	5.129299527184977	5.47345010705268	2.2616187437062214	5.347523781546069	4.652485816560989	4.332437624994044	5.126044144653154	5.548874575978731	5.848795315691434	5.649008878254183	4.777766094963167	6.010933025766759	5.814634584206937	4.784512042378508	5.686008766689141	5.172244672050832	5.629539611911858	4.559052142805941	4.288853263532333	6.235159088358479	4.971545483444083	5.133397965146313	5.548294421844274	3.9120006558667715	5.687028333874431	4.936605232445433	4.136485214778224
264	IGHV1-69~P01742	11.522067715079734	12.352149869523686	12.036964214702325	12.009304290956106	11.449543012888702	12.38041971228072	11.238601246302531	11.768457855396154	11.56003364905214	11.702865437735943	12.682384389094667	12.555515357638447	11.39974078348557	12.629201848238576	13.114940267050338	11.405997214121362	11.999015923689354	12.144631328207536	11.829941888594343	11.33031417630518	11.50789043324481	12.560833436910679	12.310933627147362	11.94064247800824	11.839568171060911	11.58288907916565	12.2189997875351	12.495684272787885	11.567463393107099	12.10931019849767	11.811722363975152	11.270958118719486	11.836989560768222	11.985483680139772	11.597168724242565	12.240071574963855	12.48404204641302	12.000108516971364	12.639487772524593	12.768781097889187	12.528423824732911	11.717305539951553	11.219536059432768	12.506261691213462	12.222572647896815	12.261185755622307	12.31607184173486	11.889379000500627	12.208839824200025	11.692250359288053	11.801037109329176
265	IGHV1-8~P0DP01	5.671450255327059	7.2542325395155665	5.993762915091353	6.651599522166894	5.9999324952302615	5.691731061501144	4.21870113211667	6.184116386588493	5.5094052220796055	6.393744598498222	4.895393336555622	3.9916552200585604	5.625511987435813	7.578487060576799	-0.645130238284142	5.505832992213887	5.848414152560398	5.56057038852612	5.598650128584064	4.559565442656671	5.24274541398064	7.8118316061364075	6.385096552236366	6.102356685361419	5.209282748750893	6.715786706995882	6.107970656093613	2.085046164940618	5.631145297771171	4.906068421894795	4.886198088560868	4.612370894450962	4.365155679535211	4.01298728375047	6.5743489154693435	7.274941851810014	0.5381875794371873	7.192795920339021	6.004788811440608	3.3679549792177164	7.292422323895908	1.6717665877488348	4.595791405332995	5.21095784743006	4.997627699733304	5.742071518579106	-0.3621956016943304	-0.021194434777531135	7.581074011511259	6.82963419343254	4.930626632876152
266	IGHV1OR15-1~A0A075B7D0	10.129443394136876	10.25190261576195	11.051161136402182	8.379575089415805	9.189027620932292	10.733186351628701	9.685241024479236	9.628638770075204	10.832141834457543	8.75900929409127	8.321404071782114	10.227565268603573	8.763059250194377	10.276559076421677	8.862374965390254	9.33225444953436	10.053063628097807	11.754734824448812	9.919627876988253	10.482716883570152	9.09680666457566	10.28619449733156	9.979998333804577	10.45223055561614	8.393899843285306	10.257180783204248	9.905329524724591	9.519904112276295	10.351262778148794	11.017995183485098	10.26057832459027	9.840067546279759	10.986654437794698	10.839121306164271	10.656507678538954	10.984149139732665	9.634776159986393	10.551885064992659	10.910230893944842	11.771436474257616	9.262574479585494	10.633284951445745	8.383625462535832	8.067561719106884	9.279511825594167	10.121949703486512	10.209273674402388	10.434247580813159	9.932624866484565	9.136188382925479	9.787624421849767
267	IGHV2-26~A0A0B4J1V2	5.896957524468723	7.072597957455826	6.155290130840048	6.05367337401871	5.752992053387472	5.9498843149284495	5.222093976001202	5.091526747677036	5.094034342245819	6.431908809594085	6.587780605978138	5.391419688913885	6.312601040605579	6.762676336849279	7.387096750038288	4.783953905014535	5.371019503970548	4.585651871766766	4.684543072510808	4.919679971964427	6.276976016122506	6.539980188297762	5.961656966729882	4.472825673149496	5.628074025424897	5.321388518818471	5.586199099133021	5.386329451506926	5.873134290458259	5.538326308075166	5.598122488079717	5.037014671095527	4.825500755319742	5.035074098088771	5.917495369584775	6.330234563095877	5.422240737314687	5.207840699007238	5.86268332330019	6.529810368440117	5.234164140788013	4.998717299281924	4.98657267885206	5.40932463429064	5.407273470308792	5.012382089884754	5.2143409120540944	5.3641969202571484	7.054766591889821	5.807348435840191	4.862858376942667
268	IGHV2-5~P01817	5.692149026797617	5.88899754601144	5.002064721393372	5.39222189553811	4.007532746486876	5.820798721717061	6.215886065706336	5.151968490120716	5.319027755357981	6.354064245786702	5.489238181558031	5.42109981641781	4.4104122728771475	6.265484567364266	6.218135867241893	5.194684575288487	5.4259700983348935	6.158516468499556	5.565601610210894	4.939854830990191	5.007211922659182	6.236263002814676	4.5147478794260865	5.068021002034644	5.239779872063187	4.770810862374914	3.9744280693529483	4.8694142391554625	5.174337817690384	4.7044122818398515	4.440581534456108	3.529833597249002	5.702928197031144	5.015248801552831	5.64822689242112	6.664328353695891	4.986872438992461	5.446352486472538	5.572090592088669	5.8654635119514635	4.1526696645753685	4.603856990210333	5.687027692930781	5.174257954430439	5.940489875857581	5.583297436106409	5.635322786693821	4.5840429031036605	5.807627218602313	4.493708276108414	4.478807876973189
269	IGHV2-70D~A0A0C4DH43	4.613599855353657	10.70699822948905	10.582092352872166	9.17067740129115	8.724588687620283	10.35645720918947	3.9966162318173666	4.771697502346639	9.68958801980706	10.414636724040564	9.387513706192227	9.539686335232723	0.6129344971539865	11.123612301340925	10.068130755407337	9.761893064922582	8.128340047363432	10.272788090422269	5.1473721733802345	8.060207588368097	9.181863348507392	10.131103508089584	8.83204184818346	9.500994524659014	9.385732615513005	3.9885841478989796	9.00977925099706	11.112085652042193	9.86192640453071	5.4992942209083155	4.3414395544957545	9.294596351248389	10.686568490454414	10.153380240558059	9.528797586181472	4.812172310165444	9.096277627111506	10.60329887407769	9.811801332679902	10.61840891621556	9.15715168961509	9.199048036767197	9.693424956005998	8.97591739609099	5.061734904682165	9.195056451134427	9.348177974962507	9.59049602249288	5.30215527163116	8.54001957709412	10.020999092248193
270	IGHV2-70~P01814	4.814453188748408	4.86832295561537	4.9043271998478	5.556761310072138	3.4691279259796013	5.524331395631183	1.603946341289334	3.439218996226333	5.081246275239856	4.970135739495682	4.3582087784901224	3.7871731312293178	5.185356691092848	4.727790858192691	5.693077464363937	5.217863355292006	4.495801729384367	5.722998322008546	2.151658153392474	3.6107362809786143	5.235347564351808	6.064848328367551	4.779098027077113	2.9466240600915974	2.9630698993017357	3.5831127311886406	4.593369579048799	5.755011222451392	2.7755026817322577	1.8546546007870715	4.767248536708227	3.73448812186618	2.761377039167998	4.65293805683722	5.3872556046874545	4.894561529761968	3.782657242405799	3.773741780402629	4.505378117138791	5.736864430424182	4.601430653840533	4.897425610147959	4.318005552776828	4.548774999829958	3.915296967204753	4.451970450247447	4.838446853882483	4.073907174642363	3.634020220344537	3.2559056837473586	3.560252707662163
271	IGHV3-13~P01766	8.27419485044961	8.983232139090703	7.676434905769735	8.32536365402445	8.792212012688658	8.456004533778161	6.502692826857166	6.891303954795301	7.767459202570633	8.241529787302877	7.7602785385624635	7.933520657144115	7.870567345014276	8.20115279784192	8.399633361283056	7.9010185937543795	8.338092722694233	8.711640719563615	7.425397381486381	7.851775629242174	7.181315919367634	8.334229359390228	7.533698423421485	7.975329075288459	7.738057408345177	8.729761687085453	7.461221004227461	7.922147009610547	8.012577484443582	7.912414637406317	7.474429205397728	6.75070453314937	7.945297278784579	8.259106483245441	8.311873291048396	8.847200751206868	7.280409727290685	7.961298924148026	7.550450654985593	7.108415181343944	8.120427266483363	7.541086095975019	7.277406173860108	8.96148307900121	8.89721490266195	7.967233823991066	8.507667994931706	7.4899450749842	8.581002961671853	9.042335697392216	8.310972168174546
272	IGHV3-15~A0A0B4J1V0	8.355775446231807	9.458777686225393	7.433442941450537	8.323876099303021	9.482828262795286	8.770690001753623	6.82955445291045	7.873822568450275	8.522030947037464	8.362644698816224	8.9202888800002	8.051965302883277	8.166992049286517	8.84846439430506	9.609735937114284	8.728452113964723	9.026075921418517	8.121873366899218	7.9790336698306605	8.237383142446644	7.8576538826267806	9.122493583527103	8.443873088697204	8.075920907986788	7.851192967213081	8.559048991014926	8.704736794532275	8.954426815297653	8.096665617608663	8.241967734513002	8.0980251735096	8.393811096624324	7.731830799461118	8.703869153407904	8.618976672353375	8.92866583406479	8.076652522802744	8.74557072602703	8.871248010734144	9.1178711865334	8.909577350575534	8.467820572614569	7.5830862116363935	9.228939027470577	8.344452637510908	8.303833552415545	8.387792924489645	8.726708876585045	8.625198813476052	8.953889949020397	8.310070343376216
273	IGHV3-16~A0A0C4DH30	7.263451890634942	9.257528119760437	8.917405771320636	8.579813449527865	8.643051471820545	9.798836335859802	8.143961412354965	9.42175872292772	8.682221162492503	8.924420188275544	9.438530835630264	8.400060786450846	7.941235886888794	8.652897367579946	9.531395025700329	9.397490678062741	8.73627381730593	8.948411971446472	8.144265986418263	8.503031810647753	9.03612061078553	9.642531122413644	9.576799742241452	9.246946697971396	8.627434805148601	9.225120335518218	8.614938836634717	9.469060710323346	8.569519337630682	9.068982741580266	9.3091278383059	8.674975174994215	8.7247362636178	8.36918862745149	8.903005164452324	9.308835331181456	8.756621166280329	8.58154494438869	9.346523607207972	8.562027628289844	9.234932153969998	8.543410903203716	8.079950538111742	9.428283362059496	8.691068307448852	9.585125760346557	9.228447784019162	9.032199289573542	8.498733701830329	7.508418873970211	8.924494672969873
274	IGHV3-20~A0A0C4DH32	4.478133902904126	5.380350876383345	4.53420953982325	5.517033881860848	5.065744321459571	4.287348278531485	1.3642640646461492	3.9102947678759037	5.126730306313556	3.499729245824717	5.521806366178083	4.806064376851693	4.76475802552902	6.4150417988387085	8.100750070671193	0.6442137911828244	4.276397634311677	4.830526812217442	4.959945703005899	4.871007303552094	5.035562128883964	3.857253597970922	5.137309827013177	5.197003214911283	4.612614205890315	3.9494186079450455	5.347440651660202	4.25151751666312	6.075700780005986	5.117994486487316	5.0371901651385445	1.47422347341914	4.156365504145423	0.2231908147936701	4.463916826196043	6.414667689186306	4.900258675822135	5.5969929501412565	4.8393994955848605	4.3833627089123635	5.202771757993535	1.1511157657718334	4.4258917521097585	5.429416319631269	4.680796888848151	4.741886833001229	5.086774422692767	0.08123999491683315	4.6217438171606675	4.87670643997316	4.112928300889064
275	IGHV3-30~P01768	11.212092306648582	12.029092228583613	11.123515371703421	11.888624165228068	11.432673531048986	12.03886290747172	11.198333375748254	11.508866506502729	11.170959278241646	12.141907711681336	12.189329917955737	11.145685756978354	11.516259938126328	11.984903506186491	12.529567336937214	11.899244613700667	11.733435358977776	11.210538772016067	11.372669944404405	11.20241098350152	11.24330112016061	12.223386482475757	11.81940408361848	10.875624878572452	11.83220443103236	11.86585397587176	12.029643616577548	11.744091746391781	12.110005478914072	11.393331010831547	11.27778172965937	10.706143649171697	11.035005948604416	11.104631224023304	11.22895370202474	11.970284623527016	11.881434770584404	11.510412991066254	12.099711864750239	12.341001190259897	12.006109284836034	11.721248895504917	10.927802190596987	12.386386424260055	11.278937719909905	11.840712624974762	11.536866492692578	11.447895299763028	12.419771586168629	12.118937271778188	10.885959956122033
276	IGHV3-33~P01772	2.516881842743054	2.860891088424586	1.2989513777915247	2.081770614663696	2.7962177881029726	2.677221866964173	2.2610028157474433	1.1661309992129352	3.5022586947851218	1.922306918483939	3.233775008155652	1.8439784440704197	0.8796497756092801	2.5199508896109513	2.7516835921210365	0.9042638881766899	1.6080922408456602	0.30067741254650476	1.8981513089689446	2.3164811095401903	2.500529368546378	3.892848684272154	0.5476208494282307	0.7550629902305479	1.4945273822718217	2.693926634346801	1.095510186082618	2.1606214575408647	1.5255046795058165	0.8220383894760659	0.4341144118089676	-1.0173729805795935	1.1913884306173421	1.9216117940163018	1.7456172280202713	2.2154056141373677	2.779717451789216	-0.030870504695495238	2.425803927590551	3.3820680179277867	2.1146753437899664	1.9689518456716004	0.4431274383467796	2.0594330909003564	1.92257560171168	3.2074141631308004	2.607643101288331	-0.4428668411537191	2.1177136388675053	1.982081237132037	2.0489820262899983
277	IGHV3-35~A0A0C4DH35	9.14805245881093	9.981821408710838	8.942543319835787	9.093964248819773	9.609205120611934	9.551180303639642	8.784065869363259	9.907212236102087	9.253487430933728	9.432444157171437	9.67068358376091	8.986540650996867	9.362117732323568	10.2351294267156	10.877684796544484	9.86444764087307	9.232599075906574	9.985370061565341	9.468791319300214	8.898374335862394	10.122202549461733	9.754605677880376	10.097844551937355	9.690540485076793	9.385075876461734	9.461075336361711	9.852180485090738	10.35442494334529	9.081601761114678	9.812845155248404	9.791757684585486	8.910756259925138	9.333027562341647	9.391225755369417	9.40261448514795	9.52413695144222	9.420996156681499	9.667613358128362	10.12248742217639	10.411306546008298	9.671467856553345	9.526327297543338	9.219031260234946	9.144616237129103	9.4157874066773	9.285976861603064	9.734813484318957	9.219916794873551	10.03386371393506	9.950907807624429	9.756133188724796
278	IGHV3-38-3~P0DTE1	4.3437630083132595	5.454060652675132	4.8635642394647896	5.801347805856752	4.873823413106947	5.408462044155764	3.3918886144993703	5.088331800054458	5.260840303411204	5.928408674922745	6.386392871381405	4.878027144201416	4.402375336954835	5.638506290077805	6.102443352892803	5.7845785371047915	5.248869164098342	5.99124165135871	4.383507077714621	4.5914348024047085	5.731664372937139	5.858747857623714	5.8099914133213755	4.272415076814649	4.61122454022873	5.869706225619247	5.794286554391864	5.236228545646922	5.5244257382579525	4.731165185352948	5.154259391572678	4.8269923797071455	4.1313578953012815	4.845731512324588	5.549976156027911	5.158740956012992	5.056247408656096	6.0266689836175615	5.7258746307055635	7.117560037105121	6.011816899416295	5.741367509492245	5.027417056006505	6.306476726831987	4.981845791383352	5.6294626825720435	6.169784198108007	5.816446308896838	5.2186417187676435	5.807268535042642	4.373508794615535
279	IGHV3-38~A0A0C4DH36	8.439251340831811	8.657477430741983	8.504169306101396	8.007584756002775	7.540022297601911	8.706199203317269	7.26603516058078	8.243030559841216	7.670856655127937	8.313310430000628	7.815023114222238	7.901976281015241	7.3475994728854905	8.413179320460571	8.642018189715882	8.037714843769482	8.611242891770654	8.466932667017574	8.137637695247973	8.030899125149311	8.246775965053239	8.349234382329493	8.355464824200409	7.686203951859108	7.846325949502943	7.698001537997413	8.348899392363768	8.383786677020355	8.321635144295463	7.314495705082549	7.966030729884816	7.604865714552504	7.736736873507694	7.542422269827325	7.670795077807475	8.050159865462273	8.292901107269703	7.726316191391723	7.9555812707892	8.59769546349749	8.20174972795838	8.354153587713055	7.778426098497297	8.657451480281209	7.860545123283479	7.98526946517581	8.520757739798388	8.099136205743337	8.642411142253815	8.120275219190528	8.019956814744587
280	IGHV3-43~A0A0B4J1X8	9.332338322467313	11.113501981287683	9.889125884948264	10.38536373033651	9.835143507026945	9.193662662800977	8.300524191259242	9.69789053655362	9.50389450667557	10.531779081665508	10.50800145813542	9.56906973412917	8.926332827232537	10.803250398290222	10.718428669395603	9.861852025129446	8.60296136430182	10.524099757716707	9.456389386040609	9.429898080739	9.679929969529786	10.267243468669147	10.532411099891311	8.819244535339262	9.999627437476976	10.215951515589465	9.004434114910827	10.0893112996325	9.737723494579955	9.941647295587396	10.128583438138675	8.724665807849085	9.720675126393544	9.429070445434107	9.69077181735957	9.903943519766202	8.539649303607302	10.116614606174172	10.45784149788111	11.506081750028143	10.413368000989927	10.23729327147619	9.46712875482869	10.380952980100066	10.313194852666541	9.949981355391298	8.969615841680474	9.855587479294902	9.74552733575384	10.161878581679648	9.299363993306015
281	IGHV3-49~A0A0A0MS15	8.659585926186645	10.510920594573491	8.512171759368766	7.828979397135279	8.413302269095798	9.381643808393088	7.317400054124511	8.96046361709998	9.093418531583433	8.513018041758782	8.606978050277982	9.01073843258904	9.165651367917437	9.15749049969785	9.105419887735383	9.017670222345327	9.570293731868912	9.301927893513778	8.701917482659407	8.404809205130036	7.7554372323190375	9.602954457037802	9.488512186625362	9.300745647382378	9.433052555168475	8.952060458735568	8.7374554207826	9.548361573630931	8.271151524234647	7.141316370661161	8.776556023232413	8.071869355471872	8.758931447327862	8.400291327080247	9.292532696853684	10.101880321493127	9.105041440524396	8.803433010624476	8.960316898068507	9.352176277131502	8.579769378943851	8.484657835242542	6.960339348814921	9.301085724392705	9.373331291732356	8.695741447901629	9.365996640412254	9.495121494981218	9.908129256042509	8.876457367617178	8.790123245017437
282	IGHV3-64D~A0A0J9YX35	9.329303501173294	9.646095343885774	8.954415277613988	9.194328085509598	8.69422927956794	9.696354935722923	8.259892504367466	9.46343743805034	9.234120421611093	9.44384185904278	9.36481768876337	9.554215154507538	9.100404887140492	9.95104481153544	10.814834826129273	9.24039102609751	9.641121800176151	9.399449525608903	9.092278886891195	8.543467308653094	9.410848288957293	9.52521049195222	9.660480059900383	9.232556773064127	8.91620230261005	8.920630443138679	9.519381542329885	10.35132263556507	9.245401249306825	9.306318181059787	9.714009112239253	8.940697493262961	8.850866600359351	9.2706073001822	9.25409295109743	9.838985748689046	9.78129687282241	9.546095974588754	9.919871698004536	9.955246375989173	9.527973632568449	9.48974520539846	9.08849210379024	10.18582094461924	9.428441452061351	9.877358189674267	9.693282225460397	9.94294898833219	9.351397993059935	10.001684618023845	9.166688405516396
283	IGHV3-64~A0A075B6Q5	5.930270461641436	7.494790167148289	6.599160319378299	6.423682737772946	6.769310929690124	6.424536277940745	6.479076267986089	6.631342052452915	6.55452187202834	7.144088883724142	6.79288092766836	7.0585490221704426	5.128668387113188	6.702741284623253	7.136766655733779	7.306758450275187	6.0512597314738175	7.606246942029071	7.198815799526982	6.2762059249666935	6.50255529299786	6.944766295900428	6.904557083310182	7.00732828301276	6.028187846624427	6.247742991414599	6.935268211614391	6.3046535116089	7.32500879620701	6.956214041639852	7.001444103252265	6.338745222056675	6.476494807849964	5.805782143644664	7.315081411238794	6.9269782832028755	7.504250304946286	8.215029168375457	7.71982714975318	7.019285472258822	8.060619252441004	7.246196800965624	6.458318743194184	6.9413038660728805	6.265953493228472	7.563170315220314	7.075835732722232	7.437712075573173	6.651816385171888	7.443748292468607	6.212786533434998
284	IGHV3-72~A0A4W8ZXM2	12.936511152033189	13.740763917199443	12.794671382051682	13.378810392327132	12.960812854422192	13.700233747599675	12.22939342915598	13.151792020896249	13.290593341405032	13.18966819226159	13.412161492363206	13.354482248418716	13.134549153447043	13.973250497295338	14.05979498179495	13.527032247237917	13.493666503073213	13.396187961591666	13.020426076936715	13.243660384196332	13.07481503332434	13.780219950281275	13.34860781622243	13.358433628661118	12.892040893924067	13.397845511113497	13.496657910011843	13.85514830671229	13.073438811143056	13.39748754449033	13.493115767648792	12.882209238070523	13.059399752106554	12.992944730733267	13.07519349293309	13.673381653152992	13.294531148625374	13.29579611426431	13.34596676799015	13.58559193455051	13.371902906527929	12.872548544997708	12.638655316958632	13.470766596383761	13.252360527433218	13.354244000415433	13.328496204083967	13.484306023222132	13.808454994955275	13.480638730948518	12.896197681606216
285	IGHV3-73~A0A0B4J1V6	8.072656013854251	9.54868117799648	8.31453871473304	9.00326414694045	8.620068434370612	9.523551308048377	8.961194250120933	8.702418647900284	9.025453551922936	8.34493328614804	8.208761997074536	8.288701357349526	7.73492798452415	9.131268550829402	8.785278143417473	8.831935671597144	9.031770181455373	8.283952249995338	8.009740815801601	8.0190475347231	9.16481058441079	8.931404002535444	9.046671081283476	8.671405873367512	8.289168428398716	8.887376353969596	8.60164158978667	9.59010763521336	8.362606042419682	8.666365859396096	8.847276080983455	8.34650859322644	8.49100629574708	8.153931415109133	8.294516705495154	9.393392814307653	8.610284246153332	9.45052688713695	8.890199974011434	9.107539083481418	9.476415449545303	7.9832811173442355	7.989580213588397	9.408015973847977	8.882766638379847	8.886263779768449	8.914775989176144	8.898131468332455	9.437562109629734	8.255334928743899	8.626611181503142
286	IGHV3-74~A0A0B4J1X5	11.521494170654835	12.753184812264982	11.790807046344941	12.44766883786843	10.849644762773995	11.913524764225874	12.135843123674418	12.24824841548139	12.453502623633414	12.813281147180493	12.745596780079374	11.88971440768338	12.2219575836702	13.469585306854432	13.553762161387937	12.540830888995322	12.529469993720463	12.12663799678668	11.919964506437188	12.759409031011355	12.353697939869203	13.059505212288505	12.123565731725284	12.267194309766454	11.697344416556595	12.599515064177	11.96851712688466	12.814873834870722	11.761498682465849	12.437499629801692	12.70420888334194	11.415022192741718	12.23255633392777	12.476937131875117	12.043537161982034	13.06048534256438	12.377903417333455	12.372533918933742	12.660522059128835	13.242215520867889	12.53510186675153	12.346365208594786	11.946517869669638	12.82376168470729	12.509024105854394	12.49986668448171	12.05327596626491	12.168503495351766	13.209154512497529	12.321142126496417	11.93429376944777
287	IGHV3-7~P01780	11.678012376389482	12.555498857809226	11.020381480697361	12.09987989588747	11.296036927728837	11.684394751664408	11.67941201625956	11.85291453843097	11.96399107293266	11.762955474298252	12.085148405893	12.110145865129983	10.998397177566844	12.626381137689853	12.814119087616433	12.255334928743899	11.994969691042826	11.529260153261008	11.85729641294539	12.023410889002216	11.683390563115632	12.636933886523506	12.119810275926149	11.491555757371586	11.754679477335095	12.140110487704842	12.039301626754636	12.585748820386195	11.725799654898145	11.953574464653812	12.201464231438857	11.230993919073837	11.876422612094675	11.77475479246792	11.563687039268803	12.386826472837699	11.469059964845645	11.828305706711195	12.244523820873058	11.219355403866325	11.927620647649446	11.688738318769397	11.067459964626785	12.263083047440208	11.391948382710478	12.180542037078762	11.726125319013631	11.795185647416952	12.396481446487755	11.968311013686547	11.102018936691103
288	IGHV3-9~P01782	9.072651761915626	11.092945495614485	10.19648536529015	10.256763840135521	10.070742684392975	9.876734351382488	8.43382685623955	7.633754777510954	9.70678771396188	10.584079615662757	9.578213618998342	9.875447336214913	9.320275151782159	11.254119052850985	8.479791240045378	9.978825650498372	10.359487649640975	10.12232184576921	9.966736462577707	9.457158782713654	8.918418708773151	10.979828910149944	10.826212519842024	10.297812438730267	9.565245400560572	10.789112212325225	9.944441481744377	6.663012298124783	9.170933002609713	9.768975795844419	9.055030496420763	9.314591818127429	9.916113170839443	9.355657710744781	9.437452260161205	10.832973818574688	7.198972526308076	10.942814076401795	10.308122348280069	9.198556398775196	10.674320195673396	8.205538828946196	9.224021994466671	10.098592281107075	10.270290335485102	9.802810673873553	7.864265788876277	8.57896873994432	11.064787326035486	8.522759665755858	8.869952607936112
289	IGHV3OR15-7~A0A075B7D8	6.255990226177653	8.110534923290041	8.630066889906278	-0.31919753250569327	8.354248843793163	9.355166504958191	8.569819574800084	5.916589296648423	8.165591722485642	7.66595910869332	8.32583533564546	5.862532746935189	5.64706772504342	6.194284946075296	8.65846091436057	8.304700296651465	5.626704191226681	1.4481577007499644	1.068490210789488	0.8939439965809536	8.558218078841936	7.998983138266465	7.020497461963714	6.789615230455703	5.194545416488883	8.43427087302199	6.9602698741130755	8.051080462695117	8.141522190448013	6.885248395523987	7.134372577395709	6.498027936437561	6.349024702029419	8.269882727470922	6.941428799698358	6.785746287891506	6.083845622577805	6.164429601258263	7.191758514499778	0.21554202083696666	6.633370436144139	6.649089268873325	8.890064956201334	6.635988514413978	8.405893372152041	8.47581480545111	9.174510026850779	7.352090854857071	0.37788567083463426	8.646677247357678	7.852020328590445
290	IGHV3OR16-10~A0A075B7F0	9.393777062533259	10.38218150648486	9.387018894353163	9.995970327418732	9.486759175579897	10.539298816684989	9.11135873656793	9.437252096734605	9.530789942062496	9.648185082421003	9.838971038494808	9.748553318585001	9.408493789980731	10.766319724619587	10.410600151155371	9.894754217932082	9.878550241993677	9.814603782812151	9.465875000629133	9.386811740946348	9.26439334579179	10.600989300107823	10.208341241234516	9.879463781354465	9.52343249965542	10.00873293581535	9.973190840058122	10.014017234243166	9.873212315553381	9.722347904035702	9.824279381481745	8.90098912203797	9.561453905819937	9.23902157640636	9.484414206562613	10.293146053738125	9.790146119866373	10.045188898018033	10.187843315964951	9.894010797398064	10.202652655595646	9.374927766771526	9.352930172100233	10.206088774152315	9.904993595677277	9.983120344130292	10.090822986778411	9.841668954377097	10.925767295718572	9.826906772818147	9.449907936665475
291	IGHV3OR16-12~A0A075B7B8	11.332252263855283	11.905859799127535	11.01220150541483	11.033800883263142	11.175476455042553	12.115650459694438	11.000010146940717	11.372293717644423	11.280222232543442	11.2890406253092	11.229330933570463	11.292904055296797	11.226850196825957	11.828952385850403	11.922154814881877	11.25978779332386	11.691572509618863	11.610382369908582	11.007453017733601	11.127030350235259	11.377252240104305	11.838168865485361	11.521546407612778	11.560096407261165	11.00027910084347	11.13659316693842	11.259668853043094	11.83791218365479	11.237428659373819	10.987925791837561	11.447121324052471	10.600392980395336	11.246644785546199	10.978727476595546	11.252835036845623	11.8209805867063	11.422005462528059	11.334722971562899	11.56826371345744	11.32150646940986	11.298800111787239	11.517692572992027	11.1331732626688	11.79690454797984	11.23111480738019	11.571767917109261	11.933938412493626	10.97323253906202	11.708038344786113	11.768979227299031	11.143502328727012
292	IGHV3OR16-9~A0A0B4J2B5	6.909480026007229	6.841252498142104	6.874420555452132	6.954251610071014	7.225315570754223	7.5746538077453875	6.294337346229736	6.789396332151475	6.212993386113275	7.707108427070443	7.569255202409713	6.92336593533906	6.776726787340129	7.202853943375241	8.559665677042322	7.569689336785072	7.408906422149691	7.096454584310432	6.205999467049604	7.065894174620738	7.338703880010077	6.829397378287091	7.729171478422343	6.306353507679026	7.623204679602107	7.169952059792301	8.025251443712948	7.534571832219567	8.074175279442015	6.841620874649375	7.334817610141709	7.091237470688718	6.725112316420499	6.740470776185133	6.824542967269054	7.508152622082133	7.444475549616524	7.867377727612473	7.919028331172854	7.858467114103418	7.382825187162387	8.139930532848133	7.246212316025615	8.400572383030052	7.243661691504176	7.941993955583211	8.356120667624202	7.6753060532844595	7.057756779846275	7.957088842092982	7.039225810332865
293	IGHV4-28~A0A0C4DH34	6.07303634812689	7.59306017997551	5.823298621512903	1.9366253048653015	5.405696700940526	7.51809950869605	8.252572610709546	6.205678571875652	6.1443626211631654	6.122017502161659	6.435248679181494	6.817138150733882	6.966045960737687	7.111619334985096	7.045942091387017	6.660055973286121	5.1587677627567405	6.717985837736591	6.455143697754035	6.360622609870789	6.355295304699239	6.811264044606491	6.798634454108474	6.658841571305121	5.022396430657723	6.121176510056996	7.0804940534372545	6.792734998201572	5.2200132181211965	6.0676017624505	6.431543257021564	5.769663134926427	6.638307416296554	6.285592851240352	6.5704647979341475	6.650581877876689	5.602497258509321	6.315457376741315	6.243917320051512	6.519014214500893	6.144167166418499	5.841070962771914	5.26565953831093	6.257864009917404	6.424710282274192	6.139677808992944	6.7679770976233895	6.93499630490407	7.187312500718293	5.967535782031444	6.00301754532493
294	IGHV4-34~P06331	9.539489808300045	10.716277948928695	9.542773651659266	9.871083563181392	9.616313038704766	10.363354107195395	10.610444327510567	10.114171887309812	10.220367108558714	9.925793640217178	10.16751630480567	9.736068769918042	10.223159014564486	10.371793790062641	10.519824827227277	10.061905769882044	9.884243290867294	9.893031599545886	9.916438684747682	9.774092402886184	9.721806481829166	10.730368447820595	10.117134336856365	9.740526259338777	9.606732431102598	9.720605933140096	10.51798961854258	10.170970735489462	9.766835906232565	9.731635166053525	10.426807062046226	9.445191576949918	9.882185444645785	9.747666060956112	10.362734447216907	10.250920597723445	9.846521171505021	9.611014888257571	10.078647773309726	10.722084881420841	10.177690673604513	10.039113835747054	8.956564309060477	9.914928507822868	10.159776659026528	9.499777533287311	10.055300145726216	9.808845879750383	11.264478537721157	10.195433037374002	9.650093828628432
295	IGHV4-38-2~P0DP08	1.1255808525243862	6.226818894238337	4.136862855586927	5.062151569368475	4.620172384613492	5.580647084986662	4.5061728132445555	5.611769357759851	5.2523518644174585	5.48380667656701	6.822663696693391	4.835016155728251	0.49427771007555577	2.057555026904296	5.421886206044375	5.518245535554242	6.15874819696414	5.395849582781609	6.7819957715129275	0.7874932694238423	5.1227730284138495	5.918899532264093	5.63705133713227	0.36633147208084405	1.2050000604166493	4.882264288019571	6.149972975602556	5.044237846416112	4.94655508182474	3.984073151018196	5.216328460962734	2.8137732902132537	5.20203756012647	1.7796231731824679	5.938067407424978	6.476909451979978	5.527827036377523	0.8383872372265049	5.80714479309422	7.093586491363303	4.995790954023608	4.391374453197225	4.149018310358835	5.363085094596875	5.127933570322435	4.974181653837749	5.423403583762689	5.463367960944155	5.008922672008805	5.825391572801761	-0.5735276137328096
296	IGHV4-4~A0A075B6R2	5.386660861935137	-0.500393401262742	4.166560617033782	5.416713528179823	0.43343588213421397	6.969540576633597	5.415039993025126	5.648860807409433	6.383909783718625	6.522480842012344	7.795261165944111	5.565353957940974	-0.9637723951815347	5.333047222765931	5.659618479543478	0.662592387745742	5.50480783676967	5.3872293054570575	4.498709845123329	5.047567615034268	6.013304781128121	6.483146723012436	4.979386727947214	5.031637436555501	4.866007697355188	5.441482508982144	5.985188670250241	3.775090898174105	5.273439778524182	3.2782492244491688	3.863039271761311	3.2090206109734662	4.510603016242613	3.3912174939295876	5.829448964137456	6.764415453855648	5.740370098149706	1.1304537490724385	5.061468103600298	7.897062993206416	1.1102679183894504	4.820015116046065	6.223151058431406	5.490811223856262	4.23639702753088	6.3380211569645555	0.8479902693674661	1.1365590920449145	2.2987194394205903	1.5443813334139733	4.411669116509376
297	IGHV4OR15-8~A0A075B7B6	5.037122953610002	5.774223738653208	5.473403531629429	4.5632450421711495	-0.8402345955842652	5.439378555911573	6.305564433144308	5.07661321915232	5.182662434351757	5.736492667559891	4.914609313102626	5.2024290692092965	6.8120103927227476	5.465977477699222	5.43918094282088	4.300041366099742	4.159539398537506	5.044811153486956	5.436371606797863	5.254472605773108	4.903944714617054	5.721532096186392	6.528102443614095	5.601444369581594	5.992208218597247	5.1049099920298255	5.6824097877656445	5.6742406599260535	4.407240660132245	6.667510388532623	5.609820687350339	1.5214287527191162	5.147246078863309	-1.5981284726705272	5.108002252862024	5.340850874922067	5.037770635158687	5.680214743119309	7.2965625431427465	5.154655275137525	5.833895538901518	5.290623149807454	0.19252904916604335	6.247643189054698	4.573880133405543	5.221474577420478	6.577098929396452	5.734436644208988	6.943437267625891	4.651311890298526	4.412856013703915
298	IGHV5-10-1~A0A0J9YXX1	9.718987451045692	6.823503301140135	7.2021623941472095	4.386637051338397	6.182821380252232	11.105760357418852	10.165970559396591	11.160463432107283	9.241781139585266	5.160716695279821	9.820559770015885	10.23524806962825	10.630398451728933	4.800434574024926	11.655934093490794	8.729410080419246	8.811872949442419	9.13523253563868	6.289672492742902	9.278429039498077	8.388386018307619	3.827462690697548	6.156923715250767	6.758394942488421	4.411573181255049	6.077395991802732	8.445521736989901	10.423667479946033	9.37181718235066	10.131662472829364	10.39017381169028	9.144913051215466	9.698787421372261	9.99636211173569	9.016751509717649	7.830747100663113	10.449003895153092	6.512316337630161	9.355092016352753	9.681576864096648	5.545845186573711	9.943788862317868	9.79274294032107	10.101489563274695	10.298975142727638	6.491807967376256	10.298190693065827	9.980678966958033	6.862400033755131	10.107804681905385	9.704624832709525
299	IGHV5-51~A0A0C4DH38	9.065204754038682	9.766628687468357	8.620374333265215	9.567887045048906	8.798751414510562	9.967640612571499	8.403869948144122	9.433849264030139	8.971177342022639	9.155626907996622	9.019525236938351	8.96668894340428	10.525456767588416	9.795338662475016	10.251296319880645	9.330067662041177	9.715769219385344	9.427194920916124	8.194838445849927	8.45629211711802	8.987434993699846	9.547125880310375	9.334153781856406	8.880273223587379	8.77417727974086	9.018298674906996	9.723679378066022	9.386125094233423	9.065068474362054	8.761078822589429	9.612912805315867	8.874505734121318	8.972323297536311	8.995244158762318	9.215679627392705	10.02048084533697	9.261919441534484	8.903186152897973	9.599968896804217	9.773379501701095	9.403391248060151	9.238852963539715	8.880770757018256	9.509662545466362	9.748479921664382	9.390292044391783	9.708632840959057	9.297202322639103	9.72476321698274	9.316373934862971	8.940036454576381
300	IGHV6-1~A0A0B4J1U7	9.27690561188115	9.999036747639298	8.184801810472566	8.773374068337253	8.286961109046686	9.18330629188754	9.223657069542696	9.83284125475064	8.924064384721904	8.60340483201167	9.733401532915838	9.966705487294112	9.750557954312967	9.330778635895946	10.245615228386125	9.454358539752393	9.820798040167025	8.672297354224575	8.978952350407484	9.140439592509564	9.118980665308479	8.880063920557522	8.700256716994517	8.518201705031634	10.02338550662241	8.778949393720602	8.84727292638898	9.850133507504582	9.14344612025294	9.049441112399505	9.006595398449775	8.61989811433922	8.92198072914752	9.170956681252825	9.040276174020999	9.572516472722153	9.043889882350244	9.355662011753575	9.58384808145453	9.845969297451967	9.362890657644131	8.9442872252588	8.921895130804021	9.601508752474636	9.22112331926895	8.929887933092504	9.794469511544644	8.979323572919776	9.574367626623868	9.863189795271552	9.346300545579718
301	IGKC~P01834	13.213525368743031	14.754318802706479	14.022069241420478	13.881914451842224	13.785774419613123	14.466102855901859	12.955400263417774	14.01233110562473	13.724169501947125	14.054931993161539	14.09300918876999	14.13214307212726	13.950603594634815	14.4814698338876	14.620483966677103	13.838335087823785	14.073569562938271	14.495754162444499	13.774870387893507	13.948798530234095	14.275892034671608	14.548474936630173	14.397162007577467	14.0728996617104	13.314984777806972	14.19042197357623	14.55509121700569	14.650086704998909	13.915152421956543	14.15708552214685	14.593858850460572	14.042190559121046	14.275743303524182	14.393582267364378	14.127742802936158	14.494772103628009	14.00803274718604	13.94695320073644	14.308258750527667	14.084196088335046	14.065615816549892	14.623581245509031	14.250745853585965	14.620223741549317	14.142707109941991	14.132927821858598	14.601916066369888	14.368133144771992	14.37228056387463	14.12254445316085	13.5422065101484
302	IGKJ1~A0A0A0MT89	8.112679232232352	8.791905401613407	7.964748913378184	8.19338278086648	7.93806291925919	8.53737554014387	7.1427320353197485	8.952898067403638	7.4760267533061295	8.26926938702983	7.560053363356133	7.945414186682849	7.724281622885528	8.143340236846848	9.0915609663413	7.718075125880784	8.479114887502964	8.855305929915497	7.027697651891094	7.985489760392281	8.511615739657106	9.259475482334029	8.990174354284138	7.920564026845375	7.402592367555444	7.833938473817447	8.059925491075425	8.710304495271314	8.231328571723992	7.570931333403978	9.085260754770779	8.019555607681326	8.488270801855476	9.206668166915355	8.270654061907855	8.873131661380361	8.271774036969584	7.835665520214751	8.578594165518437	8.284077256021455	8.164874711029205	9.661586211824067	8.253324540425771	8.710381016430658	7.887682482207523	8.50075546263015	9.11721980407891	7.984987184483443	9.257879112348496	8.472126085348934	7.0245478998773025
303	IGKV1-12~A0A0C4DH73	8.157490808091355	9.252170217873468	8.44683278985013	8.692712332471176	8.266040595371862	8.698114014989326	7.648993742820714	8.705466813149066	8.566449534977268	9.127935144205853	9.285416047965022	8.790831699696401	8.362954046434783	9.43581470224454	9.445822528597517	8.598045342114958	8.626355958754866	8.265269079296885	8.43102403102898	9.192350764110556	8.924550035622246	9.97030604189941	9.06639094481295	8.685377708207628	7.9292096388246485	8.950718471716456	8.917266354826289	9.045783320274117	8.156278775352671	8.755050456076498	8.96574307427864	8.101494051664753	9.223784906856267	8.636181622021976	9.046847569024456	9.810594579878765	8.889194878659476	9.297047793581196	9.65111751197277	9.384051857406766	9.783555517141794	8.890829704602043	8.531583973071857	9.78542353190915	9.89817197985348	9.412417373541647	8.99813889370556	9.049236685867472	9.256670849859816	9.539844507544917	8.407707972663882
304	IGKV1-16~P04430	6.685562820217228	7.606699678719501	6.617750716011292	7.233391914899016	7.077791374270562	6.65758188207769	5.042776701206471	9.156571039823405	7.138312115882643	6.184713294236262	7.0382168886177245	7.153923531628081	7.676034536586576	7.324509376458964	7.840342959857721	6.671427470598664	6.41151809964131	6.800090888853127	7.089035968483397	6.390168693740794	6.9978356094317045	8.656987673372806	7.191977587871762	7.705767152851074	5.744490812804663	7.3035607329360825	7.298315450482125	7.820269644647188	6.886671631033014	6.501674061166813	6.968376586366888	7.2334896360166745	6.58202640827825	5.34451345538703	6.728426890265904	8.05578551987386	6.779607654055079	7.782191894513395	7.575746386531521	7.636735570149887	8.030851147920814	6.895504096960167	6.907649504456893	8.38060096883662	7.072471860723259	7.577710945642458	7.574328240516388	7.086094748607714	9.044055534388015	8.352358826709775	5.200245038675602
305	IGKV1-17~P01599	7.674882963616991	10.03132596806373	9.268107905722287	9.833986906728247	9.170395622079763	10.829593065679656	8.194005635878016	8.759319927925283	9.130284296362213	9.416501575373532	10.355517383299283	8.163942600354119	9.391115205517501	10.322353723553414	10.235892253044018	9.479852531544973	8.95857979544407	7.884544867849767	9.315482253355274	8.693363377271513	8.566757494405067	11.116731193122613	9.408038656520691	8.774474611038643	8.508991958918104	8.97057313038524	9.464728330070827	9.36162657985944	9.497947318178614	8.363649802731686	8.854167480675445	8.654841184548507	8.437578491088138	8.978125459053627	8.149681696789852	9.831723874757666	9.44168246624997	8.801513785918146	9.82834057551331	9.970314293154749	9.019006799684487	8.95531139210418	7.607113094775144	9.527428920960626	9.054301578621574	9.562261525998355	9.168910635213356	8.825842904070234	10.272970860356196	9.0774756963292	8.814098937357718
306	IGKV1-27~A0A075B6S5	5.322310808708045	6.139338849134639	4.091228429848142	4.570633064530657	6.105021931893976	6.407487950076235	5.488404432746944	5.335508392793053	5.451150855715209	5.4394526221370425	5.3211523133816225	6.487542725190406	6.061844313466418	6.4692594906307965	6.867759380239548	4.45654417550698	-0.6586812771768249	5.399544314729322	4.9889381696380335	6.459094368147836	4.801790837318465	5.764102978615132	5.375864711978895	5.04960596212959	4.96949271058803	4.965225554819262	5.7566206573139995	6.002674944527476	5.666447564196789	4.4784499446028	4.253222670406736	4.645566196946774	5.892248744657255	4.43846662101495	6.139389284410034	5.9947185604023465	5.677086236876096	3.8515520475264866	4.646967232447778	5.217332970152363	6.03076747855062	4.369254136762284	3.8717022361276983	5.528425017108394	6.148930208057322	5.346871725451208	4.496174770562233	5.727443652853514	5.197275195323757	5.011864149225018	5.081071182100321
307	IGKV1-37~A0A075B6S9	6.98854375703407	7.977266907357402	6.9864423062825844	7.491632941739681	6.8180191194557045	6.937607477368702	6.030103338654045	7.463064567481607	5.80462006771717	8.06397069877776	7.7072493749966595	7.245171857502175	2.3685452893703487	7.066137981367467	7.035565988166963	7.084213609388271	6.618428856989322	7.5378870141228225	7.162539770061065	6.937381723128501	7.693627328393361	7.804433863540494	7.512382170803167	7.330494452523536	7.161968048880196	6.782828085599096	6.073238247548812	6.86712675649142	7.614709394854335	7.317566356984236	8.13753419887482	6.706638395791126	6.714379166564095	7.0100762778166406	7.907605499381128	8.438224457978977	7.281725187016897	7.075789553225609	7.40412834376962	8.168331026803761	0.3119247482511205	7.954776540824811	6.990439088509332	9.139327918656733	6.85050706324001	6.708014235576661	7.413822489308716	6.679599720644414	1.093441893084566	7.5169111701126194	6.787128881405613
308	IGKV1-39~P01597	5.294020923997962	8.393158942293004	6.9156790076262125	7.432946948034711	7.4274360009375355	6.735737080726402	4.587520251151629	6.354833562164371	7.751148982796711	8.004285455875664	8.295278628591479	6.454839197022182	6.989555354972173	7.955239279919332	7.581900140095817	7.012512014869276	7.179099211117399	6.874877065620459	8.230149469907051	6.672124239747161	6.9112944198401705	8.19259593306287	7.098840099781622	7.018836209216827	6.10515608837409	8.004450060126054	7.948152603553367	6.435143359892267	6.890787316813745	7.0214976677157255	6.705133708856811	7.118755289804154	6.923036538662375	6.373102643270995	7.367854893028389	8.005917636747153	7.431015866809351	7.619486779053741	7.5859523225375405	8.64711461919263	8.280477836795772	7.549941971982793	7.3199073288228345	8.352537446963268	7.454196109165399	7.421032252180863	7.35066622531722	7.313811388752045	9.225999494844443	7.501649038321863	6.232255494112853
309	IGKV1-5~P01602	9.76099946366342	11.287778877241438	9.885541198101782	10.240849694786425	9.708087509479986	10.09560547460052	9.483451335549312	9.978252831548721	10.149120055618026	10.678527286290558	10.674177071282864	10.420115197944392	10.062969555964143	11.146468614934339	11.197865784799609	9.991333700330525	9.97580284670487	10.028375716074752	10.120789046129289	10.23267811595596	10.148128353929424	11.017554693170018	10.413402609113762	10.012947740805224	9.429563431523688	10.191974426224633	10.831645892451133	10.583458359212306	9.468272525331479	9.953881070584002	10.353307712345039	9.899821373474271	10.461612835254662	10.263637279689389	10.580392570696976	11.380835696582372	10.551963194151655	10.743416562574597	11.051183212988523	10.605051273784582	10.940273265994188	10.564446776235755	10.103775071166405	11.220260227146785	10.975658641454636	10.729287879630602	10.818520059743049	10.28396030155727	10.805984798382223	10.370512483092549	9.508342945197635
310	IGKV1-8~A0A0C4DH67	6.464073054354885	7.3338297358197755	6.927719920478189	6.480547644008654	6.599737175150553	7.058082748723525	5.201456753033671	6.294379278188066	6.651189352872551	6.812433906060626	6.98943313443051	6.7140717031670105	6.390663869664958	7.126931602510771	8.028036892491716	6.365286794897367	6.786536261426258	6.867762490354979	7.311688732814101	6.409510841505604	7.150471222101864	8.026621540858756	7.479458345964658	6.737593125549837	6.068318579999123	6.854893867669515	7.5222680664796835	7.109723868555712	6.818139493648582	6.448387693865554	7.0274508046404485	6.4812990933259425	6.733651744254057	6.5347289041873715	7.23878781569374	7.686642220571263	7.145582991846695	7.104973638903564	7.5786213435721	7.182762895045831	7.260254553532242	7.629733362288971	6.924487061571677	7.592209845834541	7.225464590874229	7.306461707453311	7.766626059136786	7.0666527316985475	7.255237523458538	7.224014190339408	6.118572175981292
311	IGKV1D-13~A0A0B4J2D9	5.2628449831728	6.480685319880115	6.453467959444299	8.265144293270401	5.86250276220226	5.816385564064524	2.7512881453617357	8.68056749245654	7.486871961285657	5.34003506982529	5.107199512360458	8.549010468109252	6.045481557019288	6.155953881839563	6.4881941730541	6.941133688174903	6.584885794419718	6.775404720457024	9.873091942942061	3.5609771837790207	8.800159632437735	6.464252328075368	5.966847246572359	6.06175929169604	5.784679271775041	5.825326253442969	6.141701946890829	7.486629442705639	5.4836582287106985	0.7397065622735278	6.840352084974539	5.584897948455383	5.750819720989446	4.357406894299584	4.523701210418278	6.25322440196857	5.083925782903819	7.356662991537413	7.785138428934736	6.68660236403397	7.5197219060957785	6.529750805682665	8.050099401653794	8.059921531422631	6.7712231638310305	8.053792343037752	6.594409353061989	5.689958847126201	6.283630009378269	8.94867441141947	5.7485322314280385
312	IGKV1D-16~P01601	6.649207598347081	7.679315147807468	7.760113229266847	6.850954229911356	5.981876878693166	7.363754057049518	5.904051328094072	6.780610149777204	6.538867158230945	7.632884070410437	7.431678039014689	6.985252611554068	6.472903618253672	7.4439385802710145	7.34663181146298	6.425541958565843	5.895493002812041	6.91075964463074	6.053293701137921	6.182037087293468	6.736221267656092	7.509601057806888	6.6658013847218545	6.3387488938259	6.660383761717089	7.882606763481152	7.563186843944692	7.723655216389803	6.641059602205995	5.757613105775372	7.1157672833016	5.571849373608928	6.285959934570913	6.053062467694093	6.797443152424462	7.144338968812593	7.336320767213376	7.194774886074185	7.197008766044507	7.03064238631718	7.050837418336346	7.143873467665428	6.986005793581703	7.99299346677563	6.53829018892293	6.87837081397053	6.921670808188343	6.9233059022321	6.813000126611943	7.005351963732949	6.285338575058018
313	IGKV1D-33~P01593	10.08371028106933	11.393209884052107	10.673339379576484	10.240029199422382	10.75075584244475	10.60497811586474	9.71650717979861	10.326017955922422	10.766238833363808	10.832019531460423	10.529518606576273	10.60663767303385	11.210001523576551	10.942781599033168	11.364331329208062	10.144824697849838	10.210098165750646	10.634337800911021	10.31409998379234	10.434620592779767	10.519712909144408	11.297712962633796	10.910692314940688	10.2106952708005	9.994808057674918	11.039610207014249	10.610541877178344	10.985581395380322	10.953660867879632	11.150913223384357	11.33932823633004	10.20374393527072	11.149256531892695	10.73412225985978	11.079318104254002	11.38844593179814	10.56457748835773	10.74789691308937	10.919200772724427	11.170040722015981	11.109921654977844	11.167426262193626	10.489829345051021	11.074656632059423	11.165092689536191	10.734927364511408	10.851019543362348	10.63326089063662	10.756370631344438	11.030194288653583	10.45894648346364
314	IGKV1D-8~A0A087WSZ0	3.854367352038445	5.67635860741711	4.555444442141443	2.8875765113652103	4.031352052554019	4.603348231519417	4.775130493989519	4.6792866874362575	4.206970366446077	5.0932086349683425	6.264870928361046	4.606146050949592	4.455943349107452	4.7906881476541665	5.032947022088622	2.909373721399198	2.801423989325997	5.199419838169388	3.972238881461659	5.642159030216746	6.072132276976793	4.575337271418966	4.958012247829927	5.101832724532697	4.0960216442477435	4.419558667775774	5.641596247147557	5.126540797607612	4.2885561938649355	4.541120963270445	4.062330620778703	4.372169482813745	4.447945479714589	4.316623214199369	3.6016572302352863	4.662436838796057	4.493934586759563	4.216914854925201	5.226151531975693	4.975131019488997	4.515085005584735	4.688996183284625	4.176719185365164	5.410178943683734	4.4931881033707475	4.766112027192907	4.726394258818641	4.552384854329634	5.369075843274776	4.029002220438932	2.921834219451968
315	IGKV2-28~A0A075B6P5	6.3371801978202615	8.465900029115135	7.0684967037006725	6.846483869979326	7.2742764792417	7.348253361791592	5.894524802308259	6.796407630294999	6.23777888743085	7.953555371773266	7.081839028040853	7.08995892092732	6.58402489066273	7.518718820367311	7.768081724799454	7.121191215821585	7.529132398977334	6.5863744750359965	7.741481696468402	6.9842011297049735	7.309505774636238	7.91464261336485	7.672772125224515	6.314387138042977	6.698991797482794	7.561737183588306	6.513483526515458	7.757934312143699	7.096606428456957	6.927102111864805	7.325897217832858	6.858002629196755	7.358202204180992	6.832000885621926	7.477493459293614	8.050412988621465	7.582864507476447	7.682581351042257	7.68683732006456	7.295719056674086	8.093869979877072	8.199006236822825	7.411591670621083	8.957784086008202	7.445710149482915	8.059601918605795	8.336016010098554	8.443278850713593	7.71419614305907	8.255424979555112	7.084798171428619
316	IGKV2-29~A2NJV5	7.675375622852542	5.464288977957006	4.797072524672136	5.471191450254905	6.326144720042457	6.1356245941635885	6.135805399955146	5.454245944914606	5.0034618096571615	6.347055353058632	6.049658470789585	7.1024089107819215	4.791245972029455	7.171080720439246	8.305899202589773	5.129257543632592	4.7320091144800625	3.4071537679177193	5.963893118698701	6.209921380001995	4.711804851732869	6.235423824384493	6.035953206339025	6.809650390044712	4.747471333964908	6.554133867533223	5.799233294166671	6.799317100083533	5.019906775979129	4.52147056755575	6.356920446780876	6.216446143682966	6.597163721912205	5.004122719254594	4.996831785033006	5.471111923753351	4.808612598778954	7.5718946123772755	7.219437240834077	6.290474382873532	5.86764562080395	5.650524030641297	6.2240325962323055	8.895486716090234	6.770684054222305	7.216610883365715	8.284338250636107	5.96495245237109	7.970304374086746	6.716754791951315	5.803850182733014
317	IGKV2-40~A0A087WW87	10.949255085094748	12.146027425616568	11.447822800519445	10.824109394581669	11.427290846174712	11.850660044360987	11.067467022023958	11.20826294061373	11.350850314609998	12.531916831475936	11.716048158147322	11.48399876288608	11.174889881100492	11.75099866805989	11.975150528842528	10.900054372129182	12.275187450284893	11.638228190604746	11.256055897968581	11.797513605461537	11.342458992993445	12.333378679026922	12.018200858119659	12.79998915023847	11.032262190033524	11.806964517759617	10.430214527982614	11.53609635782242	11.961640453153551	11.39907226317194	11.733924041551466	11.396888907326575	11.80026570447345	12.118673715149948	11.90738618740721	12.341930706302946	11.745604165394449	11.796146281332875	12.439590598389644	11.852875497378951	12.35916160225869	11.919559959770408	11.056515673000163	12.206866809140632	13.294827551422301	12.241491673353229	12.470680592918235	11.6108116251179	11.529786662757244	12.390303066702595	11.155223414618863
318	IGKV2D-24~A0A075B6R9	6.899575983734546	9.070962915217413	7.694736628616717	8.655676145976365	9.305605344300318	9.320028155920559	6.651929237373043	8.054067027890477	9.216629531955833	9.002137364185593	8.747263363967502	7.968581987121699	8.387877178907882	8.684495881168237	9.082048310581493	9.718477167720685	8.561467540783488	8.323095865891965	10.383678060247046	7.597607838515289	8.155296462543335	10.638384427896579	8.951276798879158	7.766489884792953	8.604808832080472	8.177319160788613	8.483878127794613	8.620939303652527	8.63307016403554	7.492085445289034	8.131845973297423	7.416480571667222	6.933418270621159	8.17686159562432	9.168946738275576	8.422255625208404	8.466579741349092	8.049621748161828	9.040877638809274	8.848145912272194	9.406859332998444	8.88025668601532	8.447605154818634	8.554461681369025	8.234063248380618	9.148628944397098	9.558880068289564	8.903155713848236	9.06519883625013	10.187635845573746	7.496444948721945
319	IGKV2D-29~A0A075B6S2	1.6772149416718927	5.059967726695692	0.38562929245351707	6.137973929045014	5.925140861091822	5.161931463307192	5.062958031289111	6.044364767354121	5.044945359142445	6.0118578379682726	5.179182756128025	5.933116291618998	5.206223842505133	5.900628965873707	6.894884265587466	5.894263890208303	6.021134344908376	2.060701545993412	4.903333373194406	5.885173998374634	4.983895770480158	6.621682566485868	5.619233315740123	5.376727404288969	-0.46705490300019004	6.8843465254262295	5.1735969314910415	6.8838229157679205	5.354410280413832	5.66852417279263	6.068620688433375	3.9316207759063593	6.5786768497012496	4.985600242803097	5.633747129373534	6.312011417161651	4.9997611823239305	5.985688396834009	6.550316660078196	6.6803192783832595	6.996030947134559	5.665562868988881	-0.8994778388655524	7.831276216363428	6.1409182131487885	6.783831243639985	5.9542970554156645	6.012495135512919	6.0659253920702385	0.8436898127640666	6.105688913400192
320	IGKV2D-30~A0A075B6S6	3.7256312830950797	6.099385857417972	3.641338589868445	4.242539876355909	4.13487577001072	4.789850111193707	2.0111056746857177	3.503624385798511	4.453756048812992	3.159481039719379	2.8208479871954886	3.4988411738379894	5.260133497619439	5.608829970665129	4.50975241662347	4.711869953371184	3.993185456938295	3.9748933866346854	6.274996859268512	5.0118262812703955	4.003831668167555	4.7480661880062005	4.530529692341114	3.465863295616017	3.6270005570672743	6.062292407439557	4.261103956798423	4.151619091076547	3.353459696910222	3.3101943551780346	4.559405449947735	3.427591242820398	3.4215694673964907	3.392139860239388	3.9937281100240836	4.550794921377623	3.65533483771855	3.8178484908515142	4.590300813838481	4.20236345138693	4.388521214301515	4.850336704822602	4.103930787665767	4.371761625047294	4.624067074603599	4.785278642373521	5.532896046179069	3.9962661585577184	3.222549211855915	4.778255034030527	2.4610072447077784
321	IGKV3-20~P01619	10.810927831568423	12.209541566791739	10.867961806496508	11.582667918895375	10.766666292303404	11.439044322825012	9.973672232502484	10.89687209098604	10.866440181168189	11.290132920218296	11.844266140081382	11.202835414716143	11.754479578087235	11.61386251409246	12.31548515559896	10.789114999061075	10.930625369692974	11.491706330335907	10.96504037938271	10.550245840915403	11.499787871702745	12.239844829486078	11.08647819802193	10.756197440562916	10.481979841010006	11.71693728190443	11.264460783851668	11.330723936998599	11.302803311861377	10.583900059414674	11.350299055502244	10.395236927001285	10.696583533607154	10.650466290652075	10.996221585144317	11.784831109259812	10.822860105065612	10.902687828077594	11.465894923837322	12.060837241687135	11.441097206006326	11.270367622546301	10.268604818959354	11.73546719138101	11.253963733251378	11.273021388456396	11.472756150990001	11.051974593149353	12.940195020344254	11.271756230197717	10.62136263475069
322	IGKV3-7~A0A075B6H7	9.972594307248023	10.922802323803513	10.218008119812504	10.238040226735047	10.152042476934536	10.401354803486454	8.847157061958198	10.291108433944801	10.112239519511126	10.630438780626513	10.400118392480099	10.010867310830568	10.698922509914764	10.813036933535484	11.163952117862225	10.062128012653071	10.45305971339796	10.536283267433824	9.684222868753038	9.8511345259903	10.594648993033497	10.809976110206838	10.592610099054177	10.337257522829805	9.782952331574844	10.941409455844882	10.058228774752372	10.993866720751802	10.106734967124805	10.257750520877549	11.20509520087285	10.125434754911495	10.572248027578173	10.513777223974765	10.709540427575716	10.913327535704177	10.238060787695993	10.289931070471436	10.914322169091475	10.63952773774316	10.36617104504155	10.392425129035527	9.974752153280084	11.012276879585016	10.495820389832467	10.505444388824515	10.491067602104652	10.56337714343244	11.064222891027034	10.375116610123214	9.521645844300979
323	IGKV3D-11~A0A0A0MRZ8	12.148142011522769	12.797551898014603	12.1750673559232	12.308361113193804	11.866372543365443	12.691244808904361	11.20117478887529	12.694003603886266	12.281492160373455	12.752007244537525	12.701897182908631	12.389960548411416	12.611736606981184	13.002712710128147	12.717512120849655	11.987647759886599	12.507527426231215	12.33370514633073	11.992534816203833	11.675687567731075	12.002541555380311	12.499888454536752	12.359701444166706	11.90232570340169	11.895464619894764	12.14076207047618	11.977059594170715	12.471620023861506	12.073303634016872	11.237088852528053	12.46854512050606	11.533408159833145	11.752029914847762	11.662442923765353	11.747261007485418	12.801934275365388	12.33116953589112	12.260094579504026	12.658545356095011	12.551170327023526	12.481424378958524	12.050940019924399	11.578746632385334	12.568477698973057	12.650569169213181	12.402707505428014	12.382526404115902	11.868378726392415	12.602388515213395	12.558832084558064	11.764395204756756
324	IGKV3D-15~A0A087WSY6	9.807481790537564	10.818987973558963	9.476030215439687	9.836857365439444	9.824052468777376	10.09398777480912	7.936261858697224	9.730945732630763	9.658083099653386	9.903199854858785	10.32368290130693	10.080258517311503	10.655551685907882	10.476130242782224	10.333832055565843	9.344477831864186	9.681909448050392	9.910425343745862	9.171609447684201	9.185707390213445	10.222916480124708	10.570535673799965	10.199993231114139	10.242977807745804	9.252088917138654	10.12252059836961	10.083421055579752	10.292974946515113	9.841947996288749	9.37250270034146	10.048962742141315	9.477966471514334	9.306688928378477	9.619483196843643	9.98430014890127	10.283185733326128	9.724802969675318	9.84272457708027	10.172539671549025	9.931739248084684	10.101176623943237	10.371013253748629	9.308137211472825	10.439397833788362	10.071345005517593	10.264731649775417	10.284241371781913	9.790074908274143	10.464398922015985	9.87935318493899	8.92273999919245
325	IGKV3D-20~A0A0C4DH25	11.261887599794075	12.054764108242736	10.867561544271803	11.360432931321885	11.232252712332805	11.494597925513991	11.087977159787922	11.668633561754467	11.33829175471679	11.806247715234147	11.642660896880983	11.04209384784023	11.66048713239493	12.16204014126453	12.90775483615528	11.651900450501852	11.39999183865428	11.668355149997403	11.095227019716633	10.933597194653364	11.819426109056547	12.453430908031418	11.69402465285189	11.135190254593239	10.870778594524102	11.842220077348562	11.549814038935489	12.451127834446538	11.231397719686926	11.78534619942906	12.06803642378999	10.997622876286096	11.631140078743302	11.29453198996831	12.328393068643587	12.021705046058585	11.179796739456304	11.456115863161832	12.10959651226219	12.283474726145855	11.676623535857175	11.689879209387767	11.345381828333597	12.009768489245545	11.88848649151183	11.93625206222508	11.680400518732332	11.110791210999466	12.614316013272413	11.314435406436157	11.01425361870016
326	IGKV3D-7~A0A0C4DH55	8.792620328978723	10.002506703931424	9.094943958789834	7.995488555881544	7.333584094539622	9.286956457307278	7.8612633841672475	9.505070222821592	7.672457822721409	7.626695837304998	8.832112274019755	9.580848548418375	1.240369712993564	9.395937158490545	8.497648065699227	7.1173553678594565	7.9525871647171655	1.2165454648433367	8.810866363745752	8.256121998791944	6.679397196452166	6.959444937829604	6.277190188546961	6.280687101186313	8.305984204408707	7.772447682549338	7.197368043966861	7.930947806419475	8.948433895254684	6.991543989432296	7.844727311180214	7.225513427288254	7.689654558234818	5.609256192996876	6.632995751646108	8.232654843502331	7.11570284101427	7.317895042013678	7.771580141257085	9.329759391544574	4.659199475881285	-0.15548961904674719	4.702962533873876	5.533495138104509	7.469844118691113	6.007726061864584	5.273944531280777	2.889958049870358	0.5064181989190728	8.497854029193036	8.872068370040386
327	IGKV4-1~P06312	11.716580546916783	13.065360744766762	11.60621158011338	12.495031317888738	11.925938843184555	12.493308939924244	12.011596834794176	11.97018428650775	11.943167343574038	6.078301658383512	12.384645436996562	11.88034441707188	11.95730542214476	12.779727469414665	13.084876981596492	12.380371355736335	12.325091581291023	11.965972094002169	11.824429147626876	12.529887677231972	12.304111752858136	13.128047357668194	12.672571877236784	12.178678526455982	12.212891595746981	11.985692131319343	12.297479005876411	12.813110250911999	11.87145737451766	12.299709006938981	12.298194049908846	11.880889369963349	12.225975820309797	12.021081974142042	12.56933703270755	12.870088862438578	12.449163636082892	12.350336828935623	12.729231443854017	12.890143184554693	12.575476810596971	12.513942959561893	11.873031377260956	12.961637450664819	12.51690984798994	12.73577219464842	12.595574604390478	12.50763097902923	12.92904895772401	12.280346995733534	11.916144066831354
328	IGKV5-2~P06315	3.77848034155143	5.857829073074189	4.537964246692371	4.6426659642379695	5.875254770860289	4.257746349373914	5.77177506623873	1.8458722202707636	3.6342972484586995	4.524973855669933	3.8795094945560735	5.006025367000916	5.728318724384256	6.0704896639945485	4.8649007068944075	3.2808950612281533	0.2852091977658899	4.785184236816695	3.528430740496993	3.935093182605674	4.050604130289023	4.877722703988805	5.2722467620014255	3.77299700327653	2.599105126675843	4.216639744176848	4.573642565170052	5.172386761594668	5.801488525024253	3.0004610118211734	4.814870315328317	4.399165251288365	4.7659209879227244	5.687691451160563	4.878010300126215	4.639153103170564	5.195547180521539	4.717507623453952	5.476204918748772	4.845024815210526	3.620509248302195	4.671509753086955	1.0936300489275521	5.6420253532970195	5.273493135880056	5.070794265630656	4.661170171976456	4.030749801302226	4.243650216205997	3.580180460323936	3.4866096810453144
329	IGKV6-21~A0A0C4DH24	2.6261266555440326	7.60899145383554	8.591327961648696	6.822684991764727	7.219728950378893	10.60107071072046	8.070846499988766	8.354189242208342	7.83219969774431	8.544747284552422	6.849073746571061	6.689896480595917	8.772655375943057	8.680553221036176	7.548277251183375	9.628053438553831	8.287427475504513	3.6507364544680567	6.940868439331226	8.891672656807394	8.404982357728183	9.35880463531406	8.836929289673506	6.644443727959583	6.674736555175949	8.933331637122745	7.356675482601839	7.7349086606684505	7.289517717850652	7.698523564916135	8.554843158670476	9.259742401813357	7.008688660446162	7.563226884576468	8.599777348956245	9.175131180586096	8.770410542098395	5.751599118024755	7.84757506699202	8.303578012104472	8.28790467910895	8.835145435045005	6.6233623289957135	5.969816148770508	7.113051069870979	8.961661823628125	7.7069420739467045	7.7103641989414236	7.277127174912108	5.87002770006168	9.032199625946932
330	IGKV6D-21~A0A0A0MT36	5.727869780445408	5.001048541058987	5.241091707108307	5.959274409856706	5.809357473428607	6.901300294561562	7.41192340457113	6.046746174461144	5.331080263063082	6.364211484058522	5.272600741444064	6.6878335614584135	6.473296625436945	5.8226057413914925	5.857529547138565	5.9925616979966865	6.342972984631566	5.730355282618491	5.468768329268063	6.072467608241858	6.551532727350935	7.308830610599218	6.284137565789896	6.773959647081713	4.464024305005488	6.382035157364933	6.791017580355596	5.788091008940211	5.15564543540732	6.248423028027474	6.16072761875427	6.032248399258303	5.163821476904146	5.716428889514853	6.461896181313489	6.959791592313831	5.823839802857885	6.130946299493363	5.733229700825268	6.208437548147157	5.395078425658903	6.44059534722674	6.805276661651135	6.46573553046753	5.272504067827985	6.499888941014676	7.103083506074914	6.104076726618789	6.968077090074399	6.382546852610319	5.759393486627514
331	IGLC2~P0DOY2	13.949766522183836	14.226004788476061	14.038656641545456	13.882895905827773	13.348941793619844	14.128631261880399	13.694762235767733	14.018843508525537	13.678653648111265	14.129383176163968	13.85136265261651	13.853479372791687	13.595720735219047	14.193207695457883	14.438841715781503	13.754860188512065	13.887944865978692	14.423809281765235	13.705173584163779	14.041318085719022	13.774317355855892	13.988007820972497	13.964034008470637	13.8494890014328	13.347754898007585	13.609755096512751	14.329073927531523	14.425856418106338	13.791746955389048	14.115988523830085	14.302850017523813	13.700802582355958	13.824676101547468	13.949504013655847	14.039388484380543	14.334820064662022	13.990728007180804	14.005601764324085	14.19692249602023	13.77033240065655	14.226242981797597	13.85082368949702	13.788546891286805	13.870770036040112	14.26237576260289	13.909084617488155	14.181034238461907	14.15113920676916	13.95778957577331	13.572028469170759	13.613225734166186
332	IGLC7~A0A5H1ZRQ7	7.381460042335118	6.565688876878147	8.022831721167252	8.098001873954395	6.637298261888725	8.789509566420982	6.809878598087602	6.799161442529335	7.753684906042759	8.49730562132868	7.740506186830086	7.925294914253315	7.728920385014805	8.097134219893784	10.676565647443681	8.073664350580357	7.85164897531259	7.449141842818153	4.689086750325699	6.3335558431107595	9.07950561741947	7.781038977135141	8.688947750519633	6.011538827675801	9.197247444569424	4.785694711643786	6.677841558959479	8.865095036828405	8.698857986847742	10.167227934239857	7.910666699559569	7.856694228441502	8.513607373423545	8.562381255768116	7.064059374137226	9.564103193421685	8.83093844774165	8.975658554000143	9.40689293015187	8.236076982739958	7.4724983568786	7.8157214034783395	7.3726732651783715	8.044203320654937	7.673274025640399	6.688749095164289	7.738641726136962	9.447441583687617	8.423610165490803	7.309927036821306	8.544931308596466
333	IGLL1~P15814	7.0528409792668425	7.276946776068449	8.686799071531198	5.7143796906530495	6.540455857325293	7.719925617034396	5.831910647951723	6.797898068017692	7.0648683878700655	6.750258821864436	6.227471699130731	6.788223367082984	7.034763874410818	6.775730428546195	6.8172144810056885	5.241767903954359	6.39893570454146	7.3385629817683125	6.232158275038773	6.066756513600286	6.522166277553862	6.099658899590262	6.745426291880203	7.246855391708533	5.817615002320571	6.08616182315996	7.384857116515508	6.241559899520537	6.542229658325827	5.272223264716777	6.932771816089184	5.159816070357792	4.69482162985791	7.0855016349950635	7.409233982303141	6.492187177895863	6.855291385190364	7.004613102696453	5.540021587904721	5.87871384069368	7.190222259879484	6.757306987941893	7.45194128132732	5.4753292112494805	6.070786242003697	6.160175033388578	6.955400263417773	6.7384895871291794	6.833913388403772	6.067141361044225	6.4608748003597585
334	IGLL5~A0A0B4J231	10.34885320868609	10.931346196813974	10.32086664034082	10.822234811225407	10.321281295152758	11.295213456797406	9.519814271551695	10.802096933032885	10.337092385345482	10.917395390674251	10.413643680733347	11.000028204879035	9.924647889124149	11.394835801180927	11.921862179080412	10.760165626646831	10.601295076360485	11.031082097336244	10.205488864208322	10.355122941691953	11.266959352806655	11.048216280769118	11.198712854030791	10.637028002602964	10.032771011104792	10.577093050015359	10.754874253068788	11.348822553791296	10.521214622863699	11.066076540693308	11.095427769315732	10.49381233700667	10.632621746318671	11.026448640164595	10.59282791607075	10.970217206246494	11.34087205851933	10.87081348627956	11.016567050894503	11.129278614182386	10.693338277067863	11.11045845822581	10.125085650629408	10.81484333188462	10.64457102020442	10.147813417419947	11.02040284636808	10.778703107716936	11.075250955253091	10.198640023522593	10.314107868848499
335	IGLV1-36~A0A0B4J1U3	8.497584967509363	9.028658991787392	7.7364397129723494	6.85568917336153	8.941297686279414	8.517986375755171	6.337068831633089	8.792293148933581	7.195380168013976	8.441286070520084	8.407722363072377	8.700745973504594	9.283096833427704	9.288393694811315	9.855997538175764	9.711743947540604	6.933665444677951	8.333005444044069	8.876018787101852	8.283405344886571	7.591890498956047	7.532543795682834	8.894826735282537	8.790803268778062	8.865291228739009	8.332301850634716	8.546984631160289	9.773905636110765	7.600651589770059	7.905582016935506	8.564833993915437	8.168951939489745	7.50462165310402	8.90438683340918	7.827706606563397	7.887647438325488	8.873313432051996	10.24385080289147	9.24559680567334	10.184572262278033	8.48559484443605	7.530355134431957	7.914725267680353	9.428775339487219	8.439023644762456	8.277318194258502	8.73975105178784	8.535287955868425	8.316938445996138	9.039962215821813	8.807837965017612
336	IGLV1-40~P01703	8.83626460017848	9.535579977193324	8.393443878741653	9.769421009369182	9.2669743603258	9.449964467667913	9.146441578680843	9.410454974634321	9.51228221412579	9.67547426373401	10.188100574051298	9.729318482667168	10.59817702176631	9.936408438331522	11.250169582745919	9.771975504257346	9.162494747552506	9.560556511858465	9.144422995141953	8.625333166630366	10.319650348155902	10.685685145795752	9.003128752941867	9.1542556825479	9.948499842913268	9.721491105937542	9.614180630153252	9.560147498359626	9.635137537107656	9.704962485687071	9.603355363303711	9.00559285585609	9.513755782951273	9.529358106439062	9.847434662161831	10.404575487611671	9.63972887184252	10.214036842441036	10.54120676868682	10.534644374762228	10.914780732821974	8.7216651760903	8.841925160635952	9.508368940370593	9.690759777487921	9.21512740041292	9.633925353691648	9.859185935994534	10.734573293714996	9.328858010098969	9.78721229717071
337	IGLV1-47~P01700	10.833374429077596	11.094831717323636	10.125404956624118	10.599768610681283	9.997614607481935	11.303557945954058	9.796555565106974	11.334079018956485	10.639471101622773	11.000304549127657	10.941588824315703	10.6660405113644	10.810586539316517	11.156551289918832	11.925812289296516	10.836443562944083	10.846957623331859	11.016878832049937	10.895938180976488	9.772528629143627	10.147886996716776	10.507020200500364	10.737417459404599	10.681044484430295	10.91941274936324	10.183219198556767	10.871903828024818	11.029701405745666	9.88386131467527	11.165638488392842	11.057771320321443	10.138746610231568	10.040146216660691	10.106369325998564	10.66966115329761	11.116089610253555	10.671599804919904	10.953927770547297	11.021272126873338	10.77937580912663	10.947355401617296	10.309855031349592	10.46212591425721	10.466641472237356	11.224357679222226	10.666579647449762	10.904435990192633	10.92940245058651	11.833486194039622	10.602532824850181	10.585151439954368
338	IGLV1-51~P01701	9.839908537523735	9.97980710947015	8.713729569189741	8.948063284640218	7.969126065491331	10.366112067411501	10.52053463911981	9.652763806871619	9.20236345138693	9.747647828823371	9.119086134652258	10.08684713339374	8.97903506583224	10.272077288162743	10.64097567480808	8.323490776933129	8.58481206538624	8.555930950668737	8.842830921523667	9.804974586804855	8.407296683382198	9.396623332734166	8.290472132972278	8.726180316967328	8.591414370863452	8.968900533353	8.66618574573423	9.188226166967956	8.361691362672397	8.948825793956056	9.50996330195294	7.4467888801552915	8.476878558612741	7.643263346975824	8.716242147942886	9.37683230725843	8.93510658485809	9.859119094973153	8.797294615858561	9.610748782296419	9.481266445823534	8.076550102751339	7.910940852005108	8.19900279089524	9.325493220579494	8.319881012799364	7.403383576124714	8.687434207664898	10.269400523125602	7.9821697805645195	9.736702402308179
339	IGLV10-54~A0A075B6I4	4.491967441151837	5.212127345125666	4.546522296614547	3.992651934178733	4.236162987152824	5.247258834784618	3.836516181975513	3.792614471172004	4.998261326020227	3.6486188159696047	3.1662951975907254	2.1753811206410267	4.156250070368987	6.028005350359551	5.451396644613249	6.028410622693968	4.000029924670896	4.218836798203736	3.0775291562027696	4.655281439583224	4.468144227424835	2.9353484336416553	5.4265630617638845	4.820515363872071	2.650203528081481	5.985083890737104	5.063300274907074	5.305951790230551	1.1086897023785591	0.8182070186793898	0.5169545102034995	3.584819060059744	1.8380967144127298	2.5225478891386617	5.591167457351717	5.439175615264019	4.177245698502316	4.177748604557403	5.3827006687684875	0.43057875040585236	5.828640121918341	5.482194701885164	0.07836126588190817	5.641244423780196	2.2073288212661906	5.410651515819491	4.814835999339888	5.3060052106331055	6.310385484483971	5.088980669573417	2.7276812944875903
340	IGLV2-11~P01706	8.662268840044012	9.444592953431346	8.614070853766293	9.323906327089722	8.242236894809523	9.144153938030824	8.856739054363436	9.225609183048451	8.584447263360493	8.98825899535183	8.665013482309849	8.848659422673903	8.589771367311364	9.535768377298632	10.169956645903019	9.437541664292798	8.332181500706163	8.972032597934804	8.612756934004002	9.166693921311174	8.163839285298696	8.727814743014235	8.918441275124364	8.848773925088485	8.755097331216671	8.97504694253012	8.719363229370234	9.569459074089334	10.039763468553694	8.405956067635076	9.199688667886504	8.529741990185654	9.093833237492683	8.59131255127136	8.671215911792066	9.911238911948859	8.664023928522134	8.997373930063468	9.229656145068358	9.500122553083362	9.164344123237537	8.319488557757541	7.970052512245572	8.56444712512729	9.176113480447553	8.93176990140194	8.986033057788257	9.320475141987183	9.982507101276195	8.170287266073508	8.150955510835967
341	IGLV2-14~P01704	5.119406137827346	5.495618771030988	8.54704937207073	8.852986523552051	9.934619256491997	10.233851936345646	9.374559026619554	8.892393008634588	3.9210868248126807	10.203084485739437	4.979883497606975	8.83317568225302	8.143969194812655	10.81435001296198	11.6306716218577	10.698750865827398	4.567887973210195	9.156876511726509	9.3622412301892	10.63483131932047	8.88260387176502	10.023697848044636	10.387918187078414	3.9697451092368707	8.92540820211322	9.882020279469941	5.58511005428972	4.383437597911739	3.899722282341437	4.1256625574576535	9.270649357290617	8.72008035267125	9.915682927803033	8.670574458181889	9.323507956477393	10.277423627240085	10.263818634181883	4.568554470863257	10.909991936440077	10.57553463056936	4.201642206042837	9.528810460448756	8.632625850699245	9.668484569995957	5.364352838822156	10.426728377423	9.870546368864524	10.219969658646585	4.642114839959219	3.9448087352643957	3.526733118448876
342	IGLV2-18~A0A075B6J9	7.981879491041631	9.085933854180437	7.8954673010411245	8.107629430740438	6.216465238464471	7.60810341112792	6.564591907830945	8.407446068080423	7.828138905949975	7.805859765740251	8.763856069236427	7.845584611384309	6.2450905967546	7.998287584762644	8.451433370985539	9.041063863132326	8.663936658978995	8.0462922257224	7.196946652147035	7.16593806089972	8.397962203134357	8.965723349234102	7.960027747192773	8.000247461810131	7.602234448178601	9.245448980271888	8.647917733146722	9.147612064167703	8.828701418123801	7.9767469518354215	8.19920249128871	7.418213315517113	6.598831151711277	7.5848183720605755	7.527792800621881	8.792443492165342	7.249535505643505	8.620174510535998	7.913894312486891	8.965063021042104	10.674305107928246	7.379546799009643	7.1594985938073785	8.652882929180544	8.060885056405837	7.071748595126936	8.060280165884244	8.78334958700322	8.969458896002287	7.870315234769285	8.54105761054214
343	IGLV2-23~P01705	0.8503507929875823	8.162861494123957	8.3473955026906	1.454427245679626	6.136963272005451	8.184226736249299	7.141343970928222	8.478719883212362	8.028556142156404	4.840095118824842	9.538043607142333	7.61191385747326	7.974220873048581	8.375928461006877	9.731223306757279	8.955937631962591	8.687638169537061	6.301006017310821	8.851777153977203	0.2223638697921988	5.972193997799058	8.440504484648674	8.11159784575413	7.7804246254301	8.34198294665634	8.346237638400995	8.36221139364522	7.009377595353299	7.620842901871306	1.5969021648032133	8.033709320299163	7.607196192798459	7.332208959405861	-0.626543230741176	8.40462927587552	1.333368740476562	6.605980407068525	7.841815486897113	8.242079418138193	9.416597827711113	9.113296099517306	6.629831617022799	7.016372195961354	8.05563097248866	8.224035982891019	7.9644490155194525	7.797206733594427	1.6435217789570582	9.137829034548474	6.48932970157619	8.650469139358488
344	IGLV2-33~A0A075B6J2	8.21514873499398	6.852031666845381	6.9972278156668475	5.042781209068903	6.268571411194744	7.446393885178309	6.334711652700507	7.066122867861403	6.339925418490716	4.342913728971746	7.1131879799496085	7.432143112336629	6.736056585923347	8.119387297449574	7.7439939906297495	6.694420273746797	6.771609759462754	7.204881840882912	6.035617668005402	6.284560369573055	7.138903127374021	7.691570379857788	7.717656553009995	6.9280488824195645	6.7033697593292025	6.388330044246035	8.259316715088575	7.434891987134339	6.461753204030473	6.027107037870818	7.062081062807302	7.4392400520126705	5.743271809854163	7.267884953103798	7.1919346792125	6.886425203669725	6.111252541551496	7.686399858719082	7.869261068531596	6.938863207746264	7.543109250023089	8.599717314805144	6.699088836861796	7.003133214797012	8.075649047504141	7.432858277933024	8.162025846046095	8.105932160205509	5.828214656421204	7.239973716161645	6.734287989579272
345	IGLV2-8~P01709	10.10769040396133	9.793707781032978	8.324586559570179	10.413876837559672	8.969937057213688	8.909836057343576	9.326687731586937	9.76475924017746	9.091606320961523	9.624265131640072	9.308620945634221	9.699172310930505	9.108547427495447	10.063972508533457	10.96778852324608	10.020743297854251	9.940843533355464	8.16641871871786	9.479924795440999	9.752571955943015	7.380518930607182	8.496008322457763	7.8986862573097145	9.057736621217824	9.358729261352593	9.675733540786503	9.14471611535241	10.456920489040789	9.068100898066927	9.220079366943748	9.665009469043708	9.867032748930953	9.188234468999065	8.906158635243669	7.926768591443722	10.578463220007869	9.27467446010186	10.107759195260718	10.187119909212049	9.866252070415202	9.111416209171301	7.792568700032726	6.948689470193722	8.938943230125748	10.770189214386724	9.71805034740646	8.404800501487657	9.54594331596298	11.030994401511295	9.025471294184792	9.323811794450018
346	IGLV3-10~A0A075B6K4	9.625006683451545	9.269402520754149	8.728996236431824	9.474406923966916	9.138704119613664	9.051108184415956	8.823661601791175	9.643330404926262	9.158687032893322	8.138670844836945	9.014358344388796	9.0184611787616	9.225363529550584	10.01391180246075	11.010535618082455	9.001073975774444	9.603548587279514	10.097323933193204	9.522566087106734	9.497365807763666	9.39781966529521	9.084691624912944	8.929112816830402	9.317027907913149	8.46690740757631	9.294463138448643	10.60188807713583	9.72600772656297	7.91738701325604	8.920920512940562	10.130562393529672	9.150258926592484	9.198075087589382	8.335736944890016	8.754552466539016	9.853501264834446	9.095763684708775	8.06307623715677	10.275913909783796	9.659955945983219	9.711428569709847	9.332838180507386	8.522523824367877	9.426900070692264	9.295103288747773	9.280634009238275	9.683564900987493	9.201378676168494	9.72123846347901	9.693961079786474	9.217356047294263
347	IGLV3-12~A0A075B6K2	3.0338593461158876	2.646612662709858	4.088104659117585	2.0948928127317985	2.3461514578775406	5.078599566513829	2.7903460107216174	0.7510008804603804	0.39719931009559084	5.0938002007779595	3.955533737490209	1.7558248386624802	3.129934163363573	4.0737217104218395	4.498400889477733	-0.7543573601803488	3.859253532346039	5.470561073096047	0.7250014749533166	2.0367917109127185	4.396541808640597	3.8576022514807398	5.068838127987524	-1.1944062311101336	1.1803463152648843	1.1635909270450262	-0.9977513566607108	3.898485328951174	1.2870142690433615	3.661801361528975	1.7815125580907931	3.250233929466204	3.1103592069004478	3.3791137808141563	4.296581446604408	4.955439996525532	3.7659477895576297	2.2618110671428053	4.036757844772912	3.5031916260731095	1.8893724828802259	4.847574971418158	3.8603882609445646	3.7431542710562855	3.812462403534432	3.637789442399938	4.835768435531031	4.710147971632301	0.8153240426231314	3.4546021513484377	2.1172886181629478
348	IGLV3-16~A0A075B6K0	6.604298146427841	0.08127858164612334	5.6961891424522735	5.087126768243069	5.170064568167	5.914008407819198	5.097304641454757	7.104869691552426	4.584673770287637	6.351850459673132	5.117879744968221	4.885179771507255	7.257037450128411	6.35084950547769	6.240967577176276	4.861123263779216	4.738320421875564	7.359692866187689	-1.7350756768585556	5.639336292087867	5.926491096524347	5.036885257801632	6.4145923395059485	5.700176269585184	6.7051081796424565	5.207164497738514	5.520873772079733	6.12136198146545	6.683060034358368	5.614744998344679	5.687053971386935	5.066989831407044	7.183157699924925	5.700471045102296	5.16216018476779	6.029730215224291	6.41989333153874	5.544577504207202	7.199486788192577	6.986927020919262	5.735768270193676	1.1247936961231733	0.7346565805875194	5.005551739137108	5.618832094391916	5.565593243488795	6.0046182456954185	7.631092662454942	4.452755149423491	6.446712665902878	1.1329144586012954
349	IGLV3-19~P01714	10.522290578825205	11.30940224408486	10.331294891318647	10.655644049407199	9.23341897904494	10.027463122695172	9.58478179296566	9.98263173764523	9.889682290692583	10.725342332502967	11.569545644195024	9.50123391159907	10.014829430822846	10.36936664073095	11.179741168243298	10.1789946970925	11.059048162479632	9.740091189479173	9.082020852102696	10.114387494316937	10.442326851746246	11.017297267691841	9.801299942422673	10.20555180458015	10.088612602943943	10.196930898197168	10.72011522332355	9.932221962195383	10.308690791056755	9.759868276737349	9.956095523513868	9.345005051437493	8.81306081837708	9.584804956011206	9.887064581173604	10.27585140858326	10.450279817135026	10.023732698852548	9.194393618906705	11.264598656953092	10.54479939367879	9.197038171691277	8.789923820644736	9.718098962998754	10.265804878252393	9.158365455187704	10.22086996494829	9.95782295663726	12.01782498296311	9.359409362090705	9.682944877747074
350	IGLV3-1~P01715	7.816631945659156	8.898169765130017	8.592363047915574	8.571302809596041	7.887312572950467	8.249945720559662	7.189392813118099	8.002510996027237	8.101505593175068	8.773905937853648	8.55335988923701	7.691846796567331	8.880687348532936	8.80858903294679	10.36219306326512	8.628018940976169	8.893199212926861	8.54414541743228	7.844696571026197	7.4573245126758945	7.950790454319626	9.481272728985182	8.01318413013035	7.8228399792986565	8.016709349780157	9.024254007047128	9.34462004980017	8.703354549861169	7.469219364062628	8.512661144720115	9.025557298818866	7.988515933484369	7.76624611376256	7.960848374332142	8.609296779033365	9.901940109998439	7.578553051981146	8.8738418077296	9.02156052818864	8.9888444078331	9.22467842075509	7.910775104401311	8.036299400094293	7.953166532474442	8.190681183332778	8.647641442128386	8.542465488740893	7.9661143655333815	10.278409045885695	7.934747649346923	7.50996088648795
351	IGLV3-21~P80748	9.264231252465272	8.76700388321115	9.690059160965985	8.362257820646258	9.294977552335235	10.275733075030784	9.245726484966099	9.033652027489001	9.213313251945486	10.098020513628661	7.92158137807724	8.504945883232642	8.531167613525284	9.348476121713617	10.394899371431036	8.956743752715719	10.048881446646295	10.562057333537227	8.716686770868428	8.059979440261987	9.702308302899196	10.33304435563741	10.1316408091294	8.802810279530135	8.665433945660075	8.711398845233742	7.625559253072261	9.233779688314815	6.7159507870041	7.267883381886853	10.274716683140163	8.392439017578234	9.427100140496469	9.018929060460563	9.851702630667292	9.862003145669634	9.393234634026157	9.38270700047159	9.933035765218886	9.082952198848284	10.19684342313652	9.867486512197676	9.089532270241849	9.779730675040119	8.096934029235493	9.733590203943189	10.482554045205996	9.189873259775254	8.857703803632296	9.398390515079102	8.239112651218422
352	IGLV3-25~P01717	10.377360414922254	11.108678066494901	10.474597419094339	10.145031106510308	9.893942496374148	10.682634283999686	10.854749513464192	10.606294278188884	10.668206345935605	10.842184870877478	10.313404407618078	10.667858138568345	11.747057720804106	11.11720807047436	11.513179405928927	10.289004027625703	10.636015960509386	10.938595836218143	9.565450072058326	10.376903165427724	10.726535725775125	10.652255266058766	10.610083471588327	10.517071618732919	10.296061441097834	10.237097169924187	11.203001267631473	10.562512620970354	10.742312006283614	10.864082024224182	10.786739743431399	10.08044135394191	10.453412319167517	10.318400066468481	9.617068107253102	11.42005028691288	10.505686188023898	10.966024126863951	11.331340000203328	11.302996816820444	10.632000630063574	10.41345064587989	9.08743953235454	10.590098838172908	11.228518244505295	10.216879192639814	10.728486782855807	10.52496656474388	10.626196741951505	10.608983560525314	10.399756296467935
353	IGLV3-27~P01718	7.152919349567397	8.194032847698798	7.702112958869654	6.59258261299971	5.718486574534615	8.3148624214721	7.8427498933304785	6.615301174757761	6.683430508481182	7.644823371104255	7.089505600384167	6.376313148466483	7.841487375427633	7.227886766427175	7.303527428148631	6.961569628078123	6.91427398680397	7.694968351466934	5.680784121719425	6.293959623191954	6.408497288457485	6.187670577048882	7.960631972061573	7.170227812000275	6.498151047170413	7.332110050993593	8.310377162980465	6.9505995012470185	7.042427716511519	6.33586858100631	7.616353090142907	6.342458179141168	6.139695137366395	7.049158896456883	6.487265598984378	8.154455956241842	6.169947779409144	7.820913509622351	7.303102201976164	7.267034531763343	7.6000712419236764	6.930767741519674	6.535444000622531	7.2669184743913275	8.061117017737718	6.792127991645471	8.135366417441682	6.7957538223554925	8.182521807935496	6.522322430799048	7.424335467769806
354	IGLV3-9~A0A075B6K5	9.589080989836361	10.216216986589892	9.72031472153908	9.017742933023719	9.364853748446661	9.875882435506675	8.610539511733256	9.810859010960014	9.394689029534085	9.881233292367343	8.574452054803157	9.17572557399261	9.421973370794703	10.1437220034474	10.662673155799762	9.383490334311029	10.024521522989444	10.153235957298227	9.62360055679413	8.849732657431886	9.931698135554287	9.661971262547663	9.830150754926363	9.309145606168297	9.47874061714844	9.310899105712918	9.519434335767954	9.553208700590229	8.518787122883081	9.244492899420178	10.478249340222021	9.299048392185474	9.522471383327659	9.081194903782361	9.429593439486046	10.510745941178076	9.679793198115778	9.668209809186399	10.212636643164355	9.924428796800504	10.403244694036182	10.09000367961425	8.885896112452338	10.022743522381893	9.577895997736002	9.2103849318791	10.280070972799598	9.710500625167356	9.908059970484878	9.3855670106377	8.744582889379718
355	IGLV4-60~A0A075B6I1	2.36308603061236	1.3424603494128844	4.4940850337745255	4.640922294001666	2.266994370108486	2.0303775186479736	3.599130460076177	4.384284838512854	5.450257033715279	5.113513745072908	4.800785779133786	5.436454977793217	4.504454964399352	4.812527132818205	5.871797913556415	4.84839877403406	6.034902207495083	3.0473551006929998	4.4430091561445435	4.359523306603351	5.396305310445494	4.771519492557695	3.396678071487536	0.14677261920516715	3.867262901014907	3.4124220255066535	3.7658571676858	6.357570662517704	4.687572712664691	-0.5104963588883971	4.693056614331153	4.047854301694825	3.339955447751758	4.5119299593405735	4.593054023241066	4.222279596305893	5.348179866436506	5.045163229191842	5.263343998712222	5.396184302453904	5.818957557435342	4.598301759824035	4.440425276198655	3.7832943275778406	5.189736199498378	5.3161465766507146	4.82175695463747	5.581078840014143	2.7442395996642364	4.773692086903034	4.854483304691855
356	IGLV4-69~A0A075B6H9	7.029970440289343	9.518012197749151	6.753201137932338	8.306751081112873	7.703313884870988	7.482498407629344	7.038634204999182	6.758194845651371	7.07837935823251	7.679373999926273	7.034867961219331	7.098306827328022	5.555535952905177	7.304670081484991	7.810709888378542	7.50195438453915	7.2027946209424965	7.580110977043505	7.124061502543877	6.638198908041455	7.140131712469961	7.385160948132581	6.94600295838831	6.775117429500502	6.566074483541568	6.769603414397699	8.032979464940418	6.847632792447714	7.1467622519481635	6.691560689405199	7.394866017019464	6.7439123512780235	6.263290694545475	5.988438874185893	7.104107448727861	7.528716523341016	7.87785279850664	7.896909405259139	7.200345330280892	8.139276388145404	8.022686131025017	6.973908665597677	7.243199121100951	7.597795129024606	7.402716221706365	7.70095165933895	7.177346537081405	7.551762466417398	8.324136449700463	7.452426389417235	5.973055572808416
357	IGLV5-37~A0A075B6J1	5.852609609239604	6.732064924002095	7.711711919304505	6.029493994215378	4.553686707288177	4.228499161796759	1.1437043416785766	4.306696158811829	5.94894660346521	2.6706241599642446	0.834873116960651	3.7664809880262315	3.228254293568385	6.896645136614156	-0.31626131918967704	1.8980664097645243	5.210123737673565	6.012635790781951	-0.03690054871039883	4.846239664629505	5.4324581755102095	4.633374316652283	5.238151631554884	0.7251551362668333	3.7467772324263433	4.252959881808607	5.132495022888507	6.936969724876723	2.5566455562337507	4.310241793115604	7.865987787147174	5.972643735612774	-1.5590248458577234	4.527525447493197	3.881288753033508	5.920457445473066	10.431647181807902	4.877935435190314	5.365104672172851	5.607101352277192	5.916014827864576	6.276092165379147	5.141186002940679	4.9241645369797356	4.972436195219772	5.179637308106635	6.245116281449889	4.970046629969231	5.223393553442261	5.144184752204896	4.8939288913124575
358	IGLV5-45~A0A0G2JSC0	7.455586846646764	7.404352907607833	7.2597808985028625	7.844391719652681	5.966064096688028	7.7410105912045495	6.972363882115109	7.090819434005811	7.232231922017334	7.203551583398726	6.469380112076865	6.555655540064345	5.991153143848465	7.051497892106725	8.746166466617808	7.018815838857646	6.538001084697853	7.499459317116763	5.624252300599436	7.5257805303896905	7.256224384284653	7.302694837354889	7.286968439029858	6.710429470725389	6.743621081937178	6.670567326916133	7.4302414591737955	7.804066012585145	6.6294895860735075	6.597449622733135	6.86228130990947	7.374540985114663	7.1996579684190625	6.197550123955638	7.16640676552259	6.741115751861631	6.080080050318269	7.506765915539531	7.585002056188588	7.811963273586339	7.607606757752223	6.317528957762945	6.727670908870536	6.450820849089789	6.925121750469883	7.705641140118972	7.24099086144742	7.3535422114957285	8.376624745640138	7.100928564885438	6.644159837903228
359	IGLV5-52~A0A0A0MRZ9	3.457715149175233	4.8819513150803955	3.884273945221315	4.594329274369819	2.4613544160920013	4.538900185197952	0.6478352293974967	4.155992780310351	4.374257730443672	2.543655979475606	3.587294190723881	3.2381065748823965	1.2844973888673823	4.915205317165985	1.8090416064275956	-0.553627367030946	3.5997672488674297	5.198485508768475	-0.09782264630842319	3.6980223166883106	4.3163345710300955	3.6836347158982163	4.7536202361908675	1.5767561560446997	0.15712230775883518	4.091110570850183	3.9992952149567325	4.7975806909703325	3.7433648888558846	0.883424280244677	5.846240047278917	3.587949496773936	2.217963760420321	3.839237529346647	3.3016580621869	4.172313810816424	7.75588480962272	3.6470261010907365	3.4882705566498027	4.12902307369108	3.898305318397623	3.885736397837485	4.48387038024219	2.8054080429948693	2.1911548743190137	3.7387690116924293	4.468233987430476	4.116731351737893	3.6121699600350303	3.7668119512432905	2.958822873323543
360	IGLV6-57~P01721	3.080786630745119	5.566649623187007	4.281147149578025	4.15794731239509	4.850359216942787	6.978006631940461	-0.7616721309847105	5.2609149407236435	5.434635607960043	5.6641814128085155	6.111411273940652	4.840956327403399	4.414804056940338	6.628446430144408	7.390633040937517	6.077721302013899	6.620197559810471	5.876319745830788	4.592452018573913	5.087572258533461	6.711096734190524	7.136722229571389	6.16051282653183	4.392598857219107	2.5710487251244283	5.761610374243008	6.868532838477871	6.3004714054009465	4.449900508150825	4.653186433305559	6.082270883695607	5.316803414264024	3.889364423884111	6.432626767223579	5.915127524057386	6.935458866534443	5.268234720538049	6.532411694433725	6.807851620716266	6.129911373486087	6.774264464391242	6.118889125604016	5.717703194920149	5.574540058124774	6.855822030136164	6.293037973603705	6.513140482541845	6.883655980483253	5.283847293068651	5.812994938326463	2.284810406618357
361	IGLV7-43~P04211	10.010163717419564	9.982399254276107	9.396711775939778	9.275751543091125	8.781699286135456	9.853336590451226	9.105243866970925	9.5779055608044	9.452110000282609	10.056629612366043	9.072712596152222	9.485375329731687	8.665633126810816	9.805249399753603	10.17570090765354	10.089815586835616	10.092467949253667	8.766687621491933	9.298125792565529	10.201970429342659	8.324986691923346	9.348531502407688	9.73424033001942	9.967724154946998	9.422320693768325	9.281522864883183	9.932827943103645	11.056926242465504	9.43097440716852	9.476647455242558	8.727747552964356	9.343858275347984	9.116905976583611	9.222784292003247	8.374533025555486	9.636129723434003	9.683851206301235	10.09131625275865	10.319967399203575	8.775313384414627	9.684097743094616	8.768946325368768	9.285968680228988	8.974713911139368	9.456620624096278	10.235012089214596	9.510202654476988	9.817145178753796	9.859592414414967	9.485777113301898	9.175602847171893
362	IGLV7-46~A0A075B6I9	8.317515295075008	8.70613342360249	7.834641942017717	6.95528132362391	7.720133180336681	8.290303802283605	6.869237719644874	6.394314576468148	7.776471687822119	8.260741403024184	6.980545097280133	9.072167449524354	7.334824291881661	8.147147928705214	8.066341505445017	8.941415366494295	10.351132808901975	8.002952841887135	6.558030952499232	7.787051440948184	8.047002227793953	8.506298742264624	7.784746158106421	8.54023294395394	7.100784231650087	8.684020029138852	8.326797708024435	9.467483038821413	7.592425327952521	7.857176888586357	0.8905915717225449	7.803715408147621	7.243601118329923	7.4435395159799755	7.025168124980049	7.41459453295979	8.306094379346371	8.674247557508679	8.905656929759887	8.167597460848096	8.482997222816273	7.923545112960143	6.935877589395234	7.509450045557404	7.426706114653171	9.141206899994915	8.235268670420632	8.542663381764001	8.533055558946854	7.965113412876218	7.43112046737727
363	IGLV8-61~A0A075B6I0	10.093157526484394	11.046793459512049	8.798150396261827	10.31926100069284	9.206323868422002	10.182026627173146	8.943235410696149	9.90111326756985	9.409101620171436	8.730626855378475	8.525533712636635	8.447184902317936	9.003805767435603	11.093320841566152	10.039735193359109	9.417955370924949	9.103536582693081	9.6784747397244	9.1943709230442	9.051690549398069	10.011843850760329	0.19047716697126094	9.489583893390853	10.543330657341512	9.658525526351097	9.30032057801996	10.431144830566952	9.94990167585764	9.216581133925336	9.320509021879065	8.625330825313222	7.641117940451077	8.912736145076677	8.878866759238038	8.10454756712043	9.899596542027618	9.426352935111492	10.539202956344894	10.000126745646005	10.188053020994992	9.426587502036769	8.922137842900764	8.209208069627545	9.679178210684745	9.890931077784387	8.905524085356383	1.3230676728547812	0.5109824778467278	10.784432364480942	9.775746501069888	9.28311393542354
364	IGLV9-49~A0A0B4J1Y8	7.365351413563934	8.038687951664865	7.800884401346689	6.759758176729881	7.217869122491478	7.495749771570982	5.446736010099986	6.99987874713587	7.523220702120915	8.375665097011279	7.489651996939529	7.13375117749347	6.346369672670885	7.706692244845412	9.062811495251077	6.807235905154119	8.156046341170857	7.0082825970688445	3.9946347541618823	7.762077032616833	6.351714613291486	7.077567782988386	6.941479844733108	8.259951248387775	7.6050210838715655	6.898856627798907	7.5099887848622044	7.552583150345773	6.437932615282564	7.270577360476612	8.042760840097053	6.624622904355726	7.2010443337599535	6.224594525542719	6.613765076314382	7.317620177040308	7.468906885263563	7.762451690299652	7.300600852995022	7.63691464229175	5.436719292999729	6.097204320256151	7.351887383958734	6.772967212244448	6.556846307229486	7.216033841995191	7.016851804617132	7.192803744710289	7.437457467087854	6.98479123235263	8.113327102898438
365	IL1RAP~Q9NPH3	6.402259001358151	5.801354516479347	5.6983833516708975	6.6398600023562215	5.869506867953872	6.32273811211294	5.697629485173458	6.414855143148878	5.65571839445331	5.812159674793699	5.905492318399952	6.193533932878279	5.781120043611413	5.846697814606671	6.413565178705007	5.846640242999177	5.88854641184917	6.077038326690568	5.552551138700143	5.880698090097757	5.351712187346989	6.2106884345510265	5.97802514202411	5.871287215874031	6.416668305604559	5.7036852140159535	5.394914413364349	6.132914333165965	6.170955000845803	6.646381710159476	5.799660969618174	6.954585227238696	6.204580546714134	6.13032499302486	6.122396894682422	6.282526556598248	5.511877855473831	6.109553951394978	5.9683941656673385	5.928386444678601	5.928277276557202	6.235843912752571	6.182463765235048	5.649550359077944	5.9922555962598	6.092405522698045	5.915676272612819	6.26985248743833	5.76177165773561	5.714107558053036	6.290623431015865
366	ILK~A0A0A0MTH3	0.7005677280581535	5.048023491638368	4.544841480445339	3.7009210834136566	3.2470385781231297	2.0429028699058565	7.819837026474906	0.0015237850770843941	3.695131841894906	4.407068297186225	3.8413991689488287	4.510604947755041	0.548110108066156	4.344956982628948	2.03814634678542	2.1651944220994337	2.7386492502108326	3.4769545551081826	4.9276160364504	3.741103507521888	6.126376158450578	4.06177527485313	3.9445417485522225	4.6864432474747275	3.3174019944401465	4.240281250048001	4.1704949540045275	0.5840247936232448	3.2954198941151547	1.2687050654502483	4.576688813934888	1.1255888206922866	0.015203891993296081	3.949340589550661	4.223089175898542	3.7340065582718993	4.138612104390756	4.3149510444411465	4.689606147567484	3.291777048867514	3.835129721622737	4.887355155926229	4.670889063188332	-0.9737807819605462	5.0388535323875425	4.078942679142047	3.915840364239736	4.353278902128049	3.412182817528242	3.555495581224939	4.264357692550005
367	INHBC~P55103	4.8004106767277	4.395070447820819	4.6093609251904315	4.239566045357954	3.716654747525241	3.0166236661108785	2.7767772798503914	4.851471126422421	3.892982423085835	4.190886860260492	3.7522210665410767	4.588179572946707	4.348261872960298	4.3041957457528435	4.937127190900581	4.102932021871278	3.6030924828119315	4.1563243009028845	4.715454510882069	5.250898484870826	3.980131033651986	4.005506509392729	4.545551818825661	4.401702959421565	4.470063774269294	4.395347553758	4.363752319539288	3.8255765473910306	4.038041519431794	5.026146689655346	4.194172356597143	4.194926493300548	3.534887739625412	4.261423950340721	2.931954799217152	3.759128393542246	3.1320920690185274	3.436496280236448	4.207020726880805	3.8736183347219275	3.354577213786874	3.810796755872248	3.991558607321312	3.604513866717014	4.7242506005080305	3.3120283183456527	3.0176420204884282	4.286300693904604	4.035330217365276	3.3541522422431496	4.511678227180045
368	IQGAP1~P46940	4.6312130323777	-1.6568340139411326	-0.5803373586591221	4.591654052296009	5.232909649103592	-0.5615433273887895	5.4461867535370345	4.792950015655093	4.501886373474068	5.05019906591812	4.688614757915031	2.603601809197552	3.889186335875559	0.6406445211367027	5.0774755333387525	5.593914912898044	5.692319010134705	4.914029856734068	0.5112759548800223	4.853807242747957	4.672046417805953	4.500177879917205	4.888143829436278	1.042677346605716	5.324336042751441	4.358716653935471	2.7228607885837692	1.5235825993679135	4.643039137173233	0.7797538714930855	1.8469921096002784	5.064870032079216	4.7112060939285	4.955599538767357	0.21050299751424895	0.8932441593017898	5.173949128548361	0.8233791850842562	1.1359242309781914	4.96453723761195	5.071683792725672	0.5519775957307056	4.871206265960826	3.070725953223305	4.529311871461114	4.859592983101185	5.0324950996757645	-0.53132172288419	4.665446307185079	0.39189955880939137	5.366592758237357
369	ITGA2B~P08514	3.7490751786911405	3.989946460414363	4.849192130251853	4.249428448709918	3.6875343768367963	1.869088861608153	9.416499642529898	3.1093200833273773	3.9440140632337792	4.381574766850642	4.797174172252261	5.733645124918041	2.796846142544075	2.7603405523262827	2.3868842151400393	3.1504393022907955	2.7820885857205164	3.7886589975529805	3.4180880817121704	4.728397617766264	7.420200413340019	3.5924483686035518	4.06315805365231	4.45331861759894	1.9884444588447379	4.9284356941485505	3.9014392368800777	2.957658878274605	2.472590449198361	4.186949047696161	3.7787499223344865	4.076570326394923	3.3563029875104227	4.959068387303557	3.9066875042002347	4.5538460467172674	4.5831766745977065	3.8502972123732877	3.8813264725378263	2.474063622653501	3.6792134396726146	3.293402887028263	3.787009878525232	2.68875421659107	4.1519098242386585	4.25756854579892	4.637671941326086	3.6973058091840287	3.8863787787034707	4.030404630668812	4.051145201212642
370	ITGB1~A0A7I2V2F9	3.631973551389573	2.891313134088162	3.400314131527945	3.1656311286128793	3.4050995129646897	3.151583171092449	5.791244282580624	3.164902477891128	3.04857750389139	3.2690243489092436	3.399945176461111	4.063299616507642	2.4564262362133205	3.404049972119077	3.2755861745011456	3.1704029575942405	2.439831771505699	3.0381237630320297	3.2659595004416775	3.1986824335043296	4.479982628613616	2.6700988552048526	3.0957348766321098	2.7354546924116097	3.5420448168574077	3.9695562974287184	3.2932142663824377	3.3187860612802	2.787562849772604	3.4992043042675243	3.3955630292797347	3.2232114650104133	3.0462179417141257	3.6432180893559987	3.097792482445304	3.3812016477305256	2.4506546219709398	3.3331715960469794	3.441406647136998	2.959160565908443	3.332783149977873	3.6467015248602763	3.2217433110830456	3.2854106856756	3.315279911117252	2.885355375438009	3.4572969549693404	3.328563587401377	3.8078087865808588	2.565202742480694	3.8757427906193933
371	ITGB3~P05106	3.2402266500960106	2.9804831260551956	3.9710795235858782	3.372730646945316	2.90846244010335	2.346641414198538	7.896444385715026	2.697666387260373	3.13610199760867	3.362470134893564	3.6430682115303648	4.559411635261813	3.214554656423515	2.345317527347042	2.2893561714357906	2.4028643903818003	1.20452324833759	2.9681805626560784	3.0750178268760764	3.717681024514116	6.168469217530505	3.0565576778194026	2.847116143912807	3.450713892126329	0.6952750676566601	4.278750317280615	3.2280005732919093	2.0799656701628533	1.9025689699377475	2.2304352102587592	3.5696307026663243	2.4442441261778214	3.1268172545956583	4.133224854818554	3.4351227530450528	3.768499349973957	3.47380420451333	2.7402604561010553	2.6954072585281734	2.75008203262346	3.340604932316844	2.596582878915603	3.2196890745797506	-1.0611886941709339	2.945775657054936	3.208511671809742	4.020977565905838	3.0378044775326516	3.3412648492548147	3.4233562619961675	3.351762187934137
372	ITIH1~P19827	11.67592172434531	11.480471590020146	11.8118803950304	11.572264568296468	11.488835277425803	11.429159731831719	10.398045474219373	11.84583112849017	11.867839110172458	11.628222687297704	11.761058729565633	11.364037510508	11.712355392955404	11.309300094061133	11.648794773881162	11.902458382596155	11.825517253292725	11.65856039165322	12.281265605981291	11.49641093539288	11.34956996940505	11.798729466620216	11.886592563041312	11.96625653500956	11.371948358211364	11.01700716294984	11.52839294186461	11.64212453768777	11.902680928685486	11.912347293533468	11.87559985148486	11.895105023776773	11.86431340325059	11.9335522631254	11.97347158425069	11.096898972912763	11.868127835137814	11.743938435296393	11.85398860990509	11.777225210564243	11.803325890055639	11.89356187644278	11.73831918476226	11.87314302271832	11.96435928961625	12.016353151135501	11.859603503755768	12.105911864569908	11.641868848501359	12.097336954970825	11.790985972393392
373	ITIH2~P19823	12.502184019642382	12.270768108541022	12.581657338641437	12.412873453192226	11.833195567820722	12.368519782946528	11.910953931717268	12.556696068141722	12.452955058193954	12.49130362561356	12.517475365518345	12.28101495376901	12.555069561889422	12.374945140331402	12.456543423533523	12.634089814809952	12.594325059578681	12.37764478199632	12.939962230128213	12.530716014962174	12.121803822806848	12.47053910420101	12.568831372378801	12.627003786573868	12.564826669139979	12.015437512647555	12.3482983488289	12.594112367507954	12.63909667320614	12.83623184893782	12.744024077930185	12.760140646737923	12.643549945603242	12.789644381223765	12.648284941567105	12.313969113233734	12.606501906289132	12.60483563384273	12.713924395234868	12.478154027935554	12.479489184139181	12.64285410480748	12.31720847155064	12.87161726774777	12.835884929123091	12.76838364678864	12.471181525189913	12.800044366551651	12.485286752785747	12.819121621425749	12.681482071135294
374	ITIH3~A0A994J439	9.92367522041314	9.99015149725277	9.187127613365949	9.71134422622526	9.318644859009233	10.167289503055635	8.915484170534326	9.319076695891745	9.636383776333107	8.71345269898052	9.397934009953778	10.523587558812292	9.658812159494943	9.669798456162555	9.094083969554967	8.976069269306551	9.006738341875524	9.041200256362089	10.151202859852413	10.173540510985747	9.921416757703957	9.879978602173777	8.708392672104804	8.854167195261029	9.798670047457712	9.60973875468884	10.745458708756866	9.353718262729782	9.986535877136424	9.40281248754673	8.594550248874619	8.89154584210483	9.393237253046188	8.959889383336456	8.949204492572054	9.065446705051315	8.900820108538282	9.424187309100523	9.184689083721514	9.671391295053711	9.084485807308255	8.853592541554395	9.559115527363588	9.215662299447288	9.476549688610156	10.130382500637163	8.954657283385664	9.314791076718013	9.94949261464584	8.958702711074217	8.98850509862359
375	ITIH4~B7ZKJ8	6.311012233114908	6.17595333704857	6.210615017134276	5.347228006594651	6.417031978654859	6.411627226428235	4.238300789721663	5.955990648571019	6.080200928734482	5.81623964882392	5.77897956261958	5.648856200517164	6.417410111706216	6.2890668061592985	6.1624463429470095	6.8916180573991905	6.118014137434406	5.796364157945097	6.15520611731714	5.948867223135458	6.21864334453861	5.938641508219844	6.203500205577635	5.824821748610733	5.928297339530207	5.793034981401099	6.5973594819895895	5.305508769844534	6.1562634969647085	6.056790997286794	5.523413475046262	6.094306788022968	6.686123892790414	6.28256996437197	6.365470496582478	5.995287123203731	5.475628923566017	6.056792650727389	5.979210253308771	6.467938951908181	6.275949562664892	5.314354635493037	6.261154902224725	6.196562206650577	6.073261296617002	5.518306535818746	6.107378966578307	6.190289336619518	5.756534537625403	6.088106277056981	6.302011037153331
376	ITIH4~Q14624	12.024830913825223	12.036690445436216	11.560118803581847	11.796991656779031	11.849315086242028	12.151523560524575	11.502355705986652	12.170301938167091	11.979460870514897	11.792665602072443	11.861302577569768	12.197874181484696	12.284893836780293	11.96992081374918	11.878655100699389	12.055659599752559	11.797147845523424	11.75865569778196	12.488938832570417	12.371408959066198	11.890732498374248	12.02940232600373	11.740790778618004	11.804608842974229	11.957665962453364	11.754099682994367	12.262439280458807	12.281943889381196	12.120718658859825	12.123848125736517	11.795493742136532	12.102635412657085	12.59671082546023	11.89138879148963	11.745777401732425	11.829162750697227	11.906065485048037	11.976428997274754	11.81087381453041	11.79578195774774	11.86135284581006	10.794061916725976	12.242199526554765	12.16737710390636	12.163899003224131	12.308595811563388	11.708000864793373	12.026921366374069	11.77138297328295	11.818851973414382	12.06384351662375
377	ITLN1~Q8WWA0	3.5144898964267828	4.395378281907245	3.4423677332966225	2.894661068487175	3.597927967808279	3.7813060789562845	4.901743776675305	1.692672324059068	3.6014945839507364	3.5634280021027673	3.5574019974224194	0.7633824471519904	3.4445401292157944	3.608507175687241	2.836644267643656	2.4568425527054147	2.0061945677570736	3.432608545486122	2.948485316863563	-0.6464323267183798	3.127010506737577	3.084696165868665	3.1630868426069854	2.4508784767311314	3.389572919103171	3.5205901477786856	3.1616142982192295	3.2930155143778848	3.51459355262994	3.212877053679788	0.8291951670460252	1.4957453573331505	2.605507437706734	-0.1311302841244355	3.135346531690517	-0.5919426340616003	2.2727045266725234	2.847547445882488	-0.586683940129461	4.239528899204838	3.075196757898963	3.626896095334604	3.8786711889611176	2.61491727537766	3.591707575710171	3.0559944800003183	2.8410670265325546	2.3448131728556056	3.8963203921440495	3.685468502681089	3.7409671664661692
378	JCHAIN~P01591	11.240342690722988	11.170667164072837	10.282540696081648	10.991832946378178	11.04004301180734	11.69500064734089	10.59561739812833	10.905195180858367	10.726600581813972	9.171876791999285	10.708128987597481	10.434784987767845	11.067764057900302	11.80521534626265	11.32163266724023	11.552657489669162	11.941592316540891	11.035043548718017	10.699293699878481	11.352692071676456	11.067890238611875	11.95900654825918	10.235729262382767	10.986064141828287	10.806332983249703	11.5314709407794	11.798121317953614	11.72849093476295	11.692296126882127	10.37938154022515	10.268690048085176	9.50102539200783	9.363725989320445	10.706303559211266	10.415286594643009	11.243371004242066	10.958000827316068	10.709474063807964	10.899925066209267	11.997604099141597	10.90505742637881	10.632095845299578	9.699436684228758	11.205027764622201	10.435453571855948	11.132363541745502	10.466324202136375	11.33034385914372	12.727919831531574	10.83143434301026	10.698413027568646
379	KIT~A0A0U2N547	5.0897149051092585	5.54473537699918	5.790277295148577	4.7727384247968	5.449277635946481	5.384681136217781	5.7013313181439615	6.007757195193812	5.09694062230194	5.550891540733605	5.266117395362221	5.424700672862191	5.184975498345111	5.617971494186079	5.507073932280941	5.340220248881531	5.88957136090424	5.677689967083861	5.228983637652398	4.930753396705954	5.189650699859744	5.522144960845813	5.91622271647368	5.088044632283569	4.778315801339848	5.3948488817081905	5.466774881585887	5.848947905523901	5.677039661509882	6.160626227270231	5.914742144635007	5.601685450615763	5.416804355565343	5.590959323128189	6.000410636124774	5.73010999396989	5.356077939366245	6.364876585779916	6.392122037257357	5.886647818070355	5.847075607134714	5.717900203751303	5.686936889702688	5.929375991294097	5.429601611759146	5.425958705112277	5.696856975694959	6.040925618110476	5.175041612002278	5.798073446264793	5.8720236420293945
380	KNG1~P01042	14.001321940753279	13.899409570624195	14.193708978701595	14.08509068791613	14.085978251816947	14.029373172943645	12.676950486463278	14.139874497221392	13.909868918753784	13.989477918070406	13.936107264406571	14.05414836300667	14.02752133673624	14.260789346874168	13.795498101962776	14.022585732984329	13.947354955681519	13.838303634024019	13.850321060600002	13.745773504399972	13.651100646364993	14.15966734852845	14.104099448241625	14.02208296047206	13.865509387738255	13.854226084572534	13.999661412423151	13.880156335326504	14.07152995718763	13.917176651265233	13.808589916672444	13.969598979840914	14.296753386719885	13.963744896271653	14.077912933414368	13.690142093177533	13.947671802898482	13.670959170134772	13.696916177517183	13.827295501654447	13.978651376316412	13.907265881730218	13.792319067873898	14.001873050512293	14.180272347546826	13.952671938769475	13.775052708287072	13.913829958739576	13.845401418832123	13.939264979351039	14.162480764166622
381	KNG1~P01042-2	6.278658308139354	6.03772908501985	6.652350685827913	6.3856508685823234	6.7482961570688405	6.705106808225594	5.137251031124816	5.7466135463099555	6.290775697320021	6.544845134980579	6.332439810392318	6.2441819059881905	5.651660063176101	6.38362084861003	6.067004935833674	6.100374086083477	6.2535050318185075	6.362759591818237	5.368949999282045	6.453590787491726	5.791094510048974	6.817264747457462	6.50590311864606	6.284166801702401	6.38213360484554	6.796495561248785	6.33050006014782	6.109975838306919	6.8539127734215475	6.272812717316062	6.172943996029999	6.639303940341642	6.4584206318935555	6.2170465461830435	6.531122150591276	5.8342674382974735	6.637581847003091	6.0746639809564265	6.407756329052915	6.340961134857708	6.906111005500963	6.284978814827924	6.470007528739675	6.223667821273788	6.564032117162062	6.623749457097792	6.385432590796726	6.4407849109735995	6.6500322354689105	6.4731612160722465	6.431982877849509
382	KRT10~A0A1B0GVI3	1.303818467412094	2.821962825944832	3.3540600745676072	2.1265932576213995	2.570946941191869	2.5208406894464526	3.42352874171211	2.5982710875310975	0.3375193228766198	3.862987076525463	-0.2296991412413899	0.5772057240265236	3.429781645407286	1.8528490923722227	2.4827846966968723	-0.3181206184658347	0.8322127205777935	0.7436952075742227	0.7067187232545202	2.6299827650864622	2.7854793169835435	2.738537724986633	0.7841921186695172	3.231974067923734	2.2033223816424834	2.807437766178788	2.5303071451663244	3.5178617030678723	4.7468779767639795	3.082546371905532	3.4041536869247473	0.08053714020359337	1.3752884680664654	3.1429828229680012	4.503897296164831	2.6454497673660278	0.6720469268655699	1.1901020638546425	2.2572478397738043	1.13326440197345	3.93007325276921	3.255857001190526	2.5091622328464243	2.4653476054421137	2.7329962826160665	2.1748520982337785	2.375965966915051	3.235030355330715	1.3461009918530058	0.3988840834448152	2.0275130687981644
383	KRT1~P04264	3.877267093516835	0.2832754320864151	-0.5583947789419204	1.1968573024391456	-1.948453017698517	1.2452417122304196	3.9605817769422336	4.721954134145976	0.38796850223924256	4.402384445610019	3.210296038988815	1.859023462667	5.448604465430169	4.347376036830671	0.3722436213919751	1.9644222217280345	2.3743143307018073	3.165457549584281	4.25107277698696	5.420480573279372	1.9992828945889802	3.165186558944503	1.5505548124557365	0.7922013383807904	0.7425979779638074	4.360378005617044	5.076759501589298	2.959537534565472	6.821372959236548	6.484149634781769	5.415043475663583	4.231941851226483	3.7909376645471706	2.2184386307861264	4.277385740366466	0.43723423736261446	1.9456517933863682	2.8316607833935494	1.9591169011094411	1.515754931827289	1.8844664750006344	-0.277550949620297	2.212100027064085	2.430963308539427	0.8618117570727978	3.068804185962325	1.0159300003543141	1.5754585638401006	2.3610271659538613	4.416969247409823	0.9989112936703509
384	L2HGDH~C9JVN9	6.827653989346659	6.690107023453868	6.020849079166855	5.444560601988208	5.3266574248857115	6.26202471507881	9.83325068609259	6.259011344345755	6.354871082580716	5.329303501173294	6.4022899730485	7.26832411257226	6.490531174931792	6.736651313237094	5.951708562486706	6.432486976397007	6.126655955075477	6.148704809195568	6.625630705964751	7.219244458615021	6.807234430894742	5.47599633563272	6.318020314497541	6.727745683644658	6.445036196233847	6.440452144192281	6.015934101347856	6.7448789932632405	5.87223355097129	5.498207301990419	6.116355701871995	5.894486408630381	6.098813601437457	-0.06483172195391129	5.885248395523987	6.141106466607644	5.798606275417538	6.601662103673758	5.278504899266057	6.175214651063036	5.559963771923372	5.1445161964009944	6.149945849936804	1.3100453181842637	6.313017108494344	5.9034038975207155	0.04941748912704458	6.108934524774063	6.216491289851775	5.538089681579678	6.348996076211555
385	LAMA1~P25391	7.509571702263319	6.985860520508001	7.323907426270031	7.242725501078837	7.826516969421195	7.532211081917102	6.304945893236647	7.1703580269826475	7.830993362276789	6.976288351258602	7.230005332084399	6.6627167208236875	7.214369818310815	7.224022141713949	7.120042608036607	7.519920064717254	7.307225272549238	7.142486657385836	7.412164852713164	6.8383462455818576	7.404009419941961	7.314386446506986	6.977842824812548	7.295345899613601	7.5791345211220955	6.989942563739587	7.445503045937253	6.612512409286768	7.544864114837288	0.8925556481490988	6.916826344148308	7.051948215273391	1.1515912556294332	6.877104360680145	7.008637545492299	-0.3754632516879979	6.88027845577409	7.042733124476759	7.348079074438788	7.2507767858517385	7.2385771945863215	7.057579969161734	7.1718058001961715	7.061753359757633	6.706402110624991	-0.1867067237879534	7.225963321175179	7.156320751504843	7.557575650542002	7.545577623442088	7.315711788980869
386	LAMB1~A0A7I2V2J0	1.1648294545011744	2.0823847563680857	3.1623217616161394	1.9555098815689576	2.4806418122735248	0.31088473200375344	1.8900771705636297	2.0997298403625777	1.6966813188253076	1.0724919950921645	2.365549790808911	3.5259634063386507	2.804085022978275	2.6859779793224514	2.5209188399536706	2.415788438036601	2.147536918205135	3.25624958353779	2.3435403326570565	0.32426990704455383	2.4226095524725753	2.6985892686261472	0.7575541430455741	2.8103821763255383	1.9781184746299776	3.1294069177536823	2.3797809052506427	0.44027293676088414	2.7017402731151643	1.8836705216780507	2.9829886150596163	0.8549654118078365	2.3814694160267345	3.2303844877808583	2.5351318942343832	2.1887548355220954	0.8107793615283339	3.7041707759190756	2.928859712230599	3.888102756556217	3.0150003254958864	2.61862757750582	2.9421762051666747	2.0996759128536326	-0.022558216678534748	3.2897683041504227	0.7472975735847827	2.2633044506480196	0.8747335132481182	0.9853482450674558	2.288406509526245
387	LAMP2~A0A9L9PXQ4	5.8741778437127445	5.82113595212444	6.269478856629719	6.1676783061020926	6.268761139886252	6.105354821707803	4.1858793059896096	5.5654382179426225	6.113840072388029	6.06226341733466	5.801908232653046	6.06376239718185	5.733959820057418	6.791580245215056	5.698636001218152	6.3093710169239765	5.939815024938329	6.5489583933124385	5.966061631620787	5.315922636607937	6.35748690142378	6.147182095657134	6.081191977505031	6.048083709819541	5.816149396669834	6.217907422026118	6.002983906764524	5.647055314861277	6.603085915847059	6.10059064207358	5.718673025833986	5.850435717370108	5.7596434972166595	5.9490098551466675	5.838533606076237	5.8636302132484435	6.211544497099043	6.059713634387067	6.172735744929924	6.427667834596898	6.072942827240991	5.773016326860306	5.882524207370386	5.8747064657189645	6.040495251948052	6.036163213625971	6.0734616935626615	6.168528897140336	6.246447341525873	6.117843133529979	6.469474266814912
388	LBP~P18428	8.607605403317033	8.605254671750245	7.855269520294982	8.506304675187701	8.853290706725721	7.8377992214820855	7.2931453519451885	8.004959357022676	8.111929221857507	7.865819718944834	8.29911562744087	8.304991276690778	8.184296665409901	7.982594835261385	7.903415574618868	8.488261974424987	8.176758288727372	7.425164029897752	9.58667237047006	8.472300518235494	7.744113206591506	8.403207630544687	7.3291271831093585	7.915226748293611	8.100696502061492	8.72020239626705	8.880980331079598	7.717706541366937	7.656604017584223	7.741536420716389	7.814579141222838	7.276195415717941	8.703841595669978	7.472068184341425	7.61703143970244	7.431923853024262	8.315994201733373	7.716160388559427	8.329984067452685	8.352875229336279	7.676084265899118	7.579668690443368	8.746762371272478	7.970044083901885	8.534147783108898	8.010267203539199	7.5322370073329	6.0775263854653145	8.524003240908206	8.218316232082485	8.089126673508988
389	LCAT~P04180	8.038464580116491	7.941530619318015	8.168156700905023	8.042234152241825	8.229822903044319	7.755908946737227	6.23342921940019	8.176387905413774	8.15673165205412	7.860382293018804	7.671505217953896	7.344678016518014	7.861702497681807	7.820617418058322	8.329071873935172	8.172806233283078	7.695420534129734	8.090402729986442	8.24761479699135	8.257283381369833	7.782969123452292	7.860025688330355	8.22815827273953	8.421696068486003	8.018602611836522	7.414843790814421	7.722277331529084	7.520225525929893	8.322959759421456	8.204479504318467	8.006049857812306	7.926463226462063	7.971295329428604	7.875576323751919	7.605643976204517	7.963160146506877	8.130139413210284	7.82103607627636	7.9250084401132	8.000471155519975	8.107189453322812	8.1291270251614	8.218044197779038	7.671839052028366	8.036177973371748	7.941612911543147	7.690030698555495	7.865873982295811	8.120861802393831	8.126124673290384	8.086413729920197
390	LCP1~P13796	6.302115517919618	5.926073622635859	5.70978051060473	6.195621218550282	5.975138193362669	6.133820461558925	5.238143174422662	6.175237650291037	5.960295772834536	6.39726987511706	6.197794111105829	5.451482170335113	5.7388098231447096	6.161046978434073	6.067022831090994	6.09413311179902	5.8171561111611645	6.136650268800138	6.023395828844074	5.897125513502795	6.360521076009178	5.824916120057224	6.136002460286611	6.032497621957055	6.420098359917746	6.183423518782715	5.579037242115468	6.007480221816304	6.307420270001388	6.227859598299846	5.970971959514061	6.0136656514265265	5.912808129588473	5.950422317613524	5.852268130139368	5.729337466597498	5.788392058807122	6.319633260418832	6.22940648540357	6.330343585571961	5.914149325918623	5.580002143855466	5.736281973170364	5.877050892663726	5.786480625387079	5.632371024174525	5.894676701733565	5.949611142138173	6.559357366979251	6.158601522100004	6.146428837282281
391	LDHA~P00338	4.073631339039373	4.538301912943598	4.461022987284025	5.438705824985325	4.279479803004231	4.199934539564262	6.352873478674599	4.024913744919997	4.256393570826912	4.478797387115168	4.620510255083402	4.374434854048081	3.7893238893983034	4.048744281285291	4.6937479088466905	4.148947425655419	3.9655631613176583	4.034842611736748	3.6112234143596624	3.8888339948306667	5.976945659701504	4.462448602285839	4.50675320616701	4.387648063737986	4.490663005432596	4.74020290355949	4.240734131588221	4.389643285563157	4.452126845950332	4.149922133936865	4.029594586634405	4.56502082125097	3.831055718677536	4.616630839271393	4.776351501343727	4.619960895613113	4.10795757036062	4.228380843369722	4.127284039476031	4.263323508365019	4.152824678559883	4.015634025016082	3.950492891100719	3.8847952490279307	4.021110786773004	3.9013937529289686	4.361067238655221	3.88000682414723	4.82798477730315	4.113053614195335	4.574420640243862
392	LDHB~A0A5F9ZHM4	4.988540549985609	4.923039259757965	5.006053454330018	6.107746586428153	4.999458066885483	4.6855688084240485	6.980409994842421	4.774142384292517	4.527137393104786	5.158656680993759	5.322632638936528	4.869872524182146	4.798936475335389	4.705691335630789	5.448549015339459	4.4719796545396155	4.612104813475131	4.76483930349848	5.112902696196675	4.772399958175273	6.334170425624378	4.962029399222494	5.15096341055216	4.959133762180541	5.289532914666103	5.4279388780093525	4.7176406567678315	5.443053054521324	4.9641994790745265	5.301469122315312	4.784370356455698	5.419995528009308	4.956133641849138	5.244279624966263	6.051381389169194	5.49935456777072	5.049370812884426	5.147804879494842	5.093229754980335	5.230306788041522	4.875728450479784	4.685115987098641	4.92426676668403	4.969926696538531	4.985113778869838	5.090142148058126	5.007231088539487	5.162030457422357	5.456345891598452	5.0515729004154775	5.381638924109587
393	LGALS1~P09382	1.537134490934272	1.9776589125592225	2.2696530298685174	2.758195049015903	2.1868783404597503	2.1420550025419316	4.117907955745726	1.339796326313088	0.7492413482835251	1.7328622777068334	2.1240446166239946	2.259877710264036	1.6566942409581507	2.4344935774227006	2.800313602231557	2.0182611452918318	0.811084087256296	1.01512039518469	-0.8056400103044601	1.7673654616161418	1.0279427700773782	2.141653307288313	1.4766442698827287	1.543592971089832	1.6199407521865328	1.2107585788761246	1.061535014498245	0.7030785594247498	1.9629640302819935	1.9533627415559083	2.3129144365577456	1.6171874105100437	-0.9421779099827496	0.18712277905246755	0.8275711232306984	1.6403185342989217	-0.6698678557882276	1.0821901554384028	1.3842922631090235	1.5232373359337181	2.012712570456906	2.042129593352139	1.5667416420430795	1.729133086592804	1.9217176633746464	1.0042911144584767	2.789784332034076	0.7727681198932649	1.1174411390637595	0.7607061369958465	1.7147578236148873
394	LGALS3BP~Q08380	9.230553946658263	8.532409791897138	8.638088512958948	10.17202822950472	9.860228539372985	8.674513089367514	7.374298464164269	9.123293071980855	9.452141051472479	9.222693801735039	9.334962146998196	9.110726864605878	8.813778256043477	9.23058428883709	9.943054905038986	8.86364911635532	8.55049398634604	9.586032294692554	8.90703578752163	9.091756416832382	8.846182648732986	9.037189159502839	8.59226950874292	9.886301462468055	10.28921290347036	10.298567449934096	10.026370794317844	8.749641243305293	8.610121780901409	8.75749520367264	8.752381054924394	8.540364685780187	8.668714380911767	8.368378969116298	7.953125848392243	8.394568409213631	8.238921023136003	8.228096751448918	8.392380842034738	9.099027180302539	8.464483181859205	8.10962839223911	8.3536947097193	8.589088306826396	9.89894240499971	8.982190413799032	9.088326623451279	9.158376858785457	8.928589395902947	9.389966717084372	8.82479553322446
395	LILRA3~A0A0G2JMY9	2.8966380235069726	2.6470398294400446	2.973452490121378	3.7394496699573856	2.8062626645469857	3.4623597298449753	3.360448259562539	2.199118150083434	4.129913102385964	2.748552602036183	3.2772567472578626	-0.6535724663436369	0.7629003206368408	3.3312451332159685	4.004383877757894	2.693203621910029	2.033652021486874	3.337814603258382	1.9666479348594026	2.372282822611306	3.751777968453495	2.466543771932166	1.813931757610341	2.9668283285417596	3.828668978908213	3.2588812727070864	2.172269092302359	1.3474062954920818	2.8067694726174732	3.3659939714706666	2.723643551987489	-0.5191405886516791	3.083849841653373	2.311303190424265	3.3247843052827593	-0.5995540102156014	0.1699538833224733	3.274500721331649	3.929251906090584	3.822021390769725	2.802295668115612	1.6752315816274048	4.1549469418395075	2.536762053537738	2.379869663692454	2.079359287619342	3.6546364655260017	3.5261205822938964	3.169660047395049	1.9795712922640907	3.5238997801575453
396	LILRB3~A0A0G2JLT7	6.879474999452162	8.798804305577145	6.709382664017996	9.317333113537583	7.787807428837689	7.285536412006438	6.072321707826161	7.897267813263427	7.75081624606936	7.554187278510742	8.275848851658314	6.995801216852988	7.605752474405577	8.287262594347789	9.225643894780575	6.527563865404075	7.725297913439235	8.13803894708778	6.989462672732043	6.869033494928193	9.368780591938885	8.25000501560581	8.721804709075366	8.012616867053227	5.864094118452971	7.894219937604444	8.809736634558707	9.350809318002103	7.61954566035753	8.180948980086912	8.818770854679563	8.261087883501865	8.051071830673283	7.099694691411395	7.697936973726789	8.110698990896013	4.025050659363393	8.428787349305772	9.278958981908096	8.793526314806899	8.688211671097672	8.583351040875089	8.930581608735771	8.850797465563936	6.0193888152126975	8.033506012942938	7.311723651047686	8.727676309400735	8.371655953936674	7.373438831613949	3.8775122816927654
397	LIMS1~P48059	2.810517996606933	3.3831390735528104	3.8744059207251875	3.692676154699746	3.867047364350019	0.7631894546857028	7.608284831481535	-0.6284840153976918	3.7015315270322917	3.567756400390305	4.325843156822333	4.033893616341938	1.8125539418056502	0.8657813536183074	1.0391659960190622	2.300113723350347	-0.4536088591166161	1.3792797313910234	0.5159444397586168	3.896243422070522	5.728289449689811	3.4669627786800454	2.638518994971075	3.723472949327298	1.5541824459601536	4.0401774944696	4.06074292663077	0.28251467870074853	2.828956839358713	1.715802231294768	3.6551588020278856	1.9091321753504533	-0.2506653129392239	3.8804131780470708	2.7812779600369844	3.653607842696868	3.533352072702417	1.1843854382926935	1.891460173292631	2.9495033902748156	1.4358899046028664	1.7022808585490385	3.0024054067634007	3.062796971003604	1.0732972768903735	3.241559463116074	3.959152073692111	3.472472203075357	3.9444687385627537	3.5133924416544406	3.4193138242127135
398	LMAN2~Q12907	4.694783379919128	5.402098276236865	5.136131732268905	6.1628828476711925	5.667131579078184	5.229612875777362	4.7910870558008085	5.064364678396936	5.048087036717607	4.44806361004624	5.0471815046706325	5.240043907225575	4.891040512016763	5.4694398600571414	4.857192078887367	5.403398269795812	5.152667189167053	4.870265748257765	5.211431612685103	5.401920742012148	5.505704599929702	5.729444415110875	5.3454759056656815	5.360116343002808	4.8507215565107575	5.105847779625948	5.202608568776842	5.072368652731329	5.032701575841921	5.830076557149619	4.85675652849808	5.4026943658641065	5.628854663070767	5.480888913112562	5.274353979656789	4.668162946369245	4.734689880035162	5.463041236477392	5.496553444663777	5.703896499455072	5.753495988498456	5.778508916092496	5.270790346584107	5.169805602323578	5.019232185807169	4.230210610493083	5.72434616394941	5.599540715938873	5.157916944928886	4.748153940989734	5.120976939592886
399	LPA~P08519	8.121298579173516	8.233286579335617	6.015543853832582	10.64626501672124	7.60004798230678	7.179198553186144	5.614246918910998	7.574928848445078	7.516899270964874	7.396055573308574	5.2800510019291895	10.183213442638383	6.3373453252540495	6.021267720765709	7.906031710880621	10.468724212234383	7.369231634915721	6.925671962636488	8.454574667091073	9.573988736202885	6.3842443857825	5.559573260955787	9.452751756640886	7.091188875504462	6.716891556944763	5.768953390263682	10.338312839891202	10.379436540450323	7.795240948773142	8.01823533250117	6.308978746213901	8.020983328895118	4.906883349387964	7.528323184690438	10.012114871413889	6.364824366550497	8.260186344154484	9.417803980766609	5.71794213262584	10.329550282894534	7.653458712397695	7.809564336625535	8.755243755268785	7.169079669305922	6.871916984558701	7.918639989364255	9.969657907598183	5.098549554985467	6.873137952380203	7.463755468263234	4.869089332404144
400	LRG1~P02750	10.855809011093104	11.461356289766293	10.342056351333053	11.46341872820731	11.005560990501047	11.152557029196883	9.655360826280008	10.115687920468394	11.511899445035823	10.180677697502654	11.261888747256387	12.299726891180056	11.600938047616435	10.757945804269983	10.744788372427754	10.532163154348341	10.976881523918049	10.619453531324444	11.921918550579775	11.476253752762327	10.506188918241836	11.071037245765915	10.505515866754967	10.335205645217135	10.826717993131084	10.71810115850297	11.292920199147874	10.97537001276069	10.86397175419642	11.3878830936198	10.545330752147962	10.818104474963892	11.118318692891549	10.671770283344163	10.288830035170504	10.353351868944138	10.981340898910146	11.216184416090064	11.292099160616619	11.031367871305497	11.110641648999383	10.839331731507649	11.438803271784584	10.85923011573569	11.225370149504615	11.396230955765196	10.452900528944955	11.444954456733605	10.59908879226046	10.393208574517844	10.669181247414937
401	LTF~E7EQB2	5.2994165401979	5.217607209235128	5.1381592852535025	4.7485945707241015	6.194520468676125	5.6603913787566515	6.500075371601626	4.566668318346182	5.64295730733355	4.816251369468667	4.882913998615784	4.764090421487817	4.540828642878927	4.415702316995378	5.39740946411342	5.896167279566055	5.803120988724796	6.117784172897309	4.397760923077043	4.7448203931241295	5.1147995524790195	5.5754020220458855	4.923640133356557	4.954062534969427	6.049936103485825	4.754745118981621	5.531038599788373	4.180804241700119	5.268560988956015	4.901618120372325	3.3899806293137917	5.261994596729366	3.4014120974486004	4.7640415084095515	5.4854115697715375	4.410600539308306	4.854424521000269	5.6865252123265	4.683895956447506	6.016989996166337	5.451837928079087	5.430044377603716	5.944943996822336	5.2088988985841285	4.742427557727744	4.940054024055886	5.214589486936526	5.953779852547052	5.624616323120543	7.926531905287052	4.75690300425319
402	LUM~P51884	9.939767865896988	9.238126843268416	9.857492718998042	9.974074933667804	9.883471033527353	9.388556160865047	8.631120201847263	9.723184503706205	9.067508873321044	9.738243100255183	9.736688056266862	10.810662236493428	9.723272949826727	9.512999120356458	9.721420595812814	9.330458617921972	9.726970538074932	9.656695768270207	9.767382012511248	9.129609255713394	9.165469510646668	9.951869229153491	9.736141561979839	10.013072331499057	10.086431386043552	10.206059254219186	9.588976147013215	9.981999044461087	9.26233245988809	9.885895460971758	10.14528522702601	10.24148847289942	9.620885959147351	10.023090699872805	9.579097682506632	9.610810836784047	9.25838416165387	9.607680798274599	10.359728518078454	9.702946580550126	9.870385133926622	9.819864501245513	9.47413667232797	9.616895862591807	9.506511706813763	9.641244313511853	9.63510309777231	9.244158818368499	9.956405139367556	9.575931921521345	10.079627683205915
403	LYVE1~Q9Y5Y7	6.451475127231944	5.3881609263182355	6.736235205372522	5.546437042287179	5.965994368874927	5.409495692025335	5.042700399323932	5.960063816867355	6.014156378774951	7.0575249386112455	5.895695919780821	7.966486177343527	5.3893918672304	6.026511116439194	6.392898574313596	6.58813781644627	6.030796098398324	6.1724301029880255	5.80766544016762	5.570003324813771	5.696128318505	6.3839196687045145	6.026074063494414	5.798126757817744	6.7708586393443815	6.479889527165786	5.956558460150934	6.56318393397174	5.900055478045724	6.948497258534752	6.169987831069287	7.578462644143843	6.4481948406204985	6.321852695722976	6.294000864753189	6.050451351838835	6.408769754863674	6.700061306685848	7.083903228120684	6.132703673613481	6.059823526552742	6.271366563005672	5.715516096517513	6.956051641857606	5.98078824979009	7.258657177042421	5.828262700694564	5.835286751752983	6.244079533540777	5.794585719431937	6.081819690621816
404	LYZ~P61626	7.414906872541987	7.363599544112827	7.373760341324687	7.682926237580071	7.348045700737619	7.3202850693051245	7.780390081025508	7.387712477301868	6.629431109227971	6.521058589355749	7.103258189568548	10.014493880497808	7.495173475426135	7.119595794479953	6.657410591002973	7.143979311944891	7.808749960280923	7.2590961361163115	6.526804743119873	7.350749304419266	6.904673664879878	7.592774548241345	7.306752054400619	6.770596249678259	7.749562684805247	6.995338972161178	7.273753206951801	7.21426441885756	7.359136126703432	7.02512164692269	7.286859613144044	6.892297204879084	6.3301884620297075	7.2108047949892295	7.026047376684195	7.188745631132522	7.734545386017429	7.659200347117017	7.134280912272763	7.299737090687021	7.28964772987594	7.445702446773601	7.495783312627041	6.93350678991384	7.1978497409975635	7.061894236706006	6.942395393348068	6.85919750249527	7.5000863158972075	7.112995093599869	6.331747009932528
405	MAD2L1~Q13257	4.573383460269748	4.342416400774299	0.5231325744016695	4.684411232511489	0.8563960970472574	4.954741669691695	4.146800311630086	4.528138580202718	0.5680948400595602	1.246133132117142	0.5872848236670193	1.1803281642641175	-0.20368912507537773	5.165913533247516	3.121746069728504	0.2679718288302185	4.207399714700641	4.66652167966858	-1.1203172306252842	4.3431626677350215	4.989069963129295	4.5392856806446265	5.562918170496759	1.967672242178229	1.1870775804800295	4.532586717067467	-0.8111790319152847	5.145842144932279	4.313344478563321	0.009557578474767348	5.144821742274008	5.266344196049325	4.481237124040695	5.336526581484525	2.5628470599179063	5.836302648480341	4.962125714501363	0.8226267440408861	4.774716292109226	-0.37151905949564257	5.083545712058781	5.5874590180274	5.004650817596454	5.3739464178427525	1.9908556440682836	0.059283479753078905	4.918953290833854	4.6787043616480375	4.0082542111021375	4.746846514130167	1.3800575869725011
406	MAN1A1~P33908	5.531908148154372	5.409371641578578	5.101127079679762	5.508215259780174	5.498240177168397	5.591648802557837	6.8983593885097525	5.386932222356294	5.599812074564826	5.388471157786634	5.393302727001793	5.437574808450906	5.2508515120003985	5.28616459728451	5.122097307708292	5.358585610746434	5.3758617961555695	5.268161746256871	5.694089923954211	4.731287123641509	5.07421154573539	5.419907343810118	5.317587471245563	4.947006459322905	5.36634863053914	5.698894857525108	5.477793957347262	5.47412627226115	5.426846466716348	5.602337652254263	5.083013249765692	5.1374991772727565	4.481980949257075	4.840107800097233	5.308673989584065	4.939642340023789	5.396111248439923	5.55416830378466	5.3450181854530685	5.188078231858152	5.222520026819908	5.738765404564098	5.615725153123868	5.197395642411436	5.34865819463496	5.25698060224385	5.11608834076625	5.015230252421253	5.457097020571919	5.597627386962156	5.20949441776845
407	MAN2A1~Q16706	3.40709851731032	1.0031742288959515	2.5842309303814264	3.238119698330302	2.271684431063871	2.265748374798272	2.7819636652084587	2.298776064343976	2.783127337320171	2.7783587179633096	2.8588786313074483	2.864453497543382	3.1209351876045766	2.835054719003828	2.2650690157461018	3.3480886675460675	3.294366095697063	2.851749327309267	2.828006962767743	1.0972874216164934	2.011328446999397	2.5240925819680005	3.389937579716337	2.477116173368936	2.9185906773031274	3.2142236504778143	2.916801384024917	2.8118318020790407	2.621849099652719	2.1207088959575264	2.201788756880005	2.9811253708960805	1.2022286190687421	2.7293309311742684	3.305490678809681	2.473170012491989	1.6619234357494825	3.2225561395302815	3.1495804562674277	2.462028906492715	3.258001220484468	3.0696438116299403	2.2975040544959073	0.683031416677713	4.264266336045789	2.8354753773840606	3.066993443349538	2.183735774442244	3.5809251247408658	2.1189187420263496	2.4919895753057393
408	MAP3K19~H7C041	5.635034659611182	6.334710561721127	4.973613818802363	5.984285022615737	4.912757978322049	6.85188083217893	2.0327555498534884	5.230959335828272	5.486677679658956	5.556006521446237	5.41389658831705	5.886872165235046	5.343658112438079	7.1834939412133725	4.9410041603844155	5.561214049236183	3.8275645453646714	5.786221061890949	4.5750281365717616	-0.19564677670160413	6.243742742277008	5.816543378126657	4.883283358978863	5.048003196546918	4.923945280588646	6.645434484598795	6.022524948987573	5.401792003019055	6.122476521260667	5.826418823213398	4.853751571969594	5.422184136247445	5.3405146115581	4.278817229334242	4.298006474329876	5.525027401014274	3.9202059076585045	5.065779814404465	6.262757544529532	5.927736013244144	5.352097187596737	5.276323509719007	4.483876160166194	5.350870407916734	5.223585487482207	4.725838443146288	6.012513719843785	5.1401212561908745	6.204310835809894	5.876040902022294	5.009768830889684
409	MASP1~P48740	6.803747625147567	6.697174069657446	6.608198637093507	7.642044639684824	7.2976782633100905	7.149661387239391	6.057505272530042	6.863272897943033	6.946621293885641	7.1881060085865025	6.51334448726078	6.9934117167739664	6.865402058766018	6.681348127928476	7.0415005768765715	7.039422121478344	6.734575567651754	6.959849418909339	6.8213314006402195	6.25601499746747	6.688315521812782	7.170915739870114	6.909990105896631	7.26676023827726	7.232322548030024	7.057511221961041	6.597681257474043	6.746678326004225	6.7486681665242445	7.061222517304851	6.8594398088457424	6.892469350592899	6.824672897146771	7.196419476567608	7.088984388572441	7.03753622979767	6.966616517653386	6.812384156544189	7.131071313917808	7.001982457172097	7.000609377799448	6.953068551177995	6.962076895553171	6.765010549188526	6.993164807557466	6.9683807175217485	6.9508177693983475	7.147687361464447	6.744380354221208	6.554476670717445	6.841901557018299
410	MASP1~P48740-2	5.631054350732405	5.49183768660186	5.67448119364252	6.455339387413329	5.799681223744435	6.4512010483552595	5.075507548819988	5.786413320859136	5.6036170640828	6.164748296019002	5.53045872864483	5.63082634717815	5.239744916185753	5.7697730868665404	6.428502919729051	6.221287378238911	5.855467623159572	6.186131623708978	5.579956468285289	5.373955973192951	5.457886825443318	6.263668366557046	6.052720439465134	5.66919411763684	5.601208576712151	6.1065723649073735	5.523226685528901	5.83569394793205	5.577134205179862	6.045078052087369	5.631534450804553	5.634863882274684	5.389806979327891	5.744359924615951	6.093158977538879	5.901278839717358	5.944252189042419	5.6875339496909145	6.4055174017090435	6.062111703932467	6.207021024866312	6.024209867222221	5.261987712446923	5.890470992243794	5.6053683993020815	5.727361279287992	5.684971897225403	5.880281725881149	5.644871218192893	6.005245382690494	5.60294109535125
411	MASP2~A0A8V8TP45	6.588639157793126	5.976316061968507	6.617545485287134	7.292254220611023	7.069441408518544	6.755147363653281	5.733441358624604	6.463561041650041	6.52323410492034	6.5772512085477155	6.393396742405208	6.731347829940672	7.0909255289443225	6.4867899808209115	6.347372116590995	6.542166826694399	6.3601452849810345	6.543623887118515	6.377632074049832	6.046481083084174	6.769932956159146	6.769909455979492	6.6581872891875165	6.611982275964677	6.849279957028406	6.472747475975643	6.314054609298322	6.143625014409902	6.244494786663993	6.3327236108622795	6.4490362730956345	6.792309931748842	6.874583497479518	6.754787825219402	6.72671282576088	6.58986746817656	6.241983295119783	6.09780260721594	6.0927247246608625	6.5201975849728635	6.457424467575931	6.502511225978253	6.61471265199249	6.267233036832718	5.998497379255142	6.409820011528939	6.527734586043243	6.863787007026666	6.372020121111993	6.3712809251706926	6.50844498867542
412	MBL2~P11226	6.279437719139271	6.518705855728522	7.782893058682985	8.161218628125074	7.042395819441511	6.128338001888813	6.191300385549182	6.969123781353456	5.083348171997583	7.030410692914331	7.095882612522421	6.238329657263124	7.900697872269023	8.17564959422663	6.3126726322134346	7.857133120637254	7.283664059244945	5.98352154774371	6.275796007528135	6.870238464093922	7.037436189610367	7.880879657143878	6.570607935803792	7.240818840027244	8.77361361999744	6.700343616326834	7.594253975840698	7.775284545541172	7.721179938415013	7.81653205046462	6.643818986007995	8.38173093067199	5.899192144409118	5.359856241116648	6.0571849586113355	6.784089040203922	8.576557580038893	8.497626627241548	8.234299676437805	8.281722640481043	6.660215959015713	6.157006086329253	6.665283104836652	6.331644106632535	8.427549045279775	7.341411049257437	6.975152016091841	8.155062943294986	7.182283257214988	6.197664399657346	6.505705447840757
413	MCAM~P43121	4.432465949257544	4.404167722942179	4.096798945143975	4.083395408770258	4.289732991141517	4.437774927111719	3.8747980050627198	4.484105247867027	4.085974363027469	3.903705540898309	4.639517360140886	4.957376811143074	4.166298569275535	4.491334578658101	3.8103259812349304	3.753040117963609	4.144585743334227	3.8414850719537843	4.721411208110226	3.6438190960797257	3.9876310207572128	4.157021511102044	4.650649363386546	4.076394338576844	4.506369693582601	5.069652497119941	4.141171499583309	4.423178887742014	4.487994673867601	4.722421600147251	4.48027693764569	4.652696201406752	3.577446577256481	4.544492724458311	4.403097344769734	4.202715271507428	4.179418327002855	4.551486258821985	4.734731323788666	4.945397754059289	4.554763546200051	4.525325569206914	4.419541051742847	4.212902873167565	4.262383075184727	4.284225977895606	4.642213797809692	4.016472857293193	4.236585049936564	4.159979246443989	4.83438694669796
414	MDH1~A0A5K1VW95	4.199101820576986	2.7018630998430218	3.6599318905048617	-0.7836280146536441	-0.053132343191021114	1.3947980382166723	4.7038629239269865	0.36674289371530877	-0.3481498735171923	1.6125607465105287	0.09300968918849373	0.37606948640437265	3.53655054405408	0.8800452584569695	4.813927746623607	2.4821747634793216	3.6470757421839752	1.1283565171142191	1.0843071210121333	3.5596692942182475	4.657902057891407	1.561951237178544	3.866679104951108	2.907698458526495	0.7186992204321501	3.417156660176738	1.9984079089454665	3.77412015937392	-0.9422033175866249	2.9978595507125876	4.147004884635171	0.705380702849719	0.9099201626914202	1.012960635566579	4.799419281371927	4.678292370025053	4.482628512498284	3.718590463489118	2.0262523892295894	0.16015547576929023	1.7217987370614478	0.2229974249815535	3.8500517435136903	0.7352792041147684	0.6435305977102932	0.4542745463461837	3.075748104644794	-2.1547324341815632	-0.021821225915091946	0.5352847438833122	0.7619965079986236
415	MIF~P14174	1.2510392107847312	5.184162101738139	2.5080271065192603	5.092632793994576	2.3128239019758485	0.08618945812297185	6.422493040683213	1.653675696933751	-0.14145640603353005	0.08007182538586954	5.30496329503659	1.4115378780827919	0.37283167138615014	0.3737286789289179	6.159892272808201	1.0042425282606198	5.929976398450327	1.6655062495336552	0.2703041555746205	1.91537389971753	6.05925351443474	5.490585524341419	0.6922305224013332	0.2953037961366287	2.0174861932355865	6.010793911389061	-0.38877939426757235	0.02365090818436444	1.349084850519847	-0.15637975228246925	3.3344256703428763	1.6011446980827522	0.7622172156153357	6.5055414283415995	6.432602174194945	6.446127170860434	5.4074795219085425	0.6314933993695664	1.2044537348742197	0.5486654110570826	0.27754205004599997	0.986061900977154	5.824658331599352	6.782264696266517	-0.19266937030353914	1.1629363562439836	6.482741867724529	5.562132700577199	4.852228976324567	4.8991679839179385	-1.1031767916987099
416	MINPP1~Q9UNW1	4.020637678324949	3.134039734668703	3.6663487376445403	4.173354765193246	4.200166447097732	3.6287023956860116	3.3586636747550362	4.300836398268632	3.221564554198962	4.3445611326419105	3.8023465556746747	3.942360132164416	3.4904886977290404	3.9580065818498555	4.177357487453067	3.3594348328215857	3.6579106690617476	3.7479289672749574	2.9904590844451615	3.5680291627918708	3.8941719120705973	4.2908890078885324	3.801705004431905	4.25919098202237	3.9749898968918482	4.034078728683977	3.7755529157035554	3.9733962573184196	3.7091418835736136	3.9419578788937164	3.870729029851984	4.200332307734973	3.6234860248150644	3.9848555388683153	4.193312237841081	3.70124828623376	3.486614345312529	3.3140847668954647	4.073776780260551	3.53638382806841	3.8759952662000527	4.102242135257021	3.5821715053816434	3.508462640013978	3.9996030094262953	3.691810703554887	3.86588945877315	4.108085869253699	4.178107086116571	3.5643976979860392	3.8559571551634164
417	MLEC~F5GX14	2.245721966302849	-0.472530726687429	0.7245026334590187	0.8762531478288115	-0.11419184187258313	0.08865280120073771	4.70353990432244	0.10909715515336615	1.945105301995612	1.6883780434585884	1.6606518382390059	2.846672338255608	0.7061111620201155	1.5979022889247956	2.4742003172524063	-0.05612742107691071	-1.647996931871762	1.2059513081592101	1.3056123095531849	0.1684772653546387	3.9996798187687017	3.443104794697114	3.7263277302521645	1.3672679278425037	0.35076086179505905	0.5831615545940904	1.4981788399452711	5.625453683585997	4.0761809714496655	1.2725693002838243	1.0148609497707992	2.08966411583652	-0.2485252626489859	3.545050717151145	1.7370123849117995	0.5024144226082734	2.4350331110440773	2.081272246693188	2.9740012956072013	-0.4299904469826519	0.7811579605600668	1.945850311471668	1.0353676584231837	0.8519427204473766	1.1149295120409872	1.6519347325879372	1.0735255891480975	0.5849829315769257	1.3346452074307744	-0.9556825085029856	0.7934509474976763
418	MMP2~P08253	3.3848860932486984	3.297117501672807	3.462704204856699	3.4954518927809053	2.8794866848778415	3.082996201232259	3.5654195068362937	3.151015454659966	2.494521754123804	2.5525820950281184	3.2202050118238716	3.7459504121731046	3.618609767708108	3.4910361538594294	3.7301487701832317	2.669738022889485	2.797688041083604	3.1884672083183605	3.2210598741973513	2.992604396663693	2.3726849542419295	3.2530816854409688	3.0670251295483246	3.1302978096670797	3.656471454266551	3.3318494959637404	3.330961998820037	3.041167997853103	3.13882830742538	3.5320424364186698	3.642197709356206	3.4828011879736147	2.7723162856839227	2.916959153893129	3.264684266225218	3.7256651878300246	3.1485657982609228	3.3925116026921005	3.9305948725062905	3.14189882698981	4.356022310115285	3.5025546860232613	3.0642362150273863	3.1455476986529183	2.8352008644623803	3.1513948862012744	3.332768401985519	2.8844941901810275	3.2538720046315044	2.8732226434687327	3.4567235099831066
419	MMRN1~Q13201	2.875257864859318	3.366220013323192	2.722314025493645	2.5637797739738657	2.1453129069736	-1.2423596315119465	6.398563265505085	0.759919209005551	2.170788783643252	-0.1643823074163926	2.5292671841851213	3.0319365580037654	-0.05540077621159434	1.2689935775091943	3.8100384007163646	1.1545383256590882	0.005610947377517661	2.9242220873941367	0.18365763862934037	2.8575666590817215	5.128957176217469	3.362678806541265	0.7293255610993036	2.9876954610034536	-0.5269705062795458	3.5561043130472227	2.9480721989518117	-0.9427259760348643	1.736353399673714	0.811035481288396	-0.05478150098004653	3.1874556815047983	-1.2325332308730121	0.38250032797682254	2.8577372098803604	3.633976888336602	2.96216182003869	1.4541581643220929	0.5490963160770814	2.7435789842790164	0.9287038501603488	2.5670894669901934	2.0921480238803762	-0.1684771007132898	2.262710671819031	3.293302404694054	1.194278564999135	-0.4289514733201262	0.4954234676131315	2.27423950509973	-0.9156836094621792
420	MMRN2~Q9H8L6	4.476721486501836	3.746016144548241	4.269878162978317	3.7361543647428257	3.893141522784143	2.3571036055347063	2.2920691521630077	3.1821773062214924	3.816229490854784	3.624817650709562	3.3052596502652998	3.4418195963472535	2.9492453764559508	3.7067703276727593	2.4901227544106463	3.351400284728877	4.018521285267888	2.927191109977447	3.730965316878959	2.9106624912748886	3.053136068596012	3.476023043868098	3.696379134427639	2.318181304018936	3.821793928019463	3.615534563492219	0.029691825841634545	3.5306358932313215	3.5524812500019842	2.9817219579713123	4.178099029621503	3.4244795105731973	1.868983116936075	3.2032062414667677	3.43258038416645	3.8320176958704364	3.3365099648765084	3.707076295757828	3.163986196166673	3.839532803706229	3.5813018532507304	4.852892923149783	3.9536558951724423	3.839411510159971	3.1150471437780016	3.885220555237711	3.6749095719441285	3.5294975173767607	3.2490736573296375	2.110689427145192	3.434059065547727
421	MNAT1~P51948	1.369988241268427	4.108993688713481	3.179095459819074	2.673145681737892	1.4029692408211003	5.15326951642887	4.629855290522754	1.4873433420098348	2.9796506581271522	3.5692382794176596	2.9123253626928083	3.038190760462957	-0.2879563637789617	2.334313117591134	2.552014339477738	2.426466576224205	2.6175844937014334	4.500602792230548	3.558685438251139	3.590422122733005	1.9329379385116288	3.243084327209709	0.17733295862271847	3.5741578630030726	3.037683009877974	2.1190096463919117	2.2038417441270886	2.5673778585722524	4.578222488809744	3.039240255711863	2.4241742355462415	2.1609213043757647	3.989361408412801	2.2852493843376886	3.5136859167312853	3.7551073174627794	0.8349520040516415	1.8606343642713368	2.753270826047422	3.191577509202406	0.4391495641391099	1.9946660073211202	3.648288343240453	3.606729833526948	1.1269071000048863	2.7825307714229712	3.7186022733293	2.2646566370320493	3.4382739600180012	2.92440822687138	2.844841838822771
422	MSN~P26038	3.7245211389859576	3.4265402845923405	4.060449389274083	3.691398497773587	3.7631452852921354	3.5234067744952458	5.8845249323615985	2.882766731650579	3.8964685918603936	4.029096779408081	3.7847202025848254	3.6980341900916014	4.046410805719563	3.776048229467055	3.3888957290674444	3.5489997711824937	4.0199897206477955	3.520494115251231	3.660451116715279	3.5189946514609853	5.2159541809064	3.456971483688936	3.631439420549741	3.9503240607549426	3.5750347170549874	3.687851497751287	3.286310001598168	3.4896691448084405	3.246174035575573	3.354585418716522	3.561322910373377	3.531781222954906	3.083116673216895	4.3896758420176525	3.500738324481077	3.7446324666400033	3.8309099261636224	3.7357237578676346	4.166473579548859	3.2889047869273744	3.1868360353280347	2.983779591798548	3.903124998264873	3.339510108144619	3.927502469720663	3.4116548947046224	3.5981919045602226	3.463634375611926	4.375310201943842	3.5810513633177745	3.399891213272042
423	MST1~G3XAK1	6.996742757960603	6.268434631168005	6.160668384837692	6.51276975394145	7.2289183360955995	6.94333880217782	6.570315738796155	7.079496339997397	6.8394265042093565	7.209828443566343	7.080917368737054	6.958970363669193	6.817731995238229	6.468778146677963	7.075301559378237	6.618140249032458	7.1155361665765176	7.224537856717619	6.583347023456114	6.262592973496818	6.116724689881086	7.009225001820603	7.220617746889462	7.179349224124402	7.363682416430608	6.989786688117571	6.720704556002212	6.052490109141156	6.988751073256356	6.890004727686953	7.017317659503864	7.074263003100713	6.903884419369879	6.772664939387958	6.942097346556716	6.846087362104636	6.611560460316263	6.836768971710491	6.5621423687069775	6.90800241328513	7.028247211967154	6.993932092031111	7.27043877431669	6.657494221967867	6.853687524126175	5.845789024513973	6.897010075092527	6.61565522828571	6.991644581730354	7.129030622612845	6.791175212243396
424	MTHFD1~F5H2F4	4.984626281724498	0.3694296658433688	5.66354333780885	-0.12189660775639799	4.989378907117967	4.74318982138818	5.465676500641881	1.3143418979692507	1.2900391128492155	-0.33202846513809225	5.544485413592946	5.251345734513959	5.060202804721734	5.429200094112007	6.2863384884083615	0.2514237980014041	1.204094916455436	5.288207094033299	0.24465634481381748	0.7283398925951957	5.455701719528401	1.2857527200810959	-0.7395179126984532	1.601421631594399	5.387137648892262	5.466108707448557	-1.0204844661795893	5.726137171301864	6.13453677659322	0.5398361793401962	6.090744985258289	5.720839590551986	0.8907531868147844	6.0331008249945315	5.389502155339946	5.660717023990511	1.4113579102693552	5.699836117998015	-0.4216044224417874	0.052838592338158574	5.141034412261684	-0.3224987861504549	-0.3623276986939812	5.098464741491496	0.0837998869615969	5.485135016808687	-1.406275155503427	1.3252607847655584	0.5671511878181603	1.4118034690017847	6.221041430339144
425	MTPN~C9JL85	0.9466560941548625	1.733099444343061	2.358195629841902	2.3686841593781742	1.736734498975024	1.5388218189050686	3.973099290748368	1.666099365561257	2.456068850111937	1.2369809338220148	1.87754392188098	1.400494599728225	-1.3405210304194042	-1.1201358333302758	1.2984582369302036	1.058037849816636	-1.5462050407129175	0.5000880183357252	2.562327626909177	1.504810383869447	4.388877340573441	1.083024615342723	1.010685846679485	2.2096584659253913	0.060546621127693934	1.1810401547814053	2.2626408558556332	1.63120803567111	2.4112669732416903	0.5777814664250057	1.2931515277113217	0.9075761811508428	1.1798007523024387	2.488465114248644	2.273061667336233	2.1083374870592864	1.1549929728275663	2.014405511037104	1.536414564843564	1.9742680299351807	1.4767163856759828	0.5736518853971313	0.7387517961024307	0.32507689174717025	0.47990093645077875	2.158540351810354	2.452759421805052	0.6864246212730278	2.0464231294859996	2.3908543372360316	1.390407550022501
426	MYH9~A0A8I5KWT8	3.3744471921856327	3.381601829416838	3.9152633172699134	4.10113413463023	3.2487795715913497	3.0308237075957165	8.728749575020412	2.90003787544011	3.593695778425963	3.381696478399682	3.906814829528588	4.684918087145655	2.8462916083588983	2.6568207841884517	3.1539967999681124	2.597285137214031	2.40585300156878	2.857017000967034	2.40332310944294	3.992497128988507	6.348592823915504	3.370578996509713	3.115338354590792	3.597017054971996	2.502980840729505	4.053656638035329	3.382596059734776	3.060547021810204	2.6855807847631246	3.525271915429709	2.848811549419488	2.9584480189651563	3.1403160114566715	3.5459784194536903	3.3308348368528473	3.522524422998884	3.3421369429244083	3.095076479436938	3.0805687077605266	2.4522352066628437	2.5009117628780317	3.2060443449324794	3.249539411624652	2.988548524255094	3.222881407979742	3.477931896240429	3.975666862153476	3.289414431548936	3.3686127631640055	3.438893099722228	3.6097362752235203
427	MYL12A~J3QRS3	5.778741301341301	-0.5315170536074902	6.874503951799799	6.885797084028005	6.302222222774624	1.5152549893527998	9.41450575992885	6.39027879126371	6.105178793004086	6.525920765227709	6.491243675140577	6.463158761014886	6.442430129219064	1.0769756965650805	-1.6259313611758803	8.131185482200458	7.188933177839013	-0.07172309158555579	2.2945658785798173	6.831761076727334	7.8794985571734	1.9458966907017723	7.267081123599065	7.042184045093326	-1.3195561661348645	7.0845023516525	2.9167839451906783	-0.45603421298712266	-0.3611375481493735	7.329991182074326	-0.20628770426170018	1.3662835902976425	6.952415379796526	7.307034836200284	6.586473551278603	6.51999322778827	6.677175833756251	1.235051146920216	7.653064055000008	-0.13519007975706776	0.6083064059386423	1.7896731335759244	8.115989476011544	8.334073152360622	7.186038351418968	-0.9594258871854748	6.853106490772674	0.8581838287861384	0.09762356898334579	5.717175404949705	6.430969559501947
428	MYL6~F8W1R7	3.77356744324674	3.8201072697419707	4.615823693129459	4.800356165708952	3.625721326773911	3.4418720138273535	9.544518548024906	2.6157945134192184	3.659046239112751	4.281980383701873	4.526751621829537	5.400727415962702	3.2483816209936487	2.9646625548262677	1.8215230942460816	3.2277645792579093	2.2754516209497635	4.066851914110811	2.8712321611257168	4.865931546402345	7.205844843852328	3.9072813789847567	3.553048470212181	4.187535723642276	3.339626042858204	4.900515650072967	3.795686057397989	3.7071572020888057	0.4654726746146145	0.7369798661289093	3.5521511091256275	3.171494616413228	3.4517636147811426	4.333686450155875	3.8575990244727594	4.047404362873284	3.83840809262426	3.945068168989752	3.7789680363705216	3.7085570689506384	3.7564949371306477	3.229043947251222	3.5754393013916177	4.101580129872192	3.415304133738208	3.978874167756152	4.617389665295314	3.5598150238599624	3.700307629418595	4.139242345767725	3.682268106768962
429	MYL9~P24844	3.5625994924500093	5.031647531653801	5.012755976237457	5.148625686310276	4.449713901387081	1.209313410055071	9.570015952423109	4.134706909863798	5.140361731438505	4.510425668239026	4.89894858445057	5.897873699823253	0.12322304846149834	0.8937972969932804	0.8043034384308649	1.1992734387634325	-0.6840673392343868	4.461292833309301	-0.38509916584048853	5.060334101809716	7.223189365335883	4.391677833149947	0.8693079533272026	5.01312209659387	3.0371383739880997	5.336701589052444	5.062467488701178	4.782083685119646	-0.032544714210460346	0.11947505201349218	4.505670804211889	4.245121070071318	2.000788744920552	4.471079913409278	4.584311915666587	5.4627480071972565	4.57849742591867	4.992737757034579	5.178664395155923	4.8255985758377875	0.02061378438143968	0.9014650761562597	4.5673023007824645	2.9224409070077435	4.8097784303865145	5.083492636984021	5.233927690516455	4.130357989476155	4.645848381504798	4.560414589031298	3.8780623289684932
430	NAGLU~P54802	2.01378983944675	2.1143382427923507	2.8981446646931586	2.887782961404407	2.466280757213339	0.20242972418051897	1.7138480832042788	2.9689660792448587	1.4418040226709745	2.733244908945969	1.8563703387639565	-0.08948059576742651	2.1521173885872713	2.7769152970787863	-0.8045367678516437	0.8181647179079736	2.927206032903981	2.2057042222557603	3.1258061570484905	1.0297609716855072	2.181970080571878	0.1536124842693254	1.0639088366725058	1.8399043098614465	1.9408013355590585	2.562856815599349	1.2961061464110837	1.8268417544728481	3.643733347656461	2.2364111632932704	0.9508635996092107	1.777876333848736	-2.1320588128151363	-0.7644121595749411	2.193916930799226	-0.09771289559970653	1.3819305427085178	0.4509164256527196	0.833976157763083	2.6650197733532255	2.3586408729899215	2.3794824164380954	0.3339664775353106	2.1976102622970926	-0.6737801632293865	2.847284206422308	1.8193724092795631	2.395299825760364	2.0286330271625816	2.5607828364702225	2.3719802532745637
431	NCAM1~A0A087WWD4	4.620730723244332	4.645265813666485	4.746919994195122	4.431348648882998	4.460422023751924	4.357140529886329	4.61555196229443	4.131486014096728	3.8918116952050736	4.764438233752188	4.539393132309254	4.1378832739983356	4.52126591129929	4.433791588727828	4.648421441129948	4.278195905265152	4.314641739067273	4.597627159656157	4.692083029121556	4.04457688885748	4.708415722471623	3.882218475412028	4.766069351477257	4.62416091797479	4.98574267619326	4.431693084851363	4.282508316459974	4.425526976494475	4.866342732671536	5.063980734667101	4.666291194066417	5.089071701446983	4.400555054784838	5.14884737457806	5.23179745300869	4.7504807746728375	5.003160500457091	4.814862396326512	4.983580953279012	4.483280214209746	5.099398539533261	5.175013734930801	4.644177225024185	4.912714311500883	4.8288095758498795	4.7440088803278435	5.250300586749955	4.472540623397217	4.688699373700918	4.607470179136609	5.146696693733644
432	NDST3~O95803	0.7497908109890884	5.31794084775169	4.417899245134274	2.180421687524385	3.1893140806122084	-0.9739286984148519	-0.7173964764083527	4.12553234393565	1.167977833636154	6.0761096789161115	0.9149967416860654	4.265382980054483	4.045535715757176	-0.3060284067250154	-0.49273455216914663	1.044187057064238	-1.159542437293729	4.279889666817528	3.8153488942920974	-0.04849584182179023	2.40111526320264	5.075179126995472	-0.9044837456449826	4.077480097064349	4.805805361844872	1.0980660983466553	4.379636691838974	0.9803113593326055	5.353806414870493	1.327466198616001	-0.29752095778150145	1.349348720815554	4.116621585794041	0.16249915553189742	1.222980540510418	1.7365119830500877	0.3928323354920858	4.444215938263871	4.8583668488708085	3.8229408969854255	3.4466677430337103	5.100064434758028	-0.40742645773774533	5.092915986186723	0.519684356477141	0.35470557465824726	0.977705978941146	3.9032793972285176	4.279860202443205	4.184528678798558	0.8982623468304952
433	NEGR1~Q7Z3B1	1.2883887660444955	2.111331671114091	2.7258636081543317	1.8164260934568557	3.616317414126056	0.1677147635838856	2.3880971902012247	2.1020602782988487	2.256725262853901	1.084644430562659	1.9478256087820993	3.26121488636419	2.558181987073308	2.225815234950731	2.1398582636527372	1.9068194159661809	1.9840987128860443	2.2790027806367696	2.0725011370819337	0.6396359748934755	1.8212103191226519	2.5424482485644737	1.8510245013429878	2.5256923689732216	1.0398193480776943	2.9160960364938155	1.786678931140365	2.064093921503178	2.146386261548904	3.0372263675571323	3.815224279641081	4.430846066081722	2.446544955133808	2.008274560134951	3.3147029970291575	2.767644987364016	2.86207922040211	3.927951168937724	2.4255338913159776	2.767035717798534	1.9516675705054456	2.9233213188272567	2.268115903382341	3.216338527281539	2.8808604180968844	1.7071966001437382	2.8342845115322306	2.3813607566794253	2.3980814959580723	2.3687341079870876	1.980066341821452
434	NID1~P14543	-0.05878098409288701	3.1240210331437357	0.4726059080243052	1.547127175030288	0.6182049388470348	3.336476338236186	4.6627799475207645	0.9939765741636316	1.1149792276039416	2.088066637019427	1.1602028908495643	3.2005078776871705	-0.6908714922126356	2.6437990628863925	2.438969220715005	0.4960666119642929	4.421507203535706	1.3219912455346023	0.20169871348416135	2.700940656312445	3.7588421114663726	2.6726291708519847	1.8964024581567716	0.6270024392113869	-0.3927952360139437	2.6374360259864784	-0.44833075120117094	2.496956149255495	2.046252752409474	3.014758615942697	1.754079930651717	1.8514780844813417	-0.12978649082700133	1.631186460002125	2.1370821359906294	-0.5154437219432544	2.573204648440763	1.1951397716314665	1.7845327099865504	1.6639559803029946	2.4551867266672143	1.6840306267429626	1.6637803421238861	1.3243744853351291	2.53666317489681	1.2726342419555952	2.511466023982841	0.5486493031006825	0.1298727383709949	2.6618208621787587	2.543434150068203
435	NRP1~E7EX60	4.884715519261127	4.143342261161299	4.311260638635562	4.419515848869181	4.656486620563574	4.418947252766151	1.410528142300775	4.111393284085996	3.8977541674664744	3.7979244799802347	4.053343258178702	4.448720147621725	4.177390338069367	4.366305136788671	3.957707581301071	3.919173761880786	3.9971435519345704	3.963250564486804	4.454305067714393	3.987998109521278	4.262378630286459	4.159391880132912	4.125024146543242	4.032873896923441	4.563371324248303	4.441023604219265	4.433984976506247	4.456320070070121	4.350768050503139	4.6273467412961224	4.175040393343746	4.364665293259761	4.181146341005768	4.554995346754864	4.436757919628124	4.2661781745793945	4.163973455273193	4.699024003415197	4.704112398884373	4.382200244434418	4.450378121577572	4.5208415285081225	4.535733499034159	4.071633388845561	4.266462444309024	4.538189168918888	4.386769517460003	4.095009496038321	4.235428645285571	4.2446431453367905	4.694505931258782
436	None~A0A0G2JRQ6	9.302727045932434	10.95891223640101	7.1728187438430275	8.050584867810564	6.928949595643719	7.672523537351076	7.374317437459098	9.505361518451936	7.381542027067616	10.219335313215083	8.190897708339302	9.31744283926435	7.05664102234386	9.007908746750324	8.101818140637945	7.015418115170124	8.733203319011134	10.584889807556024	7.453135844346422	7.104126489706651	8.110223302758246	8.233031108651083	7.418781171675294	9.730476252829783	6.9949578690344305	7.51039005113712	8.542257175829063	8.49870290712939	7.620507234737673	7.192833537120168	8.034708638199616	9.253177504768155	7.254761353277265	7.60676010063993	8.320807708935952	7.886681863044678	7.5905495888859384	9.177833900230349	7.4205499622890425	7.8540924147388935	7.696885091558601	8.37206437312141	9.41097208315364	8.56910474309265	7.592702931898099	8.193943542895546	10.118228061878776	7.804118610677173	7.607364858035879	9.609539594967618	7.050973554783553
437	None~A0A0J9YWU9	1.811392154516087	5.592157253729684	1.3233252630089154	0.9667217219408736	0.6223218435851995	6.069664787818328	5.8665779939907265	1.4588742362335871	5.00312308979816	5.95482108236945	6.113824020018375	4.50043746211278	5.669113757985204	5.4091104274222985	5.808718247528491	3.395778384719307	1.6945418182735081	5.426135481950621	4.8143908929713355	5.179816629179034	2.063379013639989	1.1150128328908602	-1.050123129777536	1.4142968144611205	-0.68622526637042	0.8941322523321357	5.271208814037347	-0.9329479719038294	0.9197911243683242	5.138062859236699	1.9528253954824706	2.336359876502417	5.403624507432249	-1.3398218522051568	-0.11092827737945177	5.4756924946499375	0.21014390481628353	-1.2247378068813655	5.220247235496214	0.9338252620275209	1.0827360925552025	0.29683322710558957	1.5082585193803775	1.3223357254235855	4.86339626680105	1.3116376357301887	0.9173245924037341	-0.6516056820293583	0.3986259700352569	1.000051138688249	4.6996339793633055
438	None~A0A0J9YY99	7.478056363348724	7.352357344850472	6.256663508266978	4.6852772822231215	6.642949597688145	7.177484475275714	5.44802654564734	6.406013568550244	7.414427820962613	6.343228556100559	5.78246328236987	7.443732233811307	5.573864882145315	7.149749754954728	5.477786424046709	10.820036742494855	7.5983359529819126	11.012058931735853	6.1121535976117505	5.2280553442344955	6.140239548180993	6.871560494050164	6.932936677350546	7.074952844606508	6.006390973301515	5.917492638012617	6.544624903230614	6.643148052868475	10.365748674659525	3.6206053368087243	5.844562589933911	5.453163481650598	6.267084696530484	6.321064758885496	7.574714316579485	7.509548507337322	7.408692800950534	10.153259618886251	7.4376141740862085	5.893249585739536	6.1534436402137915	7.006762820586734	5.596551373892076	7.130924939161385	7.009434493401737	6.33525812965071	7.782684034835123	10.414716199911759	7.158350352987084	6.763583488114873	5.835657907273332
439	None~A0A1B0GU03	4.750278043448924	3.731940255601154	3.69677527743474	4.0181184898826325	3.812209921779836	3.823666946200035	4.55916513580208	3.359343940468483	3.8788284142143703	4.4438787782375595	3.881441398907724	4.416812471776795	3.7212299091614764	5.707271179611816	3.7921111073938576	3.0018565615050354	3.757098701159071	4.440235158173663	3.553564964791742	3.139319798819535	4.086740090308634	3.878141585127382	3.440079876532788	4.162558669876327	4.873951232116862	4.49184783747281	6.147242817652014	3.586938946753726	3.7380920534024025	3.4277841849409962	3.211089637831854	3.132128320644224	3.494019703597009	1.0013947384801907	3.2772543347356216	3.4502658450252524	4.044762302863538	3.626159525693437	3.229050550338841	3.7004886133031003	3.6227274954069997	2.851596747580116	3.5775818790737786	3.389793984270677	3.46255257109996	2.770650384684418	3.4350572416681135	3.7819164546405784	4.182745167196368	4.087526129477671	4.161059283750965
440	None~A0A8I5KW61	5.566771311556402	6.39656728541471	7.057663089406795	6.766520517558698	5.825282673206678	5.747336208102074	9.418480221595429	5.185142206930903	6.204524578757756	6.1789817842238	7.012896606079413	7.146201026945987	4.710332455396257	4.341231046031262	8.386307872324743	5.017703010558169	4.197661700335703	4.938709699480283	4.081193603215391	5.769411323501622	9.719020571945462	7.387577074030194	5.339418223606164	6.247012637789827	3.657545466708659	6.896581302150686	6.055475415576286	5.04490418184036	4.620533634582726	4.2962915663037045	5.24097747303743	4.508765218077181	4.979873818512046	6.275659342495391	5.784350784931422	6.602470526542212	5.841465588257027	5.328808304808081	5.3276463837598245	4.491157660212847	5.1309136306223015	4.551926241698389	5.689855860944357	4.52168082521707	5.502171876977394	6.44140550727919	6.565179727515952	5.656711804949178	6.015272966118816	6.076008199256649	6.06232749127605
441	None~A0A8Q3SIA1	12.357564085300051	12.15703739844561	12.194942419398608	12.201177481631852	12.655251299885784	12.332026847920467	11.602359628897599	12.214474617164706	12.630513213923212	12.155087965022476	12.335406847895602	12.09305772267921	12.712224075828388	12.394515160375496	12.322000600950954	12.58444634579176	12.394899240630929	12.260002952636723	12.703681306897359	12.315649468349825	12.220644461363817	12.29754505492894	12.446086774425732	12.374250300064418	12.237002611436681	12.297844056981186	12.36944825054558	12.001160072395349	12.292336800110926	12.180444608635693	12.041487709666775	12.041088100616486	12.549527117519279	12.027396806447186	11.854886926065328	11.877911384005152	12.108360620291947	12.1538810219192	12.166035247621846	12.222925763785073	11.996624420152921	11.993734587457515	12.297117361700094	11.991756409990346	11.891780644458363	11.997044548684995	11.958741733932944	12.149112455991448	12.216518080844661	12.435184191108993	12.508469652129632
442	None~B4E1Z4	12.531982252081507	12.15419278221733	11.536898024481546	12.348747196699778	12.416711982132277	12.281518620059014	10.77034268532044	12.174237530673192	12.530369542808064	12.132731439141674	12.178724718127025	12.208088758592817	12.406550046773392	12.249934439762765	12.2202265667201	12.026617826413208	11.971348310968152	12.352575431224462	12.651789456960042	12.208469400950733	12.18618165870845	12.323419032945282	12.220856683645971	12.294744553561062	12.242136710809355	11.969326089233046	12.406807573690411	11.862014027251607	12.492999925187986	11.760405858485175	11.648449968345867	12.023082067998239	12.492122617650177	11.922702893451037	11.828432489511236	11.931895753489808	12.04155555366211	12.099004860381864	11.959560085879103	12.144668821853116	12.101665241262161	11.877203238515975	12.370870821139663	11.7219035628435	11.983642878553672	12.324042893831262	11.847052948109178	12.350112737063007	12.152772699678698	12.302985246288062	12.131772042212278
443	None~H0YAC1	10.126996805115601	9.862357937573233	10.034319070521564	9.886390501381026	10.075780741422271	9.824404187682331	8.394313398789476	10.246329906055648	10.18175478904656	9.864004921132182	10.182252185126258	9.661512929662544	10.112116044952469	9.707567036718691	10.170213139152812	10.29514547877856	9.922159080535573	9.982643574058978	10.008228047638196	9.821192603771948	9.863519152493284	9.975077651748023	10.282440019940495	10.06651609603853	9.954952037192802	9.502199197829896	9.634193313745318	9.76103457697475	9.776832588703313	9.90068838401693	9.840649820278129	10.039060104945358	9.881775669634393	10.100577008025663	9.868554126506082	10.18075432331239	9.856196966171602	9.797997382401217	9.445064368126003	10.02152359163884	9.744211262294126	9.833837840080822	9.79432017264932	10.007380813215208	9.79426315006869	9.99781614608324	9.98361513427192	10.075165903676455	9.415759817542359	10.147389409582365	10.484962497574779
444	OAF~E9PJ29	5.327698732801148	6.269562179404721	5.56190530612053	5.690001169543645	6.220305106494071	5.193943993943797	2.1401592613998037	5.6634959974217	5.354903760857977	5.273692888297018	5.176169952634697	5.684540611322478	5.843265423494339	6.209219227112719	4.893973315529189	5.451864458633842	5.364529446011148	5.4832385072268774	5.955824943034126	5.732386589125287	5.183125283334817	5.434567529407667	5.667562361486902	5.537209749067759	5.710087733362881	5.436370844236036	5.179265384979681	4.774476822945821	6.1734540460919245	5.785852527155695	5.143565852565819	5.526161903828435	5.720091315092898	5.671875540203186	5.534070583498225	5.683255940160149	5.239669903839942	5.960457430454195	5.656716277732608	5.6395419792247665	5.516016176493851	5.747222483580332	5.046291059859437	5.7847904810714175	5.811724323548661	4.826393218756719	5.422907461635884	5.8036743230397345	5.561819907448929	5.421052033672877	6.090686198717156
445	OGN~P20774	4.125789449159087	3.7251557008215554	3.624622346625095	3.4677760535181434	4.523095284178141	3.8459264320430946	4.193761758970422	4.356762111201744	3.109560646446074	3.5497376731238877	4.248834427760875	5.121788332984334	4.564450730334858	3.716044807851565	4.149353298155903	3.8853629168036443	3.844434055991682	4.24092784752099	2.9939001407851435	-0.45699624335132993	3.479066397017168	4.616371713121996	3.3024485783175055	3.6517626377129013	3.357432668891154	3.456008545797061	4.130748861435912	3.6450255279911783	3.2234056329298646	3.7938747415475196	3.577777663921715	3.9936184210686516	3.426846082909816	3.103387227218752	3.871029871556543	3.4625957540233023	3.3636068958818233	4.170051422260702	4.26210746559237	4.114327915646539	3.69388878594011	4.023593967341101	3.0902046726264993	-0.7463640909369154	3.9515571264428884	4.100417239462992	3.9072278256355326	2.943706515294314	0.9983301794851389	-1.2124440940601064	1.1913820173989689
446	OIT3~Q8WWZ8	3.9267917513060278	4.198104771343011	-0.6081056525040125	4.186653353569026	4.015530412739557	4.558852632531411	7.803719940246144	3.6570332645768424	4.250647848850574	3.8091793392715836	0.4135706272583567	4.21961951082505	4.553682840745096	4.905178467349314	4.553332699889161	3.6624243427964993	3.9208101424860757	3.961734410231793	3.8817268546956227	4.135294858772144	4.007110270787712	4.283714214223853	5.072729276059317	4.270453032766443	4.106428914730513	4.13873083261143	4.775909325729856	2.2334472058024506	4.056152958472635	4.481252401010318	4.234260493761203	3.4941134850579356	3.3513032226210924	3.8162426766662683	0.41730459619947924	3.558731792238008	3.359624374557067	2.161242743954305	4.0007166456657055	4.328655755013286	4.143002759494257	4.855086602710383	3.7252318544568785	3.8319748969786858	1.7408714752875682	3.238965617190321	4.081657018541961	3.605946846611993	4.0074952779434465	4.132229694813994	3.581436334261458
447	OLFM1~Q99784	5.980462206897305	5.117414028938515	5.638190841419605	4.707887471358229	5.750819925396249	5.110118776912478	3.9118223239013754	5.166366461070122	5.509816434329058	5.460247398724066	5.333128182662057	5.927771633671946	5.754922458806184	5.681662000881697	5.585056973430762	5.180812434826711	5.594119545094938	5.577837350544618	5.677042780923191	4.900994003332601	5.172201935615993	5.666412347177681	5.419368094595202	5.5834122190445505	5.863922616593688	6.175596299417879	5.6016039613460515	5.125859904701027	5.317047097323981	5.850444111184992	5.795108142665955	5.366320346408786	5.9875029122843335	5.729048738633904	5.654331190149319	4.850276511792897	5.515401358303438	5.70406637120243	5.818494997355334	5.349583331876049	5.6694521467667105	5.128587371071997	5.262955635629337	5.344576708676335	5.138737237408727	5.472470839593939	5.329824252859603	5.135309108155661	5.55642302554538	5.785199106600751	5.401276281019613
448	ORM1~P02763	14.649738371403929	14.63652461478364	14.485620392942364	14.40689539477711	14.417856634417666	14.597157355284844	13.44146933792959	14.190374346254071	14.824256652964808	14.311537826443546	14.660277989525524	15.205051188632932	14.56440804875109	14.393120833014297	14.227941835385987	14.498195004046124	14.99658589147418	14.410726554106928	15.230300923740417	14.697592370053504	14.235056219755554	14.28499391837563	14.234833653628629	13.991212495525446	14.066721044676147	13.803134590580711	14.88900590417687	14.251154135003256	14.257861708580691	14.349093968757495	14.511292884552375	14.288137517452947	14.719803863294752	14.112363778984141	14.421984795533609	14.402077061786036	14.566093186155125	14.13921142584783	14.3775374228017	14.5294555763576	14.70797538626485	13.918963023558716	15.236869810504265	14.259801295586197	14.997770673166116	14.701518519057835	13.993466397389362	14.489508069291047	14.035654245473514	14.403765822941784	14.497708116046654
449	ORM2~P19652	14.564807601296119	14.743965237674395	14.985560463161377	14.872055966613267	14.884266491334982	14.021333133134391	13.365357554856843	14.76325380988192	15.179380510672825	14.725440632125991	14.946199608532979	14.906489246935346	15.05857709617219	14.651076771336362	14.519744818078557	14.956436691103065	14.765259385978876	14.748422184224186	15.436806074404009	14.755435296658197	14.483734237889193	14.45273743147081	14.739008092660356	14.550313606587336	14.279313018998266	14.322523307231396	14.784933024078354	14.400551927861278	14.464701162672261	14.630252791693582	14.725322775800329	14.552143602380054	14.808377021339512	14.56578171538013	14.352475080564016	12.998427824182784	15.11755179382372	14.493854838594944	14.836904448777133	14.633008837858597	14.610722765918588	14.514214768065086	14.751984471750122	14.567513875832661	14.895971730159392	14.802809589428897	15.06906799450283	14.833395566638465	14.201361026023372	14.918691210255624	15.001904653916116
450	OSCP1~Q8WVF1	-0.19264272324898557	1.8971438441483353	5.520864182988743	4.432278985395621	4.160657307056077	1.4876669487468366	2.0972524184912182	4.794041285994639	0.7079671254863161	0.6654994758695426	1.180750629861184	1.5409385830245044	0.643306466182636	4.095053454244447	0.9255095953250534	1.5749505792655942	0.7557109099838462	0.7592820626838619	1.578317385304755	-1.6299191537993676	4.671026465277769	3.4225002267046074	5.156550055540819	3.854291535461713	4.576866733272805	1.533614469592628	-0.13758196565656855	4.531434768575377	0.5630995712098977	4.127307658178154	4.274958055775393	5.238005957815612	0.02835673868273736	4.220015285317811	4.617730765862071	5.471592613847071	5.684501873805239	4.422988022538857	1.0070169759726164	1.078578109304538	5.207888051009395	3.928235884497073	5.246836694951445	0.39981348898908997	-1.217567660373997	1.1767720236524941	4.648182009722281	5.029040820125029	1.6847339154161265	1.3984411160588133	-0.10376156367975209
451	P4HB~A0A7P0T8X1	3.3931867051199616	3.5316507174564036	3.9197663381992065	3.6350532644811597	3.3505459139812612	3.3740508596942855	5.814935132190629	3.1841295563331298	3.172310453160427	3.7704952325590937	3.305799169484671	3.338050545602527	3.071675446750293	3.245232364764448	3.3840257632884323	3.2706993965241242	3.1793890156366587	3.5533260196692495	2.6109086995083977	3.7719365267836005	4.5184053555766805	3.4500926299772923	2.736115852862634	3.804230793833652	4.128812946183845	3.833899880692663	3.30081866739034	3.9728579932509467	4.015332524940572	3.462892508052576	3.219438717993009	3.2062851110655672	3.1930232612151226	3.371624051702987	3.4167588781707705	2.809954332417821	3.166835792563066	3.3428429444214243	2.9274640394636786	3.067075694683188	3.8752797101787926	2.8061900802492907	3.4809224317619125	1.887457331346641	3.1615869292772487	3.0464567695017393	2.879319434048553	3.4473252943960246	3.5634006526973936	3.6993607454161395	3.322978457636824
452	PARK7~K7ELW0	3.982434681903816	0.7604583787576565	4.522576383223835	3.997119512605576	4.4138484373038835	4.170032161763064	4.962800094421336	0.5313476115913854	0.698680292447465	3.279677878245031	4.140460656405805	3.672478217237154	3.2433236403486276	4.126880887336287	4.483575819413452	1.1633006757053523	3.8306264200266265	0.9545534501642271	-0.31803027136559114	1.2432513624894765	4.580771738053846	3.8957158863775154	3.076668667975433	-0.06565332193404783	3.3272134035530603	4.075358690934678	-0.48573647795425434	4.822671572989282	0.17852570827780734	4.2275748161677535	2.518050029138298	0.33957763380883793	5.153740189898911	3.700052202418379	4.361090805513494	5.161222934485531	3.657584280662547	5.039051735481477	4.945220287661099	3.27222354953464	1.8706030451480338	0.4646611357203563	3.896758202595544	1.6479941364082624	-0.9904977259296404	4.123357176125646	4.172102873797129	2.21205578258442	3.275900699528444	2.790892626749961	3.800026290603085
453	PARVB~Q9HBI1	3.3533342333913514	1.150138993442783	2.9690780978365137	1.02171419441659	0.9451185494688111	-0.34476257987092374	5.359123656925557	1.896008501839246	2.393115070698974	2.998239027237473	1.4438628474680228	2.2913957037106565	0.5659673125324169	-0.1482942658009896	2.984795577477769	1.9716090801547936	-0.5929180386518995	0.4813818791521051	0.668454397279208	1.3700790065601525	4.2766590280045	1.0413727352177296	2.360014773503686	1.9267507689527936	1.7681963833361356	2.224106217455764	1.0127488165333356	0.7653168195541699	0.3037909212636461	2.294933468531221	1.1537500371953535	0.6415065157620815	2.394408997365432	1.6606343412175972	1.7074952108442207	0.7954817762685126	3.022869978464614	2.9923736878213787	-0.4901964050855623	0.6562212891649853	2.1322851918187755	-0.48844519704711464	-0.30829108669873695	-0.5048740743600855	1.317139313378063	1.7894951389984484	2.953650478454035	2.0999630215351366	2.3317707873403726	-0.6599742340883532	0.08438527063062251
454	PCOLCE~Q15113	4.936493629215623	5.16812318016576	5.188203524822112	5.160182728873562	5.619585398282288	4.961661293785475	4.834941147204908	5.266790114355948	4.526969227653996	4.5552625735979255	5.467536149041687	6.429564453081606	5.539321656542463	4.59798375872273	5.40248697907531	4.670067726435162	5.256804431534519	4.8650543411325415	5.334479119069061	4.7267398461476295	5.158644201093455	5.610344405481391	4.920904798156812	4.7978176420976855	4.965800838929152	4.815464312065011	5.049964843974681	4.728085029327867	5.2004655213337	5.154395846147221	5.220545423454417	5.2703834501974995	4.658245156902394	4.853017658860716	5.280210194661526	4.730319829272138	5.104954129356281	4.9200750324914875	5.102495575176101	4.771059910173697	5.167327331348251	5.40419046619904	4.7809645120616615	5.119639959687221	4.801450040781014	4.727577954268806	4.89643810313763	4.695510592585399	5.119897483985962	5.233313060249552	4.749650039954342
455	PCSK9~A0A669KB81	3.9355131805889343	4.544333645811012	4.287447344525525	4.371251540918696	4.529419472742425	4.160968683396957	4.4315194106465405	4.41876213094832	4.145611909855318	4.290773588478187	4.445513654402257	4.165652287879079	4.179572315796834	4.093657409007413	4.570028116529421	4.1615995375060315	4.454510409615282	4.071403930747217	4.299146937592319	4.000619864272721	4.1765312614266845	3.7279582513118035	3.6368285931039854	3.6469286809714037	4.878634335352165	3.9962470188854704	4.542940103095812	3.9398978633243122	4.8717461282309795	3.825748011045433	4.464364518653329	3.6666077095202136	3.84851788169207	3.8294757725658357	4.076562171734039	3.5581041939773352	3.680201004862354	3.816383024835778	3.5643733908413133	4.438195898337662	3.851912372506678	3.6365581351857545	3.3808247337843427	3.6523374456177815	4.09503075072281	4.081967070964328	3.6788500457057727	4.031132086620686	3.962406589987869	4.702180824891239	3.7931231181489493
456	PCYOX1~Q9UHG3	5.456411696801817	5.347006000365125	4.926127476585507	4.48295230820849	5.461771685734343	4.847215186532156	4.02979204415136	5.089386145699503	5.522767686079513	4.888280792535245	4.9163293377634725	4.050031626021123	5.1977980097665215	5.2667209267047825	5.159263443685663	5.358186506219651	5.511976875332728	4.747895479339189	5.004526183240694	4.817191250480912	5.05382282934093	4.184853102011361	5.218855861370157	5.321676840753533	5.714266168539866	4.73537329151561	4.32684062672887	4.561543055171495	5.734200422972963	5.252676403210028	5.150514762064681	5.235356914457693	5.245424752289403	5.049852370705306	5.174741790977761	4.7196042944195185	5.546582348434174	4.863323286651475	5.496087829735561	5.020254975878287	5.34813325439056	5.157007320317145	5.070982071253702	5.159383564450145	5.325638831813689	5.565997811908241	4.734633035045378	5.256498672474422	4.629303808278793	5.341056722859132	5.198083782893594
457	PDIA3~P30101	3.3524294153351923	3.8815973891056097	4.080715565448529	4.368753820562152	3.630651294182521	3.8004001104411516	7.056219950921532	3.7463021121762363	3.6286889366561925	3.9932663236347743	4.126636421487524	4.301499265046761	3.5564067699880284	4.021294665598043	3.8894620008476113	3.785006885362893	3.319352248357094	3.6117009291699977	3.29105361569999	4.182269767463544	5.516346513500503	3.5551138082129907	4.002101644309866	4.014295509887868	4.045261068309378	4.105553847367401	3.5708530669499345	3.70818162308557	3.7323971478845803	3.9924987713418014	3.7459512325644173	3.52097661107342	3.289964549944014	3.684099455751731	3.8004329940505537	3.4825006233260742	3.591463337592589	3.8569580355614757	3.618345395171894	3.179232121360336	3.633075597874861	3.058318794747214	3.7080099190381213	3.424455931596923	3.69825075654242	3.9291776666085663	3.942974394737657	3.939819507656705	3.707425171907294	3.389049263843801	4.014958965394977
458	PDLIM1~O00151	2.6550868471653146	3.1454809968231974	3.132043732100568	3.3276726955572937	2.5273535088420407	1.6695145181286035	5.915208691449749	-0.4751931082005938	2.968381684386071	2.9410446502654577	3.241585647150214	3.31541121566562	0.16163425033013823	3.18983239938285	1.0050264681749104	-0.6591396451191975	-0.4068153290258705	4.142574375052923	0.6611883538252374	3.1390586904616544	5.584000682505724	2.8867637165256284	2.922143651515703	3.460681984635991	0.8181451984561166	3.1247484498580063	2.5579502307098183	3.2552375522267845	0.864666276910494	-0.3266147483560786	2.4841833066420933	2.2149824574040773	0.17399134909796754	2.8891277421573243	1.7364178286375664	3.141759002796018	2.5662531358715706	2.5949013464724175	2.3070042528381394	1.4556965539676316	1.3850086587284898	2.914807734816539	2.991149856074867	0.8379108145013056	2.9594228269372675	3.164829914744198	3.3352479055601494	2.8012423068194923	2.887404152685994	2.957086273054715	0.9706630602714524
459	PEPD~A0A494C165	3.6537181498397544	3.140457223791837	3.081297482308952	3.0867949893428897	3.278939279133753	3.2614365764330207	2.8797486005427224	3.0880545020963077	2.9263555416171023	3.602520818476461	3.1595695778973307	2.6347779322066236	2.926411285363843	3.198286158790222	3.2772482324554755	3.0600777644771333	3.031128383770128	3.347404694810937	3.204170661754208	2.560292713177308	3.3054816332071826	3.240550579572698	3.325077440891688	2.643925531513104	2.851846813590275	2.9473072397568307	3.2163551069476366	2.9269667952718286	3.4520104308263555	3.4228195835465667	3.0883638298736136	3.5907352855446035	3.3689928806902945	3.0970985252812606	3.2713071419775144	2.714327909744512	2.843207235431237	3.2560543138158287	3.4688806662708602	3.0205223865449877	3.6038503135606765	3.4059110258141474	3.2620065007235772	3.4912997105566625	3.32961515361123	3.2136364580339913	3.412376151307471	2.886379709078185	3.0507379642017973	3.379955501830595	3.3345767741208325
460	PFN1~P07737	5.076519440557419	5.259044255641677	6.154661146129339	6.10206156019023	5.1477938577349915	3.9854872414336366	8.466578621207768	3.999785263680098	5.561059951228119	5.399491379619744	5.6669729000506	5.850614266175253	4.469823256501542	2.1670373912068155	4.500547967945602	4.3348335644491005	3.6302894580760747	4.384280226695344	3.0745772615863736	5.137968927535739	8.153127851380896	5.46148032159202	4.879177690386487	5.0502012252343125	3.908492767394689	5.74396544305468	5.159188286120993	3.594343969085863	4.271914916400449	3.7956501921996364	4.305919653566741	4.267165156602692	3.9672022436041394	5.221627534605168	4.4821496391614986	5.2439944354528025	4.989482422344092	4.909392217681989	4.757393163272647	3.6918197535100834	4.54864261286695	3.5777140569261388	4.591306729530415	3.7399618580440612	4.509727654296203	5.282599797622038	5.548397676714611	4.801878934039723	5.129591805772099	5.362533408395652	5.214080284881092
461	PGK1~P00558	4.2559860495810735	4.068672181606007	3.903773565129901	3.9852493971811738	3.3289156551373513	3.374332164809645	6.597827629634801	3.810152576651537	3.4222386838000483	3.8001743486702626	3.549578584282594	4.147662987305776	3.636868742656754	3.373218034277055	4.803646735260346	3.110031294430584	3.5972890023273543	3.188525915485009	3.616018284258964	3.518885189557787	5.255855704886973	4.348016650126329	3.9309888501326054	3.952225708329099	4.034823977064828	3.957925219463285	3.689596550546221	4.561271627777497	4.699601045765996	4.263353885558882	3.685783725821083	3.277193878449285	4.027925732926681	3.973811382448966	4.7309604467468365	4.6557448127688374	3.8629883057828023	3.92204127125088	3.5158148346462434	3.8841842165060934	4.295065863335653	3.9529730507637773	4.055968175521332	3.75359402061444	4.185698771205188	3.5977812649051715	4.054307872536727	4.267760821692704	3.5947363423822507	3.4329456740775846	3.9732253557061004
462	PGLYRP2~Q96PD5	9.461362285507672	9.368063187099375	9.624187362626161	9.662393047992223	10.293332858878037	9.566964157309508	8.200475698945564	9.39619122867111	9.477825819068679	9.675391022473717	9.726508493684577	9.260213341093808	9.156436333935751	9.367238630262554	9.524584636036336	9.625553344952388	9.843053845434502	9.374796331002033	9.687137503787957	9.411927024006488	9.17769994879537	10.156202844798242	9.76005504157414	9.218042719191583	9.790886869984861	9.491268389719004	9.186586409796515	9.347563655157343	9.473634783623435	9.854993708966203	9.631785873332449	9.765586886513864	8.504400165069706	9.830857425649192	9.859444453601244	9.650686062785097	9.415921477204447	9.906864362283	9.840664897495978	9.238381121699655	10.108157992477214	9.765096164411677	9.699621271955028	10.160845463937596	9.638047623747532	9.9905573288484	9.726801679359314	9.753030525585867	9.569423146549669	9.51406315413017	9.554553722878717
463	PGM1~A0A3B3ITK7	-0.4104539433243093	1.1072351175968782	1.00072799083902	0.9599483553694026	2.249727175578365	2.212069720674176	1.4635696473590278	1.0298715536570573	1.0482319156865547	0.7858145213317747	2.174195462918821	1.9906976116766604	1.1768842145670586	-0.10577222388129504	0.5891998863265103	-0.6461034879879883	2.1894403762087986	1.5324266768216848	-0.04289723392985567	0.6350855115704037	2.0605387760744254	2.312013155963779	1.2861306063840356	0.6225688096457559	1.214631134233306	1.1857128337710772	1.2136369029672232	0.22807378847110793	2.241711905710732	-1.0244389082486207	2.0316444482722167	0.9199913206904701	0.24682649527608186	0.32573373998642874	2.8040843742352948	1.7650293728293474	0.45683440407959897	-1.2289170629263007	2.325057552401971	2.594975113709717	1.4223161895575143	-0.8185157456113192	0.39568160714598755	0.3003889794076041	-0.024226792413924114	0.6902105178629107	0.49177902421792624	1.2476662059766102	0.7960132613887497	1.7490078177537738	2.0666357817426384
464	PI16~Q6UXB8	5.567607989484998	4.726959316078007	6.611896639808991	5.243431005960246	5.153078976805077	5.369577645226018	3.620124494581674	5.573485512937287	5.047485408813719	5.693965119629835	5.239494956981635	6.375236613593135	5.04495436131104	5.460990627357598	5.166117253406361	4.9544759825459215	5.5851847998337005	5.003440877908497	5.3691512112462325	4.4592024570078355	5.183407616467776	5.895793254329757	5.6550678272755945	4.83120275310076	5.062704465143802	5.345641169116685	4.956680839209553	6.052009597007388	4.956938767151382	5.971728247383953	5.908124948704049	6.224572447044372	5.765442014384083	5.45424820442919	5.940675272370288	5.41141038702855	5.552012345313214	5.964613292887903	6.3685697372466645	5.582200339251538	5.651182891718517	6.156491575672212	5.230375251993253	6.079995120258901	5.033760394669155	5.203375188527421	5.5440190925126736	5.976473312352044	5.600291111871777	5.492123229029689	5.264992875547285
465	PIGR~P01833	5.883474203180916	7.048531441333072	6.183485763301069	7.399505200303686	6.438618903992065	8.772491780884017	6.414479694716693	5.339749986198229	6.453557381307589	6.604197571514001	6.275646698194623	6.900356808717033	7.368285174416918	9.766580568024024	7.082583565280531	6.875663590028821	6.858884226146242	7.139079618351951	5.006423505204494	6.864968885877325	8.08724090586125	6.760832105531808	6.146250135080332	6.606480105613018	6.502246552748637	7.812255759609164	8.061077453410975	5.7809424920831844	8.557937497048409	5.357958933679649	4.674964941545668	4.991484045888714	5.776981641025547	5.1374305387207215	5.137386132997469	5.795792458845078	5.400268131329367	6.017841969945139	5.457704880508781	7.990618003327396	5.2483729340525205	5.4001486282084405	4.481782313156783	5.838209364706283	5.332625284007471	5.900744575668332	5.219488201943224	6.027754338119178	7.9101262004689445	6.444447492608047	5.669893803692362
466	PKM~A0A8V8TNX9	3.2418782941258493	3.3061458470778393	3.444747623743223	3.517112118672613	2.8035846608278185	3.008211802111356	6.648160171424958	2.574546987292197	2.91391165555894	3.519357664663192	3.0164699667785686	3.2412558390843778	2.7541646372589597	1.829682062228825	3.397621498637394	2.216556416262017	2.722002409838618	3.079919785389803	1.341873986063099	2.7530347095031504	5.048025487861449	3.137850136594082	3.4461570887408053	2.6115745303290208	3.6104337385816523	3.427533828288094	3.2124471061409103	3.091812416345478	2.731636823197496	2.823802104576986	3.4840531130154284	4.0395923031304415	3.086152750456046	3.2527123462991083	3.0528378291113296	3.707881785658871	3.4143705253948378	3.1167139039524643	2.831236681993529	2.8591101826029837	3.0707228701574345	3.1945633004988143	3.093912844809539	3.2510191620029047	2.8797441141650153	3.08084777337033	3.3511565386008355	3.003037110249305	3.7202740098579867	3.324281923207431	3.6153326097841014
467	PLEK~P08567	2.194873154616277	2.9512869385793303	3.4168482856249134	3.6905356896808117	2.408111497892382	0.42657355449720463	5.271478416095223	2.677617283343771	2.877393390759539	3.271374970099794	3.0071877938228244	2.7880992754551293	2.2384338963540333	2.253708580548169	4.272639893127416	1.7005094620349002	0.9760718478655525	2.65678053155434	0.8913680828699883	2.883920122671066	4.856086851882488	2.949364993017882	2.635391764771549	2.92742018250793	2.9040884571449785	2.9749078242098372	2.8035454441747256	1.1562083206435507	1.799309984675939	3.913823021142923	2.15965383477225	2.886301648553017	2.2170271631680856	3.285578177251938	2.475225045712225	3.14593370019068	3.212166985088611	2.9659381087510446	1.125064070673476	2.6904731349442246	2.8633415320349753	1.9407080659868934	2.6392199107446386	1.961319151417744	2.712254938002242	2.9518384664727892	2.834565081683523	2.9868265330387733	3.3198726081043444	3.023975108604984	3.3367999108385646
468	PLG~A6PVI2	12.115111138979575	12.086004176812255	12.121180621361116	11.84583993189351	12.439259078061328	12.181982966721577	12.102922893879459	12.204483534209768	12.302423197023915	11.946396231876411	12.026303583461807	11.521555393137362	12.085083716206443	12.073357575622172	12.168359492421313	12.268519299248167	12.318275654565989	12.13888125973189	12.291148211008109	11.8932575489276	11.852914062326942	11.847423861224277	12.10474366533482	12.218065637126857	12.131214062117236	11.946362853315287	12.095784606415036	12.272152343318757	12.144930472367227	12.150174309602306	12.273284532966958	12.25101988459006	12.623019989066696	12.30690360119585	12.34586270884204	12.239196726381204	12.394837632461883	12.12648896587073	12.136640569465165	12.106560224910368	12.160527444495166	11.89875802383401	12.363313731764205	12.280812956692154	12.425679350990194	12.182845622129786	11.990767298420343	12.586206087084964	12.013213952996542	12.26566125500986	11.587036037904497
469	PLTP~P55058	8.118228061878776	8.014985007078248	7.806623958059239	8.099039865571182	8.011799841343437	7.822719218800674	6.538213921250573	7.846945862667096	7.590453990327066	7.229894909544881	7.547727211492632	8.736999818307785	7.815879974082357	8.277757329305471	8.122169681990782	7.550102195353253	7.8104043399304	7.5801151185248665	7.460927154814676	7.502191426617837	7.70934469301269	7.9408282132790955	8.0052765695982	7.668405144717511	8.316877697087563	8.421007974524498	7.77925456163519	7.864215338598413	8.057174875336528	8.640351304648176	8.138319303836704	8.143668761476421	7.953447381236886	8.251606361473536	7.742801186103125	7.602350113278692	8.103106723706679	8.041230675642415	8.095742440819663	7.930944198125119	8.198250033026493	8.038003159815329	7.644395426579877	7.985113083804016	8.105743255928864	7.727660315464118	7.86680586092062	7.760562099398648	7.8739896131476375	7.685671245684165	7.8256924113120485
470	PLXDC2~Q6UX71	4.8647716112683845	4.230376424794957	4.765212941051812	4.7596772214563785	4.874479092875407	4.6218744691257125	4.261542602552579	4.680582300247229	3.781804623445125	4.974993221699538	4.520561734325947	5.233466230363782	4.687209602674827	5.040002530740445	4.871190000215375	4.4417020932404485	4.909815278294009	4.459781920399944	5.152073432634517	4.234597166898419	4.572105746435583	4.905159274124799	4.725873590845838	4.5779288345132265	4.258931146865254	5.048403389671595	4.746457222569327	4.9841034078737625	4.8693324309316015	4.781583636319237	4.945629133167769	5.101691847559175	4.826185650706076	5.289560493663061	4.24882284879586	4.5102759497547185	4.577807622766969	4.9791538955153225	5.14170257046483	4.854621788840049	5.055032151880259	4.858247602904905	4.292116858523714	4.68624948414057	4.536170839935194	5.110433765516474	4.748981137048399	4.48075236586073	4.443399513853157	4.5203734960542015	4.695346932655894
471	PNP~A0A8V8TL37	0.9514270975520733	2.1737115955568105	3.3605451875995387	3.3640558174683175	1.7752202337820335	2.4939886859910367	5.75121376351677	1.988093487013968	1.6265223989639261	2.3265740438885114	2.180443091006656	2.219870574401006	2.2190153023320978	0.576956526951011	4.705431586629535	1.2336347005846828	1.624057589499901	0.5565943837636612	2.943995022198455	2.48437622038198	4.506721008588855	2.7472843672247285	3.014592800197517	-0.13534643146776382	1.792786621196796	0.8332613955057786	2.5300512151541703	3.349184969111611	2.0432691436327244	1.4108920126767643	1.480649159650456	0.29290044348141986	2.5630036958447997	2.7774797755614347	5.090051830008575	4.210867206682959	1.8629215461372706	2.741351357992163	2.7828560743632176	2.545210895337121	1.3640082456144913	1.0352273723843641	-1.0710929348221263	2.725392471348628	-0.17095079523497592	2.1048108380392048	2.2977195386212355	3.456906330501821	2.488806966974131	2.93428179962743	2.8717782710655824
472	PON1~P27169	11.180405453295792	10.816804866150715	11.301727547880603	11.421648690677282	11.990606578370867	11.147944274204605	11.027701700981252	11.678516218359043	11.396189791157067	11.486429481493476	11.312386798460144	10.891255832092208	10.963498765791439	11.193964441316341	10.729790931921283	11.373721052486236	11.641306503519353	11.283301761359624	11.187862038171547	11.265044113190955	11.02575699903893	11.147731451253074	11.488310524624284	11.147144356658977	11.904126963740357	11.210514247875965	10.594441702226217	11.288718393037483	11.489257294651892	11.523498904343915	11.197404341811701	12.001616590769432	11.689900745059926	11.580107870924682	11.428150052014965	11.380526592990371	12.045481557019288	11.366266845192941	11.492274476360706	11.582752436895198	11.620631846713803	11.23664110156441	10.619497077858226	11.373827766972603	10.984857189943813	11.130825672292326	11.513213628720582	11.274224288542994	11.569434156697227	11.359567943588521	11.883408478057135
473	PON3~Q15166	4.361672356446163	5.0000182300458125	5.206014674993536	5.192578325631766	4.84756149544027	4.5654447260966355	4.613064724277137	4.492218234257613	4.41834947724667	4.085652529370142	4.635762174889915	4.081463283205242	5.12439460397662	5.200457738405593	4.369387942269718	5.0148248347702395	5.218997866643865	4.834657853620472	5.111762588345467	4.603082066233064	5.371481679386338	4.783145526305388	5.089643146909966	4.630009325500016	4.798164836292331	4.409848102841246	4.472712775396562	5.22395676244427	5.699511560008913	5.802627785546995	5.642075166754494	5.737019526917411	5.312163659210729	5.631791644990792	5.6728916565726575	5.153956920193871	5.326161044915003	5.953411145758885	5.054900040239526	4.776195253993982	5.448555190568654	5.9060861346250375	5.707069658708997	5.7205579238045265	5.139065406161023	5.467708526121206	5.1543484053068225	5.116404249967933	4.603567602651677	4.715975601564587	4.696615899460978
474	POSTN~Q15063	3.539930625491553	3.0086777196050263	4.015530582880758	3.45665972410399	3.304807924337691	2.7847850905132745	4.294390497234466	3.547250874274133	3.1811739481439556	3.5096470831974584	3.5351996614738987	4.427303252042375	3.40337928502439	3.4896698797125527	3.003537298687061	3.3416324251433736	3.2478592980805243	3.316965367989873	3.638832383743789	3.0872308685888767	3.0260570042612582	3.4422731850423456	3.3441573160515494	3.4361109142637716	3.033894960255784	3.3427242843674283	3.2886022366294103	4.0115386570631895	3.8330185187057655	3.77247879315836	4.019537453179986	3.3653012141895293	3.602623209248666	3.6584273542084813	3.5268979692401783	3.4938835386718976	3.417351260315159	4.2637591879459755	4.224160400276232	3.7602154836271677	3.61258721080578	3.315720908847413	3.2132797257373618	4.030057187757737	3.1343562817995134	3.757253774393734	3.316292581757831	3.491515267565275	3.5960515234660635	3.721298655230456	3.665617947941506
475	PPIA~P62937	5.080588712511125	5.094633461779856	5.601759568986212	5.653998525968393	4.589680059845642	4.416912310325048	8.452434559055959	4.4160734517063505	4.965820474861352	5.076890278902449	5.16812394548813	5.590870602924819	4.400443784251231	4.045750830851942	5.796827432506135	4.023612070868333	4.493234166627814	4.627841209737892	3.8782983067441705	4.583823411347913	7.528841811193193	5.161196173323002	4.852558940181587	4.972083535963693	3.984919668727953	5.8451091622871605	4.62386854395588	5.341481089691915	4.4140019211233685	4.785394395513009	4.733144242689426	4.311312615406379	4.82092528971336	5.192035550174586	6.379374136188554	6.0877823294040825	5.14068703486859	4.935833537953939	4.89792298672985	4.294395966487953	4.520250108727855	4.3212683561998295	4.361631130813201	4.694166034409237	4.684804362620661	4.845751034189997	5.4127502096224	5.351273698268053	4.996181838637407	4.68260331738382	5.083811544976682
476	PPIB~A0A7P0Z497	3.6943798875476923	4.217048617634888	3.4500232625966007	4.098610591914705	2.802655195624917	0.5978476326705303	6.3459273914839205	0.6474084315240132	3.4732947672059646	4.109284051202251	3.6360109804098832	3.766662248819786	0.621903551621606	3.6842555130979107	3.39199976042161	-0.868938782353861	3.435060549109902	3.8016620860735695	-0.2823885290823893	4.210916242548283	5.717101649596374	3.3799396423022023	2.873816092732693	3.609835563207925	3.2728127173160617	3.667632955084365	3.9661807423760433	4.054809806664666	3.2061179953094063	2.436698081445893	-0.6121617020993171	0.3877155869271155	1.7634695426026763	3.7926716582338225	3.684960557693598	3.6734549819293796	3.681179635666714	1.3881162574726944	0.4307465343779337	3.034885252332714	3.9447894366768184	-1.3198984771380662	3.44859526590349	2.304593357181894	3.7888661621418933	2.8431149157809243	3.2883451105175934	-0.17573609055830686	3.7714826185141113	3.361068577691575	3.4114304302005336
477	PRDX1~Q06830	4.882989258448464	5.064895023827585	4.943370014932006	4.461107944254283	4.148705895165765	5.234434176037288	6.816969272738072	5.164212443414125	1.6751940378602372	5.101446281654015	3.882382125171718	3.942043458852627	4.702216659399775	4.449886910092712	7.002977213283944	4.071269708666068	4.934819173697131	4.843407193150896	0.01950773514134385	3.9292805351377824	5.168381070821652	4.7167525943972315	5.023742680239533	4.732168668063093	4.134548683441876	4.388646282306668	4.281601533363843	6.199988739498265	3.9445323655903506	5.065896639180785	5.5729873165759845	5.195600944822816	5.0818512153566715	5.106548404288806	7.4977637791465375	7.065864763879287	5.364576867103803	5.271696540295279	5.255309425332819	5.06131597688298	4.298711050354029	5.291028595398518	5.203536797527261	5.55098064082007	4.943525442604973	4.577879406238028	5.078248390031487	5.870137884564016	4.292527782206948	4.538801693943515	5.024934198396958
478	PRDX2~P32119	5.192907112708696	5.392708376453574	4.665567748114847	3.7506133575485383	4.19664924856027	5.074264309930537	4.83867776475906	4.928207596226993	3.8263071883333253	4.888757181602697	3.5407954235913315	3.796475955486865	4.853177038265645	4.257329569747032	7.716707177530043	3.9852961351955467	5.012266136448459	4.60844603726669	4.4831246988536915	3.645343664239505	4.280429551594806	4.360164445323121	4.859579808479595	4.79412489814319	4.194138683270615	4.2001895010709775	4.022776364786177	6.4226513815023365	4.461974219704141	4.888033060079635	5.623989852887744	4.533840266576169	4.78683434630976	4.723784039275024	7.814966904098766	7.507529966750945	5.23463984845816	5.423446030964344	5.128150277910582	5.204646809967374	4.174049435614747	5.008733790538839	5.041017058562263	5.44965660499369	4.281071853235877	4.035632265546536	5.046565511315228	6.290771198453715	4.059029837854141	4.522048792230386	4.764482273865603
479	PRDX6~P30041	3.6821356299522767	4.241018511031321	4.264826269066331	3.5328709646982013	3.4644702191267087	3.453016244090952	6.575201181752142	3.3067798623445577	3.5260783041232275	4.422449282173198	3.519849896647256	2.9175230492242363	3.8175156631045986	1.1183467507825762	5.105034084842267	3.7416651996660892	3.885031059417938	3.3978263225957073	3.462571292179198	3.611478401268054	5.343063693959066	3.7707375811215167	3.4877146908715266	3.5069054691894244	3.9695383809781872	3.699673477509382	3.675474263734009	4.701418258538492	4.019186873804698	3.778427301692519	4.171454301139771	3.7343819601073722	3.176935381736188	3.759042829914085	6.071880645556526	5.579619897145099	3.4448138337427503	4.30416189845814	3.694093325624511	4.027251169993822	2.4493596346980597	3.513935733116424	3.522876734115451	3.7123265273057404	3.5927770570296835	3.505867874181355	3.5960074910167643	4.703304272978554	4.11843815234636	3.590387969942161	3.7770259020830594
480	PRG2~P13727	3.9153940825340254	4.104997305869069	3.7259200718435728	4.873559762362217	3.329267363201606	3.852332812581066	3.70555118454891	4.139784273728196	4.193677249462548	3.865662296492718	3.999067810906847	3.7936338678020873	3.861807073886724	4.456355167180268	2.616531569168491	3.2056135491013826	4.2361307178467476	4.0769638155508146	3.2636256756638757	4.399587730499949	4.1246143677836296	5.032101737981126	3.5105485706722654	2.4865046082930875	4.440460001718493	4.132007792238468	3.831929488188457	4.2980015782946674	3.8311447531456087	3.5780091374476237	4.134318049101307	3.194719588294056	4.120129643811877	4.230072783926345	3.921150310744145	3.8823756877611144	4.072612185578039	3.876492778043148	4.033369562518576	4.236826173243887	3.894588265280027	4.0751869629791795	3.7008209929803435	3.4884797019462868	4.264638312715728	3.3535090985422187	4.376313280962577	3.654624338781421	3.9637914543912465	3.6862655162919684	3.538667441429051
481	PRG4~Q92954-3	6.865878795120575	6.908042465273804	7.450194975393673	7.505190431806681	7.541933191850324	7.235698590038421	6.396021330728776	7.7919068916207	8.480490942874026	8.11642852340328	7.544562411653971	5.456054808583921	7.836032628317247	7.0984928525769595	7.144832631207652	8.567145253269242	8.176789327217547	7.772745571808071	7.822460940202405	7.061164988028586	7.067366738093807	7.440869421006869	8.034249373831113	7.9113070391287055	7.737720813057181	7.755953757187051	6.875990112166366	6.503469713671795	7.236984662135013	6.591646862432374	6.973130654706778	7.452829411666294	7.242370220344599	7.302335056316929	7.170720488488347	7.016201123601604	7.0253322227989266	7.190350532003364	6.6325940137115005	7.652232504447619	7.297770046802094	6.723955958770913	7.548909373106757	7.338920640588917	7.3366780289589215	6.533450936687477	6.818111790915335	7.078717963433019	6.959250615710347	8.420341656733436	8.284826782462174
482	PRKCSH~K7ELL7	2.2429855099626352	1.6544390766002908	2.5906832106644733	2.6531665297661404	3.1837899807126298	3.04230880866489	5.051201305578079	3.3687603469634655	-0.1482971724209735	4.4939960130447325	2.1750775619658738	3.522164361458157	2.8917651651797884	2.8912202258220185	3.1680666982542594	2.7652317620521165	3.3888136357639005	1.3115261856269653	1.1847230282035686	2.5175860156684027	4.671930918421309	2.864790404985778	3.0092742162797452	2.3565562086694616	-0.5749565839083244	3.4897957877574908	2.812525663955921	3.5329601149018055	1.8804134388626421	3.0328977680744993	3.1392891026640886	3.330520165353279	3.712035319323991	3.342004113637641	2.688514450302795	1.9995215509300166	3.0680840005070644	3.752303972755412	3.0642376954642736	0.41784773077805987	3.966416910010419	0.7693983770695274	2.249240067087874	1.9269171337930415	2.170140769662146	3.0204082725197847	2.873124806976172	2.808496827928987	2.527776338540724	1.690150620641065	1.8415364193522215
483	PRNP~A2A2V1	-0.6273862588834382	-1.4879859124715247	1.2245073598297038	1.5162179960036948	1.807689678898897	1.5450999309286293	-0.04913070460061708	0.04486951098137748	-2.0483560167725936	1.727648371824379	1.807549182247519	3.871011911215017	0.9627962771248135	0.4004998828619788	-0.197933593667047	0.9411480197193248	-0.22563004139650278	1.0717876018613237	-0.06597061285109651	-0.6022261888146789	0.6237814898620525	1.9098495132204245	1.9711417016454282	-0.6410397708660016	2.4344743774730486	1.2103247565050146	0.8810966857077369	1.5254495819306735	0.9772833692451084	-0.966879311902868	-0.19987933221405685	-0.18385115376816885	0.5975944676917151	-0.1831330310194379	3.8099880009643825	0.2275622489433774	-1.2469063814927952	0.7389729728097016	1.9927351642738451	0.061044866629363925	1.220091409552715	0.6199357664627709	-0.4951981827231233	0.18615058198838952	-1.3126669042597343	0.6026251307962699	2.810351087863548	1.075419523728237	1.5910856091641845	0.778708722289558	0.417489388620187
484	PROCR~A0A0U1RQQ4	5.003902506867285	4.191556877373176	5.494706438385316	4.687781566301653	4.603578355280955	4.313069298890643	3.976778673528473	5.010439151683016	4.535998742479987	6.118173712229463	4.7808625166980026	6.369313119226914	4.847891381784885	4.783112546108183	5.510420114443713	4.147610977373826	5.343006882656056	4.329628428482755	6.154402336303751	4.824737954796593	5.614508111911536	5.450518077421162	5.970115723253779	4.383327504465564	4.526893910866121	4.874457610667427	4.399529581753493	5.828683504020298	3.9676848466634533	4.478343535168132	4.994185777080176	5.534793247705138	4.199145565261191	5.9044618083183	4.459882955585303	3.6157582624186895	4.838505618965104	4.870635727025964	4.835085665286968	4.535017715258204	5.122476363275776	6.184679096765817	4.98161840696531	4.7769424974622705	4.7853487938762385	4.795275634921945	4.894905538270361	5.751406657960831	5.243920224661106	4.714894254137695	6.116496582034293
485	PROC~E7END6	7.625596596289041	6.7940543786083465	7.234646864484124	7.152341326469368	7.687448945143595	7.3504616091409405	6.646550800003803	7.283817768142546	7.355471545419571	7.524158358328569	7.220733161678102	7.1625809498283735	7.446929436941568	7.016376787087121	7.511616584101131	7.372597018281034	7.474509663255207	7.570026494654506	7.554430414023803	7.148890963574799	6.990382302002965	6.8061645076755655	7.347785575596462	7.446715694360583	6.99750409381028	6.612813503966638	7.023511737245937	7.018049874399996	7.4886232419278445	7.458363304739211	7.345966497364909	7.576010605151142	7.822195320121434	7.646929998987604	7.349127453234778	7.380478107914225	7.266734650139058	7.09476262892314	6.998900698136759	7.116679324990579	7.441893663969894	7.532840771247093	7.547147890390877	7.226125213348255	7.253900273821626	7.22741778743245	6.969040671415783	7.401827150294726	7.259449477312097	7.713160983906445	7.659207970407236
486	PROS1~A0A0S2Z4L3	9.080097621430482	8.899124364907331	9.167656564073837	9.037345192259618	9.608146963119633	8.857925769848359	8.634490914920828	9.078297911744157	9.364726600660669	9.243914705897879	8.740840795099226	9.395867098348688	9.228788164398955	8.885660629593206	8.867081497848822	9.343539926035865	9.048944787702203	9.309035386365348	9.690689880318983	9.01643511011681	8.501000844012534	9.034058740382596	9.251222194757032	9.264242565223208	9.090116135747019	8.996630626018383	9.01011145923156	8.983988724079978	8.789334139074692	8.858965585926274	9.055977109171751	9.072331849363602	9.01471588701389	9.179703056693167	8.973895969249302	8.85572889862928	9.166293511745366	8.921109167819596	8.935235653868896	9.096197989290149	9.014447057276643	8.850126352147809	9.027729369459847	8.926689428950887	9.245933744553247	9.111675523831892	9.062045478748463	8.934177847011384	8.73571900705103	8.939685109708691	9.405774593735723
487	PROZ~P22891	5.906752911193962	5.157544930130577	5.235403810168359	5.67581783885963	5.530816607268888	5.308429999040722	4.237238996035884	5.5397864223456335	5.168374949322434	4.8111181005238	4.863224587416203	4.151961215061751	5.9355744163338064	5.732728674321777	4.9078226697315195	5.484836044094115	4.309982391185672	5.892483710582675	5.1731917222900785	5.353186409365541	4.457135731838167	3.957751501165969	5.096415977318199	5.501089433573821	5.696329675238516	4.839114288253018	5.6092653249546345	5.692562082374659	5.968515720668363	5.879722710212651	5.247532080193091	5.2600434530041635	5.833472875353492	5.481841303421562	5.508523571742387	5.660242839230756	5.227374450955546	3.6227632366442344	5.615527491661022	5.13215609724753	5.886011978247798	5.372247213880386	5.6694680422744215	5.821989190138631	6.015525818919557	5.526560727162337	5.526621257474531	5.468545493377999	5.651693343227407	4.1307750938242105	5.560500770621651
488	PRR11~J3QKY4	9.04974155020826	9.700741635164533	8.091973140627422	7.587970206276242	-0.004122290937789708	7.483559706000665	11.888915633427613	8.418199286782627	7.3453378332313575	9.256812492101952	8.299863251228611	8.759858120261894	8.874341000787545	9.033968033686456	9.827652923416359	6.9818508420282805	7.84064357807175	7.1630665672929235	7.878660432294372	8.852237454978008	9.491871685623552	0.07489108939315536	8.052046922460624	9.300909274078327	7.44934048947726	8.6146197645122	-0.28391422996720184	8.072845212437743	7.9460154562446075	7.704318238667353	1.1897212916607631	1.4361298396303215	8.942493207297984	7.043901727185739	2.087102796939281	9.335504985362054	8.338212444494829	7.820260391619342	8.895159768799957	7.654291523645951	6.8030611587489815	5.826543541455368	8.015731845869926	2.36084860633495	8.668891366625493	8.3639958178774	5.955308376414669	1.1600858624177648	8.397662883514876	7.386026392331197	9.059994288307928
489	PSAP~P07602	4.188252431411958	-0.6617503734640648	4.496761880262783	4.432258974876203	0.3339436351793049	4.752181858002048	4.250752936266109	4.223474277853549	4.146348657119001	3.8357994628658165	4.877595967544973	4.54959844197209	4.744258490935092	4.726342803399307	4.995515813989227	3.5026101624466195	4.030563082662017	4.9129175610899924	3.3689818275299697	3.8303883169225226	4.535514956836958	4.8635295500331	4.521371118785578	4.501806699291337	4.117919208205325	4.158726782131082	4.894504171615586	4.47307647035162	4.207696250908591	4.596782129410391	4.766028596001655	4.073577407669164	4.187061446938909	4.15948211760813	4.637345585229052	4.5551815797124275	4.183536193021808	4.143115676025795	4.5742185081531375	3.941731103262233	0.7298007669038422	4.596980101647114	4.289358423078073	4.818951415640255	4.53052659668221	4.208587131144563	4.290207885789161	4.40553882530932	4.918444459863249	4.025635526479251	3.983594782327884
490	PTGDS~P41222	6.053755725485071	5.896882066183264	6.385773421426356	6.0257941652334965	5.6405567368135445	6.237920938215556	5.472373905158119	6.456642179359802	5.377238734233125	5.763145994629684	5.91106789398161	10.28615416032973	6.866935906252216	6.038516658584092	6.081770289651786	5.634238412136508	6.320503788451789	6.181277242694504	6.2535064745044595	6.091555639904444	5.927425969893912	6.555107604445183	5.945080942930185	5.9060527280505495	5.919081721134561	6.253348924674956	6.014140710783365	5.668486084877029	5.5045369170347	6.350647882533066	6.493114423538555	6.288713746960718	6.389845438760871	6.093491552969055	6.102313429747436	5.9065659475629175	6.130960591891835	6.173989679053296	6.4124892188836125	5.504478605060387	6.21557817449802	6.128913295323321	5.9613219779132	6.012013393872034	5.860121101037637	5.99466228733604	6.418443547457044	6.009835279136573	6.0833699238307295	6.285958241856775	6.005365157301454
491	PTPRG~P23470	4.528845864091414	4.18237252890747	4.727007008962098	4.225824499976561	4.011620207591479	3.964319360676547	4.095924774021259	4.6771685199337885	3.4807057790942335	4.565979224231964	3.9204208261850813	5.51313457766383	4.440522226745327	4.563277282978045	3.770440789262221	3.968001656786423	3.943211529430316	3.764675629488929	4.230914640151514	3.98162659377463	4.549272106698479	4.622859286832052	4.059358655206486	4.414209724327803	4.313755766006382	4.468875695791975	3.7686641049873484	4.296416067926223	4.672731991540286	5.0941803190013575	4.768842972093863	5.0307115840344245	4.442861384645578	4.7973932790937255	4.539793757061924	3.5478000367463354	4.522650010291809	4.668164245128336	4.779364185841785	4.393526363624851	4.812389444960103	4.4606887329966805	4.211331197546727	4.343740376385959	4.501949769603988	4.274551764597485	4.03390571152148	4.3358451435704914	4.781885246806882	3.9639341174546914	4.328924554997403
492	PTPRJ~A0A8V8TP51	4.169132899471678	4.186750514737511	4.311388290236705	4.665992927670979	4.755720320220515	4.08832290275627	4.713482486053705	3.9913013454402555	4.5616966355130595	4.660892491597166	4.338501640493076	4.201826887565357	3.8671843649180553	4.681219964059172	4.268073629534163	4.2963162153969385	4.220643133031475	4.32549061289281	4.503431134039882	4.443059885848902	4.307294907594293	4.593202233625194	4.311034691176148	4.016023057562847	4.231725102016504	3.9708349923472395	4.346034558013957	3.8980057738676828	4.402434021710625	3.9914123352609017	4.589769310385774	4.168374490208945	4.245799442576295	4.2435844130502876	4.531417396076062	4.626332116349412	4.731594876155019	4.629246658173231	4.2602716412712045	4.085731617002851	4.804800931577653	4.314610486825142	4.329961628800762	4.034270871000763	4.578802363985876	4.41704035120198	4.281116578604707	4.620961893393555	4.401565347614355	4.276344384271148	4.771696092055455
493	PVR~A0A0A0MSA9	4.179490008249536	3.2202922628760984	4.062990300147205	3.7603580386834454	4.634116078090777	4.200042937396131	0.7595799915364749	3.5649240972377054	3.9231985256116326	3.710304600385581	4.225523576817416	4.545908682823028	3.3661586359214772	4.347199345104365	3.9979837289673976	4.267649965743151	4.0868766052844805	3.680810085005318	3.8298713567273373	3.515811827535914	3.930340403392453	3.4579381615701728	3.9638887101609384	3.4469949160827236	4.213618957218018	4.239490441003335	4.039977438599819	3.6877794309368803	4.367125293506012	3.9627490922758914	3.3216758774826216	3.5150077419279198	3.398636325926157	3.3568477945292456	3.8082242043988055	3.8708184707471682	4.0209865493791	3.8355397569822482	3.063310644658496	3.948549479905694	4.231154808189252	4.091128653951884	3.873664515098189	4.096306263475702	3.5263948825861404	3.5838784882148276	3.331795794191338	3.0279166238724784	4.199998770754456	3.9349466491871303	4.259094699009174
494	PZP~P20742	7.988310664050127	9.059315246366022	5.354131252750151	5.899633970275371	8.115969162670766	8.370208344683263	6.011050451757676	7.403193325082763	8.057571375940798	6.6175915554567855	7.806190080249291	8.892309806123249	8.91082395252848	7.536950892024892	8.389233378958032	8.407427525508213	6.251677866737311	8.12494765703448	9.441914933968977	9.192745662788845	5.138546174764802	7.625160233411654	4.389362061734639	8.190267028297049	1.7727089020388476	5.747866189559337	6.196831869430097	7.855155151985929	7.569042955176381	7.877983910679663	5.236070557756274	4.820076682381395	10.029925801209897	3.699417620467473	3.9349186721156197	6.978803572860704	4.77175703552415	8.31991959109914	6.262495196798423	8.90505448747328	5.241291194858162	3.684479401288129	5.568435600265707	5.889720812431297	5.960480055772741	7.819453786563899	5.988834528692889	8.674850321962415	7.6298421756740575	7.7382214494588375	4.528104232575422
495	QSOX1~O00391	6.0966125404926625	5.442871759508536	5.559314184306745	5.596129117431441	5.799600600755069	5.756169031624479	5.151182726577435	5.589616061180969	5.485378032410139	5.6002923597479874	5.811148388320467	6.526642508145527	5.547175314245937	5.580677674282641	5.847807579452416	5.39917777096966	5.887677276804075	6.148448962863914	5.507374018939383	5.222769407186289	5.482004468521933	5.950743474733552	5.557669363124479	5.65588934077514	6.240693667726262	6.714732149762328	5.98466304527329	5.551181946840385	5.815401180371336	6.069983490034331	5.623346028936252	5.623514156318957	5.341230638758679	5.728140160271813	5.61648120240262	5.426566132815682	5.596714009762846	5.694326746089519	5.7301569607473795	5.8172954920938835	5.826217951808697	6.1264109784417755	5.578500189997259	5.566172524360283	5.628952644029105	5.7097220446553525	5.699667123993184	5.571015036761819	5.760838398305242	5.7121741070994965	5.574900099793188
496	RAC1~A0A994J6T1	4.327661047164486	3.661287188513925	5.1174907603710675	4.11039027345873	-0.2125344951617072	-0.4766511328411458	6.969950490859679	4.764893756164294	1.085706465417952	5.317997413071831	4.738731497116936	4.0789433304410565	4.516293005722737	2.3244874410292127	5.171131891134201	1.2707417348723216	5.500533137071473	4.457028239740458	4.566404821978561	2.14524237446426	5.7804904077045585	4.808910280646882	4.678806750283968	0.4773697704004771	3.5943508037865137	-0.9463998421421322	5.091585015765899	4.6051282721629585	0.9691990659087397	1.9539798081331363	1.732850773424495	1.4414145702391798	4.004917708052648	5.6728725624280845	5.209515538341646	5.385518431356872	0.9130595684478907	1.0180845389614745	4.985564805970358	-0.15925082080473563	2.2011781235152936	5.344118974015614	2.4848477790203525	1.1349375911180108	1.5697545351064548	5.074485310496594	1.2217146465410014	4.823415057264478	4.785898910859772	1.6214262268266082	0.1270202616059768
497	RAP1B~P61224	3.7257158354437516	4.258792012344757	4.847378649342512	4.633573871572243	4.1030186548481975	1.2725165405490966	7.179696679363342	3.153981497394388	3.9826111107215523	4.3658956175296755	4.254857493515262	4.714783392222128	3.5956559796921614	2.9252992611938353	2.454557473476631	3.3445421702860667	2.409561209146741	3.670316737788241	3.0168744125043587	4.111959140641037	7.01114022157752	4.136939967260109	3.7441360012865714	4.26875885586679	2.0743744060924234	4.92614947014142	4.166620528870863	3.4131179713722637	3.1745554378768603	2.676566723457683	3.7576720023541044	2.695195150950361	3.9337245080561534	4.61223960396735	3.7093734080201743	4.298535707698159	4.505338498059185	3.830892232833525	3.7873971500479655	2.7812695542749895	3.2782934745404027	2.5050744642364906	3.6517378978836708	2.788582734379653	3.7966595262801195	4.3870787331334515	4.246650728743145	3.7423917830028475	4.286531958196331	4.1789138758239295	4.081192302647249
498	RARRES2~C9J8S2	3.393392290560504	3.398292648786332	3.5851318363664713	3.323974886858582	4.355798158935942	3.5545899055283896	2.7506194906172476	3.598640588466754	4.005282909711264	3.9283643948297673	4.163317377463841	4.499468684573971	4.212246261747169	2.7264255469743564	3.5151584142601173	3.499103552036788	3.549543215768146	4.079078143006595	3.4530928798495655	3.904907534563001	3.4803310583261653	4.30226406566157	3.4510279455614548	3.4045554789051677	2.8168483127056403	3.0847276278121547	3.817185979637512	3.3193459080715306	3.6890193322918345	3.8334656368855473	3.592127135044895	1.6335715435906393	3.192899439356318	2.9826197270673087	2.4943520630107883	3.332715007530014	3.971763762641321	3.2288599290530606	3.591727432505951	4.774362905316086	2.317195910132952	2.9552582618279657	3.2298500342251457	2.9669539748135993	3.4682517647191697	2.3391414472392476	2.935926583806101	3.7668843203763314	4.301767312284017	3.999886056994354	3.4775890622573087
499	RBAK~Q9NYW8	8.566809279013528	8.965632557716866	9.763365771140977	9.621100443522705	9.891886028904604	9.00571619898256	4.8067148080586755	9.633107978697051	8.94456283765333	8.656640565821863	9.06991189057832	8.307368013825315	8.653295132406733	8.978022959243578	9.275002544674347	9.581761450658297	9.944051965767343	9.710526269334867	8.51581423322468	8.288374120466589	9.28058502133448	10.14032724653529	9.926343234265872	9.285397279864846	8.71356198516042	8.9416477432909	9.706652411491895	9.442164073465436	9.650197172097066	10.118579938198097	8.249223571673243	9.356947707217838	9.532989117247087	10.536997356965601	9.821410721044762	9.447556350262008	9.94508969703384	9.257013272061393	9.24552021108534	9.349614645464651	10.271813353543486	10.43328043131734	9.91745639866587	9.43633627434325	8.137906563510963	8.318553566591588	10.387274013863484	10.303632495869058	9.605005253702148	9.84290849336418	8.544098710347457
500	RBP4~P02753	11.086203621666055	10.556224905762498	12.022667000065367	11.540363148467385	12.349326318812953	11.042335196364613	9.930539290176545	11.871609278206863	11.265124973367932	11.373216573689081	11.028056795728267	11.962618137333127	11.570419861758115	10.556498219733182	10.930747442213084	11.712967523620273	12.06244245486495	11.527956933998219	11.170406472515044	10.768409090169799	10.659171596060036	10.709445245626965	11.647440969038025	11.35345000483842	11.316124612446835	11.005605361959029	10.781444764255872	11.133358609459586	11.35517578215055	11.461204264414556	11.597391651400635	11.717763325202503	11.428639647144557	11.276987229384083	11.694966864139536	11.56501686871405	11.925925174451015	11.192530016960793	11.017947284769669	11.50728218452979	11.931670726549795	11.77819306077195	11.351546674389422	11.359759210165919	11.645848381504798	10.891907067797455	11.142002634180967	11.52120779225689	11.168914306752477	11.681005438382536	11.858863363925098
501	RELN~A0A7P0TA83	-0.525946893219484	1.692430760339821	1.3482575549849989	2.5953243038883183	1.9569105045389679	2.2889777048716478	3.7179596984754175	1.4947114033900202	2.0508608280790277	1.3387472619296203	1.088866755872322	0.5805854920698388	0.3668413530451396	1.421081705402345	2.0440916056682226	2.293098892493363	1.2027680860328225	0.5761920584791607	1.901412996314058	0.7552041747641599	2.296115369043538	2.2500760218324802	2.578828379420255	0.496086100152382	-0.8583213625610273	2.7341456265252	1.11429296168141	1.5892565620985368	2.2135841032656596	-0.2666105839106325	2.46560747036304	1.4404770900802144	0.11689878289516564	-0.5558779867431412	2.6802002535476537	1.6564579161012198	2.4415065419982116	1.558500623729408	2.9211245104422043	2.4087567999467883	0.8583835663659019	0.3841042368244395	1.1946901353504173	1.6236426148137055	0.7461849566847663	0.4407613989399862	2.2627989710391674	0.7414570275623396	2.971416727958497	-0.21263208940995348	1.0366455904496963
502	RNASE1~G3V357	2.8304270040973054	2.5218999158402986	2.406781758203631	2.7282614201703783	2.345346496988346	3.0404442482261227	2.5025242155702196	2.6716404019895545	2.856094072749104	2.052145954649689	2.5323052674380366	5.445972774636659	3.3868953950454217	2.766434784616753	3.304756687320245	1.856558982474167	2.412637291701467	2.3795083284550826	2.5933865632962605	2.4155607475859826	2.4372882958579734	2.8459287284365717	2.7346263168531344	2.2868442471697845	2.726156820933614	2.7215228135093983	3.2411579150725545	2.8642282820027436	2.162894676478592	1.7578501712150953	2.8992704326866474	3.789139183721139	2.904274731301571	0.7135340759616767	2.6839691809655974	2.495894785298081	2.842928436995249	2.328662602297771	3.1626863523854434	2.6008023104304168	2.4830160496195166	3.351853424431687	1.7579509909518654	0.4273520007114429	3.1600726795345815	2.049891745653847	2.608655950060299	2.7305182324089032	2.785031138987002	2.6747247039530806	2.4778524333562095
503	RNASE4~P34096	3.9854004649659145	3.98079835846951	3.988011289332089	3.963242096311635	4.297238572983141	4.53698787444618	4.033978280469345	3.823241566507994	3.778097989822343	3.5732566645100206	4.094073496401324	4.915216716741589	3.8439636888822264	4.004247559946014	3.581531727720219	3.8846586066506745	3.9291508419145624	4.375424223325537	3.6335595710544846	4.0196813255760215	4.292722529822953	4.293049483821429	3.579594809382392	3.713919676938625	3.3898237808445213	3.6667677287341074	4.500925496071848	3.5924360498854093	3.9312221005779118	3.894846158953908	3.8145045293998128	3.683692535505849	3.183798005490196	4.022052812261122	3.9501301084194993	4.053026328939885	3.6707592105077835	3.508628503686999	3.8425753556097675	4.196707023479863	4.502063195574917	4.168315875520225	3.8171238993661807	3.9800802046007724	3.9619448201005443	3.9627586222255102	4.039143964292915	3.9515363171946727	4.080048161456895	4.098912526105844	3.470166699152172
504	ROBO4~Q8WZ75	3.619196031381066	3.5487884024509624	3.082918749643792	3.353378658417199	3.5890009578351094	2.024594227346323	2.6019373695525223	3.562752261773933	1.6406786362722594	3.2578146742073955	2.8995012154541953	4.715516096517513	-0.5483036493143911	3.2203214930130684	3.950588911776875	3.609101279128493	3.1600876097972277	2.879738132306371	0.5138444945419925	-0.219321515704876	3.5467443581295743	5.70284832109069	4.03080215899911	1.5942064640257545	2.7544611260209195	3.7812070098650925	2.940201832276234	3.6606100794521064	0.988415148628748	3.530854580529092	3.648087960027853	3.7898781630076184	2.711413444964612	3.297126179954474	3.100113694621456	3.0662677538703655	2.4573372892521492	3.288472271162527	3.29306197651479	1.8191945805923462	3.315984116515528	3.658008113407642	3.5161513508334914	2.329347714202869	1.5829916097820051	3.3704997121655387	3.5170010716125555	3.1537757470301027	1.583145791536651	-0.6171855613362318	2.0672628359332195
505	RTN3~F5GWG7	0.37503041362601186	1.39818029009626	-0.250007972982506	1.5080358476399676	1.114394797902564	2.6648847506252284	0.8970921758385033	1.1203531422507038	2.195490697111142	2.09719042762653	1.201122605752848	0.9416189048544813	0.26587569842946945	2.1812160299159737	2.144814605508045	1.1226855201212156	1.0923642261276643	0.46325931050355035	1.3915528965831352	-0.06396697251553385	1.626827489484808	0.8085955135890088	1.8002405018542778	1.5839223187189375	0.5874195298679511	0.6622879663738785	0.30351335350943404	0.3573208091551857	1.524479303949051	0.36021160815800957	1.2766150160869234	1.274588311463074	2.419750630015727	0.4772345140719879	2.4292937149274287	1.7481906786100785	1.1965590550346423	1.728036852917527	1.4438277425225965	-0.1917708248101362	0.8520754678565782	1.9044412273586822	0.03949725823239462	1.9288339656986018	0.9361786950794285	0.9208138670588267	0.2688779481378608	1.051645083932896	1.022418105170742	0.7737183421839073	1.2466926203393123
506	RTN4~Q9NQC3-3	-0.7254053765284274	2.8574460180452483	1.6375638205699325	2.3437274579406493	1.9668502382382025	2.1207619225674987	6.910144687107045	1.8293825528335048	1.411062976884644	-0.12825728703712536	2.423212876544071	0.9247555523455799	0.2512237719819981	1.0571258339001353	1.8047007324412134	-0.20585451156231227	-0.6745549104783746	0.016059530670187727	1.1703904894601656	0.7077849607128968	4.459493405990192	-0.843114268523637	0.8883743936629471	-0.3625376778617926	2.7813749238145604	1.7390842398733704	-0.06007391078443991	2.650613977709295	0.6346663710048414	1.5904676331169134	2.2523151397640837	1.3455978402444235	1.8141717199175604	-1.0857462030395522	-0.8711588459143846	2.944164773547978	2.4068420333025227	1.3509543535166966	1.4490866654608112	1.2860508207547414	-0.2086101702720582	1.8323900630091359	2.0942038414675466	0.9528950597969655	0.8570041346902741	1.4119584568631716	2.8748907577561473	-0.5130656345399447	1.0859356235438402	1.5898485083910354	0.6390609910763951
507	S100A8~P05109	5.611351757774528	4.621246583274712	4.965992872155125	3.4772221791844284	4.150617021578683	4.5286070812808505	4.144377559290052	4.437361072399426	4.991592080864278	4.471915299635213	5.019372016123084	5.400901710407644	5.1388842275027615	4.295764030785915	5.118167849316957	5.303067353239551	5.503601337670253	4.25332973473825	5.610637392863578	4.14326050774181	4.8680955166445825	3.7895568276567726	4.4629011177502935	4.287311356036826	3.6193640832929557	4.643694929829045	4.845808067146315	4.387645828930068	3.9867814066700626	4.875298179997709	4.7557872386055235	4.236347974177362	3.4504288445535556	4.419053761017524	4.660063156699286	4.756981164079634	4.635637645339606	4.5708627925983265	5.069199962649506	5.291962064711827	4.159136073950618	3.574784983989742	5.33879268235343	4.130694510179371	5.817880979156581	4.463373199909014	4.3494712992477575	4.523944753603553	4.283306283578811	4.9978859028861695	4.887569167483347
508	S100A9~P06702	4.94543454858717	4.177084920157462	4.487041430082057	3.2569870786981903	3.957376899712837	4.17715854273977	4.418971050581776	4.554753008926218	4.745406800369532	4.259937173021347	5.014213940152711	5.274711849588985	4.774653764533245	4.558823328230492	4.646136994700498	5.240142052489324	5.07154092260403	3.808401867294204	5.240068225739554	4.101840577338039	4.512026201812838	3.716680177885291	4.059037927131927	3.7176774688512575	3.399537795732027	4.541905550038241	4.11431520521175	4.185343532545487	3.2949349368394594	3.963031169786538	4.553888456158741	3.810145514484728	3.359581749943926	4.196228547376245	4.288752182236593	4.480283718252214	4.335837376429274	4.124645444385555	4.499423428243781	5.084799793080393	4.151059133087109	3.7069732600337186	5.291961362342707	3.672947643031257	5.474505083466834	4.141918934371371	4.1950501413134695	4.459342560144961	4.062370974283735	4.815252624311328	4.052664559964478
509	SAA1~P0DJI8	7.240950550315124	10.268416640345626	5.375258889381922	6.4031509280624475	7.4371603882234565	6.884207231568507	5.776186416877346	5.1176846317377125	8.658848216112533	6.4732348070017265	6.537599132384422	6.823444893628159	7.476794896052766	6.7322706447243865	7.076037240788606	6.927987507194208	6.683992089627584	7.0953530750537075	10.189331124603354	7.255874429158527	8.550530740653317	7.374517769610982	6.224230923236344	6.456165883364754	6.161411786508295	6.865848691109652	9.994916534389573	5.284628565792254	9.51154552843908	4.560080659640006	5.132795595860631	4.695831804849694	7.0306558557193695	4.216992687391091	5.832079911408047	4.939159950065918	6.735849545538107	6.609249879510802	5.789468870769005	9.103584123474443	4.093719781417589	3.839609688153601	9.740451732310277	6.054507441659558	6.417168638309345	6.061661411593265	5.087115920652035	7.345675410527199	7.621911796085465	6.465990426896009	5.589895348799124
510	SAA2~P0DJI9	3.8535532333099862	7.604100836495051	3.1518147773506326	4.134063556473431	4.275774556804693	4.211011634820378	4.495886614180383	1.0838355852132324	6.470998767726977	4.861161419530521	2.649999574683994	4.706703098716679	4.045948921651483	5.259088663143566	4.239440181581062	0.6782668197060393	4.581445299216476	4.463739630770203	8.635379807331455	4.414808314193476	5.427256058018042	4.12221803483758	3.2988328268513425	3.1171698563169596	0.9038772499502985	5.013936500419087	7.970278917759423	2.425359858228773	6.441701839990659	-0.17309736384132823	1.347524136233158	2.341524931101718	3.48915756072167	0.5664967903738938	-1.2532607375169733	3.171571421464093	4.902458842627612	0.32768293747357813	2.334150644075359	5.121369570580505	0.9273689807923023	0.9454518607423038	6.4590276842912315	2.667523273668756	3.3127778668123997	3.202983936146863	0.7585192620635989	3.3389209125390744	4.280095334054451	3.6742211525216746	0.9369945070380563
511	SAA4~P35542	8.676425113118032	9.267849528887979	8.459968729904539	9.126402785578277	9.199501915172435	8.379285549232234	7.602731934856609	9.10565646673801	9.362593067549223	8.701985357876822	8.249361895800972	8.788260512821969	8.840018644546586	8.731363368685141	8.652996463603795	9.009098882105505	8.602117867406532	8.661862997800455	9.423751331892099	8.43023265234669	8.117018258234781	8.973808755450298	8.932215923632725	8.653594832676028	8.164175914713612	8.44473195528345	9.109447464024383	8.647065199085796	8.663161638854614	8.346656832541646	8.358114320232982	8.076210662037782	9.282390527688632	8.105411734659329	8.395975585556354	8.54824537907245	8.972158668465308	8.91587090145486	8.12409401132844	9.211131089144706	8.78710526101169	8.526605617735807	8.198351362754362	8.348062995707474	8.44363903949187	8.405003269726235	8.98326598037059	8.830645760551485	9.082009316136174	7.564674235611045	8.564690049448995
512	SCGB3A1~Q96QR1	3.3780720215474367	5.32426269242374	3.4023774189382325	2.383333965271097	4.008542148861666	2.9828923773691285	0.9269719999348147	3.327235747908461	3.214499370520885	2.8660265693366136	3.6878771206400023	1.6192052126039507	1.7426289282055578	4.394565530948304	3.412322392643155	3.220481952963176	2.68446292121977	0.34791135289608616	3.510287058433965	2.992512082978462	2.7989880746023	3.201981941970705	4.104734388858434	2.1535181699047983	3.9379937099750446	-0.2219542994938859	3.3029888708021633	2.808771069002149	3.5966118811269063	3.8700131148042987	3.074337327166129	2.486635088844585	3.5755624433434137	3.478163905148889	3.6885679129938906	2.693769386847053	3.0432900061256034	3.59334940287083	2.9292062068128013	2.687163780244019	4.619798509208302	4.022352233962057	4.2957292845547705	3.71474629663556	3.3711117913297315	3.5206723877833057	3.1698490213282713	3.5320887029076893	2.1994225342035127	2.8541528293292022	3.30811609735887
513	SELENBP1~Q13228	3.3760764910234915	3.373063469312051	3.782620651941089	2.576297729384165	3.487052596407229	3.8832919367882095	5.775552513838726	3.63912140990061	2.870594528898117	3.3884605156265275	1.3060686333837324	-0.15170694718295263	3.881247391156301	3.0659690953647423	5.425255351452581	3.2077182913473186	3.2626809955307152	2.761093942912706	2.1598685658105006	3.898703046199556	3.0526582588760935	3.3735009621141847	3.441642451687443	0.4812128198115051	3.6633694954172276	3.029417155079927	2.6027887860266343	4.399017354330863	3.6251764014833	4.297226536290378	3.4925695891978243	3.1139133388567157	1.4941424690806215	3.708491291410981	5.5599028745703665	4.8367714753111075	3.525360461015762	3.735633386391892	3.8958719121161227	2.6467732564516817	3.288461850888972	3.718655886697843	3.7676564023976855	3.8141330752518927	0.6313447271949005	2.900150215082654	3.0841428749429873	4.1791367310206535	3.724902970950902	3.1678591197137558	4.877502639722312
514	SELENOP~A0A182DWH7	8.400791639011581	8.166466990229674	8.863121153960405	8.877186852979445	8.77241667195426	8.285288194268643	8.12249326756104	8.515795468745923	8.241953918880341	8.060655531302176	8.242441021808414	7.295399994451829	8.227576872557924	8.435968790936222	7.900422319075048	8.30835278000544	8.082541499339953	7.609029453881796	8.667189738965185	7.941735042819449	7.839697523620264	7.778791322432876	8.617206246964582	8.795286238806707	8.460028243782334	7.556860102719402	7.872571276770078	8.745460247514549	8.40875356119939	8.585519158483718	8.913323426489914	8.88199601632583	8.916822062697973	8.549226858134709	8.275710060655488	8.689297304721908	8.578532897858452	8.463629761169802	8.509376949951523	8.58101054968567	8.671833978155822	8.750131625776605	8.526533624996292	8.705353114883156	8.913295392204752	8.478124395889806	8.36838949399323	8.467952007853183	8.287048220668765	8.282732696548564	9.080625468484286
515	SELL~P14151	6.397547603443308	5.9173546868927955	6.731766074562974	6.132414064556918	5.866807558469638	6.207258052839746	5.288934348700332	6.387432586038844	6.725798510992958	6.542284929002416	6.909495041702923	5.543067348759171	5.92653896300476	6.870693947944837	6.232509345565184	6.424427482536487	6.597660345953021	6.123267492684689	6.184032824028056	6.493776429516684	6.275677811499608	6.810275570512814	6.385151335021799	6.014343700278147	6.289108610080118	6.686668933451801	6.035123949244243	6.68489765376655	6.273459271973643	6.871506820172265	6.818220842966658	6.841778927131333	6.2637846856676385	6.715254758425586	6.392422115466154	6.412079161344185	6.7042237671312614	6.870768625296118	7.055260421553926	6.281233480773382	6.662674568152841	6.647313380747556	6.409381353637237	6.509275214035021	6.663700006040163	6.914579844010328	6.2868011087894	6.456128525081398	6.409004995918189	6.168991406915674	5.949596182029989
516	SERPINA10~G3V2W1	7.433820363007921	7.03814068017696	7.171978769809469	7.369486990293593	7.108555881903478	7.152138127902782	5.357755349284819	7.502151234212365	7.329617616998681	7.081187262934627	6.92639246304086	6.205335976277175	7.291809923575527	7.207194441989976	6.961680014774416	7.417702401423385	6.862985090799856	7.436989022487106	7.495236435147122	6.955320616527081	6.491692509102285	6.8240688861766765	7.136371778080433	7.267231893613181	7.369623436447872	6.945554570815076	7.41740122620148	6.987046070040615	7.542388496769654	7.246356438608885	6.822476694965196	7.04139579768778	7.410724096017964	7.098791117612243	7.137694599455895	7.240716519759011	7.0823568169724185	6.5711521006528795	7.152172795943579	7.182314631767021	7.298256709544877	6.916937748485006	7.431032960591296	7.048003695609967	7.721751525448444	6.992272627630568	7.0878077365190455	7.108682532576358	7.3553802685885605	7.0126775584938255	7.222650028346973
517	SERPINA11~Q86U17	3.918492139113485	4.164030404659443	3.152906974625253	4.224650309043205	3.8983600343862164	3.3268155338394467	5.637568802205379	3.740765872645259	3.1427304774962552	2.8566519654386617	2.8019294417156733	3.673132846719649	2.6064045349160945	3.8383297974772987	3.8638063806023975	3.2449968509921816	3.6237558190622776	3.450400147902831	3.723840480278138	2.9966183004538944	3.4526244586982253	4.1324926695127475	3.2807651074109847	3.4933636734753963	3.1856552217445135	3.8059267594003114	3.7675760911724043	3.5287642079164314	3.57360604829557	3.8215547518568265	3.0298179879255507	3.4164617582718932	3.805488243701776	2.7705268893833623	3.4690731348949986	3.2126713716032276	1.9324831283752355	3.257725491674815	3.6207570071547233	3.996403060160749	3.7103369752151996	1.3180275538475057	3.832895034842515	3.775759861218926	3.4215527747403005	4.091570005098239	2.6618598453919122	3.8039805119689536	3.8945312782496044	3.523146864823792	2.5625445287972326
518	SERPINA1~A0A024R6N5	3.503616015731354	1.6498586206681458	7.8665602611143175	3.5107350774487904	8.88937649370445	9.269908117197453	8.315089290932795	5.841749275617261	3.7460204514011943	3.87064042993378	3.241239397626936	8.440815573356996	7.566929096362609	8.085507145915862	5.432594910888681	3.4108905897363404	2.7665015111667666	8.369261726063337	9.140056331926102	4.730599493110942	2.79118693952652	2.324060478951031	8.419672331021022	4.396484059620264	7.339223697235158	7.42237908613123	3.0484911977498768	4.903588421395587	3.148588760812048	2.9078734511590985	1.8720554967843857	2.150989742627067	2.4261073219930767	0.2230146186549183	0.7491453733537925	0.5221496044173539	1.3386243409057927	8.766224171338152	3.7365012350785123	8.31725153843812	8.726156093174248	9.032668286080376	4.82005690740504	3.630407784136064	2.5417455951366197	2.3995152397740966	8.75721663566851	7.1940423190961145	4.332442678722527	8.52668118833876	4.737871176907248
519	SERPINA1~P01009	14.41483424446403	14.915431650278691	14.727283056403653	15.12755657578588	15.027478646669138	15.0778545993394	13.564902472953573	14.658551130639523	14.838569286451229	14.538707339645008	14.9347444104245	14.636429802036703	14.664448478147342	14.230399734031034	14.97090053815521	14.530964209317881	15.017558600925646	14.492468372540955	15.308468329257037	14.711920877604989	14.609539933122873	15.154031268807282	14.835788959898627	14.234676097558378	13.068784345085016	14.737040679837607	15.232795497075402	15.060537621667656	14.720402926240448	15.12209525336344	15.104140730274429	15.208045135358004	15.33498559878309	15.219190681814744	14.764970472231907	14.855747905547535	14.833938763261983	15.033576753711191	15.041861814550403	14.949535093311512	15.142571103264116	15.010301868021838	15.210069322456427	15.133214191546763	14.58893098336197	15.281369901835207	14.924269847963364	14.811296289494392	14.620430829074019	14.710084894848343	14.509312066947489
520	SERPINA3~P01011	12.976252160444803	12.955835848799001	12.685854823285196	13.036416456513344	12.931921896171021	12.783475486649836	12.634822237004876	13.032520154140927	13.187948398753518	12.88092476516557	13.199498769971862	13.510714436137771	13.42036478900142	12.80920407326288	13.000621583359429	13.153866027286691	13.065527729846355	12.890829333598358	13.971754467374478	13.554705238986198	13.014462381407222	12.566399595693452	12.691396154753644	12.84174514930648	12.584856211527642	12.960491898571444	13.292533820199159	13.259601334269458	13.054325925983118	13.522640313283075	13.029426928705902	13.052482314743258	13.877994578811927	13.225670957585539	12.494771005163399	12.502268408340733	13.108534346992943	13.144378959731519	13.166367687077676	13.052792731394106	13.160282920341738	12.771025543932891	13.54422550005107	13.12856094155401	13.513291831982508	13.465322520095233	12.751106986170134	13.429219891653167	12.403513993478994	12.899351943881712	13.13003081987704
521	SERPINA4~P29622	9.643473319352871	9.325363516765574	9.941047427184685	9.480970243781668	9.870714733842675	9.36108170018207	9.115842991375553	10.198206560991249	9.220000371904408	9.567007111612837	9.467397834500881	9.551761175850668	9.67571922146731	9.68885226706859	9.739930965062277	9.667027166992352	9.940209540476264	9.702794751018201	9.47459630516086	9.381769869989315	9.29620417067041	9.28921994053961	9.632152882652658	9.792124416173387	9.90215500590886	9.351791702292166	9.302251652398386	9.491896144855836	9.84090995221681	10.084409246695868	9.853689142011609	9.872868541567088	9.931604906747895	9.825715214254213	9.563909266794052	9.70040923720159	9.904421381155274	9.667671282063152	9.522026156344063	9.711143063391281	9.530825416201985	9.485490557619208	9.464517831668529	9.668805472847742	9.80521190150059	9.626491318214288	9.157552177087105	9.45404244856289	9.35969031959035	9.507966506776542	9.8379353715586
522	SERPINA5~P05154	7.5520814356421555	6.5099241709221625	7.731256562336522	7.0272800284428	7.961926544002049	7.012769784137924	6.126709671078671	7.7652083875471085	7.05523509682317	7.488053288045539	3.173083881172306	6.464046872044639	7.389253207358386	6.746954632035204	7.192289051426661	7.427699927771823	7.712476202552981	6.703269733012383	7.0340847755105065	6.633764642439924	6.29078835030629	6.051813166265123	6.865665883046751	8.003633198371727	7.195422824125894	7.2470201735771775	6.568996583519759	6.81252997261438	7.321032681773178	7.2428895926319505	7.112598108635851	7.427510938561334	6.746076849479493	7.218197223386334	7.556730677131736	7.263607624772003	3.488137158585183	7.181601336321714	7.062436031639575	6.977584589987774	7.510970439936534	7.321564684175408	7.022804974312547	6.991395034213842	7.455895327353722	6.844366432196922	7.398284688702574	6.855323706602639	7.18435221278202	7.729958611609957	7.7097389747872835
523	SERPINA6~P08185	9.906162581375321	9.775204758337066	9.974329770802685	10.3716487759956	10.317043646009923	9.886134627641667	8.521370280031858	9.6733510265018	9.983335313367123	9.63890826285671	9.858110984433573	9.60831822478186	9.753027974410838	10.211920071253532	9.635211285459254	9.706840503774007	9.737195035173286	9.982570813391106	10.30277640313651	9.987199205520852	9.772362804563311	9.62492661242884	9.802288172897116	9.489545308119142	9.706513723828897	9.713867879516442	9.910119519595913	10.068835176538771	10.074156492490147	10.186947687974294	9.78235439337492	9.989794135891518	11.029229084140278	9.970755403273298	9.983417429946082	10.07526989119807	10.057367602454919	9.840349011257425	9.842964584123871	9.905847223892028	10.088609368198798	9.922492760783626	9.884104266594237	10.143672809180654	10.276429725386933	10.053564669513383	9.773337845388696	10.493576601444609	9.663908653454522	9.847113945013025	10.220350132067832
524	SERPINA7~P05543	8.644576740940465	8.265701167684153	5.625731469708296	8.725112732584021	8.669098507532523	8.199278289301821	7.567936352790628	8.07909393544177	8.313023338216475	7.893062252950665	8.55533408320562	8.130885673020217	7.970741275095673	8.2366513190744	8.303128825843716	8.398245279116335	8.128243434857389	7.806972185326307	8.30402134708112	8.484170290830471	8.192393660396581	8.264982427424512	8.055381907871592	8.188864378338863	8.310279243017161	8.62890815860718	8.409115996685538	8.317991756639618	8.116382038623508	8.498527742157657	8.148728390078883	8.166859998143678	8.705977079328463	8.240937889185536	7.930234993109384	7.812524978486343	7.655378843285228	8.08876171682165	8.279682978535861	8.024848156608327	8.0817132489276	8.008757380707257	8.468897068729682	8.160848386868105	8.061294219638269	8.507914017678115	7.9366228437606425	8.421108550726983	7.756248860337104	8.200098480643009	8.518371736005607
525	SERPINB1~P30740	0.6668650895933732	2.3958510206346793	2.3842007693529172	2.920496062821919	2.9182611894505657	1.0308991472125477	4.6121543206283695	2.777563851411903	1.9997211031756774	2.1897266997887503	1.875793964073329	2.0068497765661104	-1.5056812014424428	1.3012726450452594	0.4344885033582128	0.1902413671299884	1.3880899618426576	2.1738465276318184	2.254780812463261	1.5408862041809437	3.982586828015734	2.6551071447992136	1.5044014715683687	-1.6002895795621246	1.9429912557861688	3.4645858824689557	2.1924842652015233	3.000381579035813	0.40922835594149576	1.9690947022052034	3.2439970494619703	-0.3120073357451356	3.1541402343841667	1.6308531141966978	0.6480374002893508	3.6354929561759346	2.385550422774505	2.465390159262365	-0.3417308127940839	2.0461623094811388	2.49015493005482	2.4562812115593444	3.0745124227948364	2.103481501667644	2.093996153835963	1.9419145498657997	2.5646409794745	2.749700466221427	2.7964495169920767	2.7669547656125957	3.0626649443277154
526	SERPINC1~P01008	11.941594555142334	11.910232541159104	12.38370191972942	12.14350777818561	12.193633940180579	11.730230673732288	11.044516857634045	12.220484314705892	11.950455780378316	12.014348127583089	12.061451292985462	12.288078078931129	12.281272823440604	12.202509181684167	11.886232702431158	12.06911078301323	12.25188903937235	11.993339669955308	12.244205138440076	12.21980101939751	11.755584029345107	12.101097576785827	12.209536063672866	12.203697193735186	12.204275009870845	11.493637676530737	11.864103189058028	12.143044344955301	12.256679918834681	12.655847097304035	12.350942687565215	12.411556889729159	12.358277605683002	12.541603463752747	12.32078017007101	12.19491807944192	12.400474534343457	12.119410729142627	12.247968933512693	12.063994060904065	12.311432501350048	12.40710150037837	12.152146640222105	12.298896157751923	12.517900138956437	12.455564899367777	12.097859336759198	12.048865985021404	11.964344922376704	12.028397806835274	12.135104435920727
527	SERPIND1~P05546	10.938361262134814	10.529690049136601	10.843467194232208	10.54652535814033	11.500931086538086	10.665594095109926	9.196132622939876	11.102313589955807	11.323660501857061	11.011581821410774	10.670396057899556	10.536994630747651	10.767866402698072	10.420216993126179	10.646317650805898	11.392345070772372	11.163835140260971	10.491094644600016	11.17749238312969	10.894213922933444	9.336549326858979	10.351168807780695	10.512439320242729	10.826339486714934	11.25501286104617	10.405148086736153	10.692388934848083	10.648120883605523	10.3403108597586	10.558914157951516	10.36425450653971	10.830589092080544	11.352957373380535	10.088334388349084	10.586855818713353	10.727749629983402	10.505879864662889	10.879416103466069	11.384643197532576	10.72805305033845	10.491717582923904	10.298658337936242	11.03771618412845	10.258438510067895	11.127738238060964	10.712759031677583	9.995591202402561	10.509233285150465	10.508243917434104	11.225826117673382	10.975820772972455
528	SERPINF1~P36955	9.6953017928093	9.046257749091067	9.900476217771939	8.908310702449308	9.722916527824404	9.093540231839581	8.068421914106638	9.667333991358374	9.263379677013859	9.691599237853035	9.402003524618365	10.002090825134541	9.6378495709505	9.303770298560472	8.933965598412307	9.438625756348106	9.745648066209293	9.242136274579337	9.449451956439646	9.097663104121054	9.11796152300725	9.362791690672477	9.32499520417206	9.402889625672072	9.526731447164098	9.668162729909284	9.07507954099506	9.007445660566507	9.25216386416225	9.088669856732745	9.626067260889474	9.852075018174915	9.398110991349727	9.270125765845163	9.227565709261773	9.218660932307403	9.570987251953287	9.395519884452378	9.66860824397873	9.039354177079913	9.580560948484548	9.456467722866446	9.206140507123745	9.09897178130317	9.44671821807048	8.555591535254177	9.166239257124657	8.988994666415651	9.483926702770347	9.152525310230104	9.583826165241197
529	SERPINF2~P08697	10.949969247946822	10.72861268412735	11.111303331447663	11.067968829342224	11.134802933874075	10.789857870260635	9.481271004198435	10.862435412517598	11.17054966005174	10.753431412196017	10.882830900485352	10.56301514549701	10.841871428262351	10.67155812695255	10.989611394522314	11.18313376625119	11.21971684006754	11.046811440744392	11.160657460914738	10.93728643597608	10.514520717167626	11.000025281228167	10.973119966507037	11.165938367492734	10.775645241181122	10.628107186361657	10.68218375602802	10.806543328809195	11.019384573036813	10.993513301858297	10.986046863352394	10.99969358036896	11.047855632666598	11.190169048471928	11.022887752527524	10.984913064700631	11.21495034084772	10.86807356226976	11.05435888536216	10.971948164848305	11.128437282734168	11.100521668508339	11.158811361166928	11.171193904528893	11.19482296937757	11.26144934589125	11.10649505054853	11.1422432635673	10.799536276977195	11.330279568353653	10.97259816342249
530	SERPING1~A0A7I2V2D2	11.629343389515215	11.616907525639826	11.893490221284987	12.1371462559162	12.160729772669047	11.664661357076717	10.76208910023994	12.039563355259478	11.874067028990314	11.646071825480316	10.644710071670351	12.06025855796	12.054253710842024	11.898124547115996	11.304141840427294	12.02612777342601	12.123203384554728	11.45444727887831	12.417948934591905	11.94114192883034	11.712071644797227	11.72571521145933	11.916913974446711	12.007758050495573	11.760905485683583	11.72541868432533	11.855094399047346	11.912944597978543	11.83031683963816	11.937515617435817	11.721773737672228	12.148164825623276	12.397637034424587	12.102259598727668	11.885463930061423	11.628278431550866	11.376190981890451	11.971115932119734	11.978491919251114	12.087657229249116	12.083814952773016	11.984201042766784	12.083435988955003	11.800642226847996	12.27958621161068	11.952292905009545	11.888476643900452	11.84118981294163	11.605386825486907	11.636086786730413	12.203884897376847
531	SFTPB~H0Y7V6	3.141345530249586	2.526682143392139	2.0557411760651334	3.312053946812489	2.888957426143325	3.2632588830559635	3.112966945620166	2.508302198332865	2.1868283296169144	0.3382969954980911	3.2248545848226615	4.543329005173924	2.5423038244745286	1.893316993663691	2.097186313148721	1.0987826057869758	3.5094688927494224	1.082770167347627	0.6346038011676588	2.5593444123132154	2.34890641431393	2.5417717042009564	2.0060758895476196	1.9452540696503826	4.04440379204724	2.7779500557915977	2.0778749676503394	1.9622023705441103	1.2436675017469274	1.6245847550835661	2.0973662133510667	2.024827701911483	0.08719493081297247	2.3637277268623857	2.0094030545172368	2.034109970348244	0.8324198711304895	1.8020694137097526	1.2933268242290563	3.707322793088003	2.7918137135372083	2.310065904277417	1.320022369676796	1.5725044452279298	1.893106481728939	0.8460066330675264	2.090972195327837	1.1534930229008737	4.311220580593147	2.7780087297476883	4.163272686376123
532	SH3BGRL3~Q5T123	3.3747664877112364	2.936559046648659	4.31846792298444	4.76313322650044	3.2042826229573316	2.897226260598607	5.324773732065961	1.6797151481327697	3.956516896762287	3.2577190185344698	3.8663957499982127	5.00080843587244	1.959531609259883	2.1695579855272853	4.293445547802335	2.620051537552422	3.0899004255320404	3.2813452790706297	0.44454444646888647	3.3346153705938275	6.341650747192445	4.236191021439159	2.6998564467699695	3.0424322254645246	2.0958351391310477	3.1560096051176294	3.724680273937548	3.0033048141391334	3.02342459530163	2.1259688124263003	4.081022568443989	1.601750616051921	2.8588701915943187	4.293485821783404	2.8520503414239684	4.456587162671281	3.1998342193970397	2.635239189257876	2.819517033522482	2.912433094743908	3.0952600237747205	2.1368767766603862	3.073238084078928	2.790801479400823	3.148614981116054	3.4857433388014827	3.090854799852228	3.016027819882388	3.6470148986609083	4.018350807186787	3.5769423682888895
533	SHBG~I3L145	6.203697940416985	7.800979660646755	5.9299593376963795	8.351453800903755	7.402434802422993	7.046752334925297	6.63897662795556	6.2873412323268365	5.997462142912345	5.30886393202589	7.022930578655831	7.176618607257337	7.186176065758401	8.42900529736533	5.743093751279775	6.070332916479046	6.243802728536907	5.712413857247196	6.903891956413587	6.90148287802765	6.922333144751423	8.327962778721467	6.514333374689957	5.209389851502731	7.9412825501517155	7.6015564710396335	6.9767792852347075	6.665671398536603	7.003000554517451	8.319967674750018	6.880596182119531	6.36797910015043	8.137731648516743	7.02998964309109	6.9828760180636475	7.0894659987768405	6.157825222050976	7.089474889028212	7.294393862931374	7.341799622178977	7.25148356638831	7.0158179227351045	6.856111934737564	7.839537993535379	6.570069705413367	7.573568837111897	6.683558154889205	7.4571571541312816	6.709841918331254	6.232634644464675	7.122433706722167
534	SLC3A2~A0A7P0T8F1	1.7335956857916692	2.0618574946876214	1.6826052461197893	2.0157121121099895	1.0883049462237184	0.388800520383529	3.1592140064659775	2.3285092153355595	2.1367630578912555	2.4088941161472266	1.8448096647511927	1.9876209598398853	1.8589991526104055	2.4500802926470815	2.347986382820708	2.3850475620221063	2.633425981851837	2.623010832088824	1.7484940485585359	2.666372594575425	2.463341266875408	2.4953501461300927	2.807126412725548	1.3174845721847241	1.6106621718431793	2.457184589235102	1.9513471526989805	1.3207352805943702	1.9949276663833124	2.042308140615595	3.3897620868157867	2.069487955553941	1.5252982048349004	3.177768826625767	2.5750584989020084	1.67735296751484	2.3302714976052656	2.6896550913829045	2.1552413294627337	0.12775996044134133	2.696769335562613	2.712455421083743	2.4959501525480157	1.2260034650699776	2.6435588630490336	2.7334730115206836	2.226484957703381	2.4683159103172407	1.8825997673837875	2.6139673619284376	1.1612546500319656
535	SLC4A1~P02730	4.386065610695516	4.183864927368592	4.615472038322706	3.0176999526216393	3.5483275865148474	4.141146079368667	4.810104023556553	4.62590310855331	3.3046753726658387	4.081864052551331	2.9398347487949974	3.1157706164450647	4.128779757079784	3.8353116205188895	5.7189912124479765	2.6960122894487215	3.974196273623571	3.2795993881623047	3.649345216805988	3.168439529830744	4.1306277464405055	3.4672847599756045	4.055438675218691	4.186872296945456	3.317071670441409	3.4493019463542662	2.9565259362365497	5.2941450606725935	3.9633833142773054	4.741202488200475	4.539945766577181	4.424541916112643	3.554027742486628	4.557786904216606	6.603436414121129	4.848581968431826	4.736532201588996	4.7333119469140765	4.473115870297071	4.3639912743769	2.963003643849833	3.879799725569973	3.869785095126021	4.73294671777196	3.6976643725156197	3.301899433851821	4.435527204014605	4.227387378583204	3.048725492771871	3.294690994974004	4.51381107123407
536	SOD1~H7BYH4	4.1821606322521045	3.809304378991785	3.5207898653724654	3.5542577873431798	3.477246640958828	3.7007645964746976	6.191960575117443	3.956435804827778	3.2097188452286405	4.132716379938461	3.0785826286085363	4.8594598096252275	3.0135298671050257	2.7278175468586556	5.320162472914354	3.0296715848021947	3.678708659323454	2.9535987078077857	2.5937642686464377	2.3576882420023324	4.515092827998442	2.9963803878079545	2.8609402346941777	3.22585288293932	1.3211702090868638	3.442320776370541	2.8318415649786477	4.767560432488174	3.657306127264579	3.7919474192288685	3.7271736619106233	3.3661418233949822	3.695464289647619	4.088463797160103	5.810311172042091	5.317940295883984	4.030720843817791	3.93509147358467	3.178665914657194	3.480319470014149	2.733468770486663	3.0074555841784116	3.8236655858069306	3.867724603037632	3.574693531388277	3.2353038810229857	3.74450887957488	4.294436354179519	3.293434321405147	3.0130321091406245	3.308943206159957
537	SOD2~P04179	3.55870400337682	3.830741685722667	4.13117951489364	3.8189247034019194	2.933013065690003	3.610642686590423	5.868198782526901	3.971831896872692	3.408457638557508	3.9490804977605807	3.6220143843713624	2.8996931528628456	3.4997394629541274	4.255362448868206	3.339273452807576	2.9888678921843272	2.825691343931457	3.9830013186512288	3.3398105949636903	3.8419764923737265	4.56841901558915	2.9123493952215256	3.337199257186358	2.193870771931304	3.583583113918527	4.114805270268615	3.609933154045372	1.7487494348539812	4.563947774995249	3.882917169493408	2.968412623702277	3.3955266831168744	2.8211364388319162	3.4895292612419984	3.6731332781506882	3.235892545125448	3.3355017142207215	3.3021980928247734	3.0785829543393595	3.327924825950788	3.3469168908150753	3.151751151260635	3.5275981065928113	3.1024298965380495	3.5275422703688983	2.2269937685378456	3.1591194395879367	3.2563528238820423	3.648846657622096	3.1946495614331596	3.006128122862835
538	SOD3~P08294	3.6338441136205812	3.6997222927588087	4.1650370092071825	3.869990813190168	4.0769569675068045	3.758575290551567	3.954344008184193	3.8551873813795203	3.4568522010009985	3.839892395473795	3.772163427375451	4.914179260115399	3.8392850156945904	4.073581493449611	3.354141747534822	3.542936797864102	3.767107873596034	3.558982568336008	4.353822698875021	3.5634526743130013	3.708755856758398	3.3393179051053146	3.108018529715081	3.175401375921114	3.786078845567593	4.366723076166789	3.6152525613862387	3.871323129479654	3.5521227240385373	4.553154198471911	3.549668352964175	4.190326114452076	6.491697646213429	3.5994991734762585	3.2096522196463426	3.750012394823677	3.7825452686594825	4.4886857527417465	4.238190417077961	4.4065447270930385	3.5870538983008684	3.6214642559778474	4.019476370937356	3.92312216001026	3.069975789576872	4.049748694814856	3.555087003062592	3.1788453565029586	4.323974474685337	4.036765053968285	4.038433265148927
539	SPARCL1~Q14515	3.958646608334784	3.8368269385797458	3.638372605722928	3.9849832743907485	3.939759796705048	4.305934956829263	2.593853867000969	3.618613352087583	3.507795970701228	4.1809723432032895	4.619139151283377	4.187604586531221	4.067001816454175	4.0241873739950735	3.940131112100238	4.241133614919935	4.117925547580533	4.403059106931418	4.5331038134331525	3.891071485961701	4.166700969240478	4.47904764199015	4.474846671023985	3.703411901392564	3.672532169592317	4.401374465988994	4.310251641146887	4.781019560537495	3.369809514889697	4.561474533022501	4.3368881496170735	4.776890204019326	3.9614671816675515	4.910320664380357	4.171941215945408	4.483953633507849	4.433346660227343	4.606964499965066	4.800562842421824	4.217427347413341	4.6923689262960275	4.917100785930989	4.163844197920576	4.379384581157745	4.698071187837702	4.043403492802561	4.585471823417911	4.5875084625465465	3.9167672225721404	4.185600631848559	3.769369956043641
540	SPARC~P09486	1.584141680708222	2.7934511023212263	2.6915203295674113	2.6418884676388763	2.760702590098905	2.258447999263573	4.29218708617371	-0.20402588602429084	2.5644414265550135	2.6671585473620127	2.6373039009663515	3.174488539927517	-0.5641765960204375	1.5421959988635834	3.5863995597221785	2.2375581996916436	2.1007622558998125	1.6878709284835953	1.5368523321732515	0.7922989548952455	5.388599514447824	3.2691492279335335	1.6948136612042923	2.3888678835424035	1.538392622852862	2.979645861413241	2.3191117114801396	3.1938622015554827	1.6679275269712577	1.9992262145646897	2.8091674628790417	2.2019167523706193	2.0275650379075305	2.661826799039506	2.4907215113032746	2.6406623100642936	2.3297556968249213	2.244686256493363	2.376482733506233	1.8137325644050286	2.308856434771989	2.773360283600138	2.552308272641363	1.6865997995005695	3.1258348437280343	2.697065656611855	2.940805725620879	2.2229375524740442	2.434834099045013	1.9040839539199212	2.263200990077035
541	SPP2~Q13103	4.384372196728571	4.672825958709031	4.827748660196589	5.219913546198624	4.536824528265427	4.973857266587589	5.849760523024127	4.202279743226868	4.176754332793391	4.045335734926422	4.388519769124645	4.465495660066978	4.866136965481972	4.968620655794253	4.266619855308429	4.830559306394496	4.7372538426878315	4.485848098583641	3.8974466607387876	4.24665971597007	4.95089891081671	4.769656073506296	4.561521030549956	4.4227247718385945	4.534510447218917	2.7442116729846235	4.740469026217933	4.31819771925047	4.758167391176323	4.677777161236386	4.5331848678293145	4.931893319491935	4.64710857904816	3.2749681476267716	4.270918208680156	5.418455900955152	4.460799826471506	4.791010026314395	4.221653935409609	4.632282373485688	5.314181183974082	5.182379652217109	5.0655783474900264	5.298499629771438	5.2107921637227035	4.442632486066331	3.9923493959838408	4.140826339037158	4.613796095283019	4.490788826838268	4.618910824544093
542	SPRY1~D6RHD2	6.676279722085042	5.774404129857048	6.510715039689069	6.478157731898479	6.704792824943785	5.871627325106945	4.11826735714288	6.535553518533299	6.038422547570747	-0.006469056162249021	6.494846553168854	5.69855938440645	6.806761410708437	6.575712923079406	6.555738730372524	6.446722508367174	6.001441182469338	6.494333261472215	6.898774350681033	5.93065388127258	6.4165609768385075	6.232098095491822	6.612177835931033	6.712305008900245	6.58755859206514	6.21457985304897	5.890643634279127	1.3132909428112987	6.196803509940222	7.3349652830147685	7.068007548879394	7.234071583238157	7.477703802152581	7.378145068432778	7.315947781515999	7.296164112569069	6.591449869054237	6.9822576221202075	7.240268728641616	5.609136795786322	7.024971892888238	7.203012174407288	6.637752745067783	7.064972133796207	7.14422817106039	6.401343865289569	6.988779412248095	6.499665873679649	5.630214346546311	5.685396958396629	6.570750480522689
543	SRGN~P10124	0.5597572892427024	3.9134492544540844	3.711700262950301	3.860561604205768	1.0705751003590729	2.7512251049524576	6.369995037023874	2.462505700359224	3.740898425108589	2.1093060472350835	3.368738769769021	3.7644387399680257	0.03874193013612948	1.6141986310134029	5.258726321239667	0.48281134060533276	3.353305423703979	3.499214768467855	1.556951703777305	2.9089912896660235	6.597593972595891	3.8239130590712436	1.5092620873975058	3.028051735609411	0.9245775317072545	4.015252205037317	3.3924438654343025	1.6115364699666568	0.5170515388829499	3.1358165136844796	1.4323241157138442	1.6225072408706769	3.395724876254406	-1.1338301075928225	3.0256748921424212	3.5188880702405934	2.8154888408168763	1.5186591627388122	3.5679560754154664	0.03909395917255887	1.5533850073909288	0.13056364479100535	2.7664781572253148	-0.3953596560789929	2.2955535552950916	2.9850966627765647	3.5774945221117784	1.2597814814374657	4.247241592219716	1.130818635413443	0.47200027692725394
544	TAGLN2~P37802	3.60426262358086	4.105192703410731	4.77615729417803	4.816238379081689	3.8479036125050134	2.942256670519544	6.124310349677524	3.626190836441703	4.100974748471253	3.8729724054415606	4.54396789887286	4.381005015003687	2.775895163426197	2.384274165427053	3.8098645691418183	3.4496629014119464	2.416318845772768	3.432007481437209	2.3635546306741406	3.3775596630936593	6.6328004424542994	4.259514273484564	3.5989462951310083	3.793713733611641	2.5506547354975013	4.465709502846321	3.872655531496429	2.608201570495022	3.4155072364045465	0.6268865568650237	3.5559166783437606	1.8253740058858852	0.9747855734774953	4.017921975941024	3.6755235816457317	4.239550312986332	3.8925920080952863	3.556004298832811	3.4657631765174104	3.2989196440017534	3.7344272374506495	1.9032224766032595	4.008517016441412	3.194827026332982	3.6060286559191588	3.9571262255115056	4.255913461281764	3.578278816598981	4.287509768109036	4.336838720225433	4.013598697894025
545	TALDO1~F2Z393	1.2236170075925707	2.988874304818956	2.7419392795277546	2.049393581660357	2.0523816471395757	2.5379359364605336	2.4820366067927186	0.730578141890204	2.500266641613592	1.5901013516185107	1.9228325325806883	1.769605028498548	2.845524028334071	1.8919668462371297	2.69618595801603	2.1711153945113826	1.8722750781278794	1.6758303270441528	0.8315217111808749	1.1067211779634927	1.695237426255833	2.282084486458619	0.8135598623791593	1.643612917003703	1.6618902821520964	1.4786512616321963	1.092352611254256	2.709124420431951	2.4177620109544655	2.7528175379615907	1.460827192392246	-0.46295760293023047	0.19087645254429808	2.5822107928229885	1.9551315927757065	2.6478756946606286	2.0732948070167123	1.753712445951301	1.9943945286616962	2.1230677375198383	2.532015912800845	2.9007029387858463	2.954846901639218	1.2471335444326186	1.746261409595147	1.5797472856118355	0.32854311206192954	2.453553990411068	2.3066259386473185	2.582410544871686	2.1559776532518917
546	TFRC~A0A8V8TLM6	4.144707403508503	3.9768971649237583	4.216505351484662	4.518830455491571	3.903634939384974	3.3240467405945266	4.291998166024139	4.357336146048788	3.953538143561862	4.45642210001634	4.6890693627482	3.953679959364084	4.5176757549972715	4.188683914937981	4.915115029345337	4.239117168379447	4.093597129232158	4.174959197899946	4.6318339327831435	3.9771736070055566	4.446380506458194	4.334706470541102	4.536034681825059	4.7134220721936	4.797593058902031	3.528338328842239	4.242588719632063	4.395759125871233	3.7366233424944135	4.558808150470136	4.48270174517744	4.862966746348325	4.177755294596357	4.612445928290661	4.409466040018081	4.019770899254516	4.262991610182771	4.875948035820811	4.217615196	3.7427451737092845	4.691974126355034	4.8849819819955655	4.426882927871246	4.288701216557878	4.184241721354775	4.660284954188156	4.209693266127887	4.8469254007942055	4.002074338616122	4.158136901918559	4.546302438528182
547	TF~P02787	15.384055283872096	15.387113714655417	15.357037005041905	15.098439682004958	15.515080312116153	15.310946381845884	14.425941167054422	15.343959091645669	15.018770513776504	15.476121588032841	15.348771505869049	14.633708777232439	15.00214011183171	15.42831774203836	15.795588268142513	15.319942599808252	15.50056462210613	15.393715668238537	15.22196259723821	15.173677441256174	14.99998443548614	15.259695716016877	15.327118676092615	15.33034919378268	15.87527858510604	15.243075898943841	15.442576552865697	15.434137224089337	15.37933830540314	15.697893611207183	15.615845240844346	15.768545992089225	15.716029731424378	15.43551156226418	15.485656135526083	15.45736309258075	15.591765319427036	15.594174572075508	15.577922497649505	15.206734334355346	15.512207211926295	15.574981610544565	15.230640280940998	15.555432739579135	15.525884334148575	15.564292325297785	15.449169304797225	15.796044462253265	15.32979031734542	15.255017040461075	15.234049941753865
548	TGFBI~Q15582	6.715402140076138	6.307817966424461	6.661436599180457	6.408719877795431	6.445143322291452	6.834511749584805	5.970936687982673	6.370552790589435	6.394515814550051	6.308932099713549	6.28897404498546	6.040285205371612	6.826838225474819	7.713141156469415	6.514422473760588	6.251900304896147	6.308961392781315	6.772599403352135	6.3993888938135	6.144242332483341	6.639027651168521	6.227103090945128	6.531190344455054	6.745278252390861	6.543433914061309	6.599977520398155	6.3815891562783085	6.324285906694861	6.989762266077446	6.16483144888655	6.395662388217274	6.27876491911636	6.832155648441398	6.602317601107204	6.5940878722993626	6.208496341324437	6.488459230093561	6.085710062811424	6.221787554417036	5.970638512572504	6.529100458638688	6.382099822016814	6.238645121430712	6.7345431120331005	6.265324170610292	6.42969290822533	6.917188490633392	6.56932532639137	6.3858248878840875	6.757425821055344	6.1463811337298155
549	THBS1~P07996	2.694573730993565	3.4344799769395706	4.064232596175265	4.213491402485928	3.2520024127471396	3.105049115978804	8.05898889550758	2.7094787966658678	3.146182067029128	3.4345586216958566	4.027328799597025	4.755338714072301	2.794686947514041	2.352756852888851	5.144611103014886	2.7124033611395	2.4256884417328948	2.7248750836750912	2.102550358484553	3.6532135541700157	7.040269985840717	4.72111692481846	3.0193552168378543	3.510154231666028	2.1413820178883625	4.3897611679486115	3.5453213242444153	2.513140844064203	2.3825417075325603	3.0507854506705483	2.7753589024390783	2.463948497118152	2.871585685304306	3.687344177623975	3.74639335560358	3.8564279983462306	3.6382566990953653	2.743327185392248	2.731861866380824	1.5125373371115736	2.8350384261456503	2.280655670989033	2.7157988539538955	2.1831975380076694	2.6471963233895184	3.4726596075330955	4.224675771507193	2.881718547591301	3.2528408102613495	3.5099229631574143	3.581888305477714
550	THBS4~E7ES19	4.132270650469103	3.602529200295059	4.438556216113032	3.624412178375138	3.982902210266675	3.8225426296982796	4.120636404216129	4.165435620712343	4.058893964225784	4.4221416519013355	4.279574310105772	5.291750355177448	3.622538163773047	3.723032392867405	4.120820521572307	3.934943410711442	3.625836684513356	3.655139690160966	3.8909055728510413	3.6977062574198687	3.7577538839304685	4.214517305321999	4.416768669458971	3.7803786661708676	3.7714067517388554	4.516840254549338	3.699035021069129	4.247471669307076	3.013473982266806	4.1057889660002855	3.6935989362916715	4.651187600698045	3.750578807440998	4.175534474973148	3.7434353618977894	3.776624291144366	4.039620413801841	4.241581428643494	4.286089139221853	3.757681869076022	3.984582650954493	3.9788419685351557	3.5526008561157427	3.8095155674718493	3.829735217570656	3.930582601267038	4.1348159350024805	3.7380899912199026	4.558621684491288	3.876937676260467	4.177235964088465
551	TLN1~Q9Y490	3.69976401207509	4.083682691913823	4.564254989419296	4.600225540130627	3.740928577035452	2.752805392535152	8.013999180235881	3.192861372906779	4.043168498728901	4.053254750429489	4.5358878348962905	4.742030182324127	3.034512860006888	2.6138348680559664	3.182878802539355	3.2371425499603137	1.808796272824501	3.24390003750352	2.8088758225979555	4.206083406936673	6.898012511073431	3.8848170435477853	3.659811062804589	4.004359187184919	2.582977143417642	4.478766163909912	3.953922532413756	3.2890977721428847	3.1177312330719062	2.9737068242083753	3.2513304190483723	3.07886500962696	3.428140976770243	4.213797514898613	3.6381679673288008	4.106109375317407	3.996484177714225	3.5262594705010653	3.670813011122936	2.7663135568210637	3.4173802355888916	3.02831062224867	3.542695259366388	2.95886596294401	3.4569417892358794	4.006326078524934	4.363251428385099	3.6262849874448504	4.0579279516025695	4.049701506525713	3.897403451299466
552	TMSB4X~P62328	5.760169383750183	5.451166454617431	6.876576148365291	7.272872076366928	6.7632021325239675	5.067337029077215	7.6381553698485645	4.970379160422577	6.3162388502815725	5.702142029596871	6.677763077211029	7.160637920733571	4.923747658432543	0.7708899884788163	5.382879133002712	5.574259283363639	5.075438508092236	5.490282292134169	4.337652795806415	6.045633862873593	9.660649463815677	7.515645464427447	6.3845590175121	5.90610458133054	3.9976946233991835	7.187347693093676	6.668364023645616	4.574274992485656	5.0354762152155335	4.880807275900998	5.662000718718481	5.442251540594472	5.417865259649205	6.575687190310718	6.272335051407974	6.27827390448806	5.7528101894805	5.819875997625458	6.586864750054792	4.802437280978292	6.5499753337408	5.659513195631979	5.767443946747617	5.297167471063446	5.186623282145794	6.403680281260158	7.1661567984552175	6.357796551609616	6.238120573222585	6.5250109073476805	5.8537394858928735
553	TNC~F5H7V9	3.696768911142239	4.462168985111807	3.7766278048465387	4.493146437460273	4.609842324910667	4.395912193419721	5.584622278924708	3.690748909552893	4.334397962146214	4.070319484865272	4.239128242649859	5.270628257606426	4.325485671999851	4.5107105734034905	4.129719452719764	3.809670700650347	4.363791078885564	4.487464830993563	4.4496544642052225	4.514632918365546	4.489346853276307	4.578177563229568	4.069889115635735	3.7003262580478697	3.428237989457839	4.241183669877342	4.753276233622787	4.091429413736839	4.579134175764443	4.730147629721245	4.881270733219236	3.9349873094299377	4.837088145757348	4.388323342980425	4.041933149131441	4.315505747541263	3.995650026780604	4.110744703497573	4.428658430179012	4.54215312620085	4.423961325012496	4.190033222354839	4.163234751617448	4.011827304741698	4.723254094277	4.4064708982844705	4.423507840063908	3.962918945365782	4.546862321766299	3.9361321623969316	3.6821772178357977
554	TNXB~A0A140T8Y3	3.861637760739141	4.33088789073512	4.561048060985254	4.060438009376255	4.42428804839803	4.165592029152267	3.323690596743184	4.384859355647458	4.152502255519042	4.871999116207825	4.412822038391654	4.39675148870248	4.05287297782515	4.223774450542864	3.957810737736889	4.318867825417459	4.322071452502311	4.020235812652738	4.342189447145321	4.000358023451344	4.006785587127174	4.779671169456586	4.744942619440541	4.2122888674399395	4.876170960881374	4.37698329056655	3.9344268707576284	4.377337641950409	4.340209516481662	5.033790299217562	4.662062781227945	4.932415002625311	4.250963521705125	5.024174520564962	4.549555083705203	4.601675250541945	4.564098307767962	4.882015240235123	5.147401987221524	4.635123030606809	5.26577212082326	5.171408486961481	4.95937842724202	4.796524177261424	4.402792584460534	5.27976047240324	4.845753426557295	4.35845629955569	4.8388997928827	4.859735337166052	4.659974014540279
555	TPI1~P60174	5.026744956316206	5.189628834059177	5.305912697484659	5.169814775461612	4.728180235304214	-0.7571396944349187	7.385585309725847	5.3655311023265355	4.7763282058971255	4.794556271731627	4.9785088520364145	4.498772285567394	4.596763365554653	0.5504270553094084	5.905330167488139	4.689999463878288	5.733535901488802	5.34040132910946	4.505288700058137	4.603683160922504	6.35975237486671	4.965111650953673	5.197272645276711	-0.457647991028169	4.885019046313266	4.944064480536165	6.0749975814577475	4.789963210386313	5.057078998055229	5.805979683175945	5.065566186270191	1.775981853585253	4.4609616402434975	5.328863897940094	5.758312893941022	5.3637742387458	4.644699841283487	4.37185705469463	4.684967939097069	5.249775052922996	4.081595422627416	4.697075522323794	4.50019283603765	1.0074805735287593	5.011996338122335	5.116119284201053	4.971666510139704	5.242344050546241	4.89969665580594	4.862845042971712	5.057264134664162
556	TPM1~B7Z596	0.965549825496274	3.3885564236179575	4.038359077780592	3.9925886657228746	3.4543672005297963	0.5301172770218674	7.969415858110496	3.0181642321672735	3.8992770717797867	4.0543489479402295	3.8730155076931174	4.456646816205795	-0.7023661645055557	1.3902074593702174	0.6812758250340842	2.710858866521604	-0.3040608961404543	0.7959089604498453	1.5679196247072402	3.650078594977865	6.380406632391744	3.61907275100957	3.1622765298221	3.5235309689370533	-0.17695766169571214	4.060919350124734	3.2558019792819124	1.9314407845861938	1.1856129473512387	1.509130860810782	3.800162694216601	0.36251167732934564	1.8374080260489813	3.617552547233428	3.8058520922590313	3.718258807881398	3.912472475699556	2.999139916412294	3.363743765612261	0.7993939663524224	1.0791654314797812	0.12213952506142534	3.2028131501255177	0.9108858777550972	1.7390216144084196	0.44963342684277285	3.8498946902247773	3.0029004934809866	3.905300691893777	0.30163187626779187	1.7626973165956845
557	TPM3~A0A087WWU8	3.237017787907759	3.9791211790679806	4.201882661223269	4.5353230822432815	3.327624045763466	1.1075937261385393	8.70079866742278	3.146633929049778	3.7905577057117186	3.9017216840523625	4.375770872525817	4.473083408784853	3.225249220220299	1.745884827107322	1.4833360307598284	-0.8074083141291404	1.4941841360774768	3.263254010964096	-0.07375720270026442	4.37874809324732	6.654238305439313	2.908582279579102	4.39100963102538	3.963507938013661	2.5153549145121032	4.413858119272075	3.86601486873721	3.076555974160939	0.23273910268861286	1.2324197305992541	2.7648881895362662	3.193230560050793	3.6083164197583604	4.114539845646124	4.115868861358002	4.034404885194717	3.6793152552040325	3.4535981970292586	3.3429807134512464	2.6564695993847502	3.2082251285262084	0.6975484214991218	3.1604666635699346	0.5039777321640401	-0.6713256095273807	4.264163087641162	4.161269380842051	3.184498411718701	3.6085737256353325	3.3588305190579497	4.019016134899092
558	TPM4~P67936	4.726160459724939	5.099133957879291	6.046956281386888	5.955855000186597	4.5716964074706254	3.488159842030881	9.64246303572378	4.0691620947641365	5.1665213895215505	5.448565146494755	5.575399252025092	6.0620949008153815	4.084266982396419	3.8008043391843382	4.599706079402945	4.335641003756049	2.6363002403557325	4.32535473217031	3.364726199967161	5.476805771224116	8.429510948012478	5.008151948591819	4.832492359615514	5.4062307014512	3.904908177514585	6.014050275897795	5.181618016756389	4.095780904904481	4.098079002077561	4.5488331945177505	4.69203342242917	4.076773688728942	4.8254129246996635	5.702224164449601	4.78932627767892	5.0360026916396325	5.302452343636212	4.484470507864314	4.371175351812547	3.9846193287021245	4.651358975191951	2.967209369044311	4.296461580460777	4.464312164135988	4.829232155654081	4.972213371582519	5.453139361850902	4.754154236615748	5.1568444247890675	5.137405834296889	5.592377648605063
559	TRIO~A0A8V8TLX5	10.051628988151087	10.305412606434283	10.064272896516094	10.060479405385543	10.34177397389199	10.024152703296433	10.008691566593143	10.273098529353815	9.850532624805474	9.71047645196915	9.917775328300774	10.24905238443773	10.062521178227177	10.688884060025575	10.048999481547153	9.914503841994215	9.862696753343233	9.787093301171089	10.369047878891687	10.074697458791302	9.716790789503598	9.886138908084714	10.109877828737742	10.098503454329807	10.233195574920488	9.880780470570912	9.426329514715636	10.152728763687696	10.41392292223962	10.515000039405098	10.145821936707108	10.281712878718627	10.302590537979045	10.246504895913903	9.825413215859724	10.278826585433416	10.152589056909402	10.391338788096007	10.07714266842713	10.168007611828537	10.228314046423991	9.985352601037086	9.95196284680215	10.264045366852837	10.208582666205025	9.847394707847547	10.105241468719573	10.099811851251916	10.44429405409073	9.733583170597653	10.218173124778124
560	TTR~A0A087WT59	12.830314905156348	12.729383524931189	14.1123158902371	13.69450508108514	14.171918469430429	12.676419732511878	11.311646053825298	14.129297640309968	13.696852731743418	13.474659674231509	13.567121804945355	12.799480448332172	13.065474152093973	12.478153287141827	13.132486707610308	14.187790620708254	14.075633870109064	12.885391312950201	13.88538544756245	12.374969144676765	12.676455244141657	12.939616785204421	13.533682860216317	13.673662331224381	13.376378070094441	12.771375920275752	12.325476201907714	13.675043898799613	13.454091912994045	14.113840231321488	14.145342918900964	14.362594137646047	13.758262564456103	14.121122745770863	14.482946647638153	14.27773165174322	14.576598173872418	13.241189490108518	14.16731967387921	13.223874003354112	14.59322263986248	13.498862837667232	14.118235033697283	13.795419424890078	13.451046816787503	13.791403976439701	13.990281967940652	14.269765615139566	12.938715710923647	14.127803246818274	13.401055535768627
561	TUBA1C~F5H5D3	4.894949192532939	4.891831808317188	5.095711057229249	5.676405742841962	4.100524876654263	3.6871953968088147	10.24082000436976	3.611906430270738	4.340511215930566	4.682471942964675	5.219396618370764	6.023775838249696	4.020519504132438	2.924023506101017	4.04328433155741	3.695772452333554	2.6127723419472275	3.610696636443527	2.6824002499205335	4.9645662325063915	7.591421219457007	4.934730015125754	4.923689907764855	4.700548618737155	3.946747909297638	5.6129571119799495	5.059126410964071	3.598042728850983	4.0476188667445	3.409608597147031	4.007996317818833	3.883706874023842	4.146677118902474	5.049038381074767	4.368892200584626	4.2588283783442105	4.770998937248741	4.124779839037625	3.924771012017685	4.140887641088842	3.7561099718259268	3.2657508066380716	4.157328429790446	2.8597885978590427	4.653731268066655	4.5825400989814975	5.5061897658682915	4.403685611513116	4.7366051767031685	4.8335838606477735	4.6428358205591795
562	TUBA4A~P68366	3.752189516003564	4.095085818221451	4.941448859716904	5.267568389752363	3.9388876993718744	2.7957482744669044	9.576840790471385	2.9212937114570856	4.2973436798351745	4.314940537166098	4.802099004358545	5.550505611611568	3.4336869269929817	2.6801670879803314	3.3924702008002243	3.513501477747526	3.027776100990042	3.4955341144480587	2.9698756822986243	4.875834076793781	7.278050673658277	4.28274485477528	3.9014284644949346	4.307669572614418	3.533398059557445	5.120504312427909	4.045422396689907	3.597102783040637	2.7498741318437534	2.812346451535585	3.5963345733774283	3.4801987734439557	3.633807537470307	4.720393949440409	4.094571451000286	4.60844705250147	4.007896431642497	3.5847636750767666	3.214207639308153	2.7075514501758313	3.6768960536292323	2.839655624655512	3.876264281195148	2.842501122728621	3.757784499326225	4.1069863415577075	4.576603709306674	4.161500975123026	4.142976904258733	4.472206919699625	4.473786371672334
563	TUBB1~Q9H4B7	3.46543637130816	3.694331847754443	4.566711862032327	4.029543364570496	3.393731638860864	1.110700424414228	7.669938988869645	2.8474211848732676	3.4827200835352667	3.8488076342429665	4.011234081385187	4.848215078713925	0.6714084430925474	1.7575528843348696	2.99900998622707	3.1640168966525994	1.1018000949794686	3.1313010546431332	0.5165582733385401	4.383395275557025	6.156078754558663	3.343848112023846	3.1659630480166063	3.7859364157322233	3.4536805784760998	4.367442347363316	3.1357615703288184	4.385332919812017	2.124035305611673	1.6831845802815293	3.177101196547699	0.4504381151768962	1.5621330690291515	3.5853733660908538	3.328663971750768	3.949534826154002	3.4155002733578943	2.98854306361879	3.5819234643501963	3.4221051990784246	2.737530824796367	2.5262361840734178	3.221336061214197	3.4877588442299134	2.794691309779097	3.73541213312519	4.153872210659186	3.7673822145848583	3.1885112766464667	3.9126525544932313	3.56271267371543
564	TUBB4B~P68371	3.7783305415390434	4.107252201411807	4.777580706124084	5.124991343291813	3.7324216811739754	2.3642128201797257	8.485571752127605	3.2949649360367346	3.811619090684846	4.160735157441922	4.510598670330196	5.215983943277689	3.0757889005012813	1.9336227662809164	3.7284529443670618	2.5949916409283507	0.36110636102899735	3.0549283508952843	2.5012149565179294	4.475186445646058	6.799839591327515	3.812406974940887	3.768950160601728	3.566158004517145	3.216642408222615	4.787805536124285	3.728513251059132	1.9753814715459015	3.1027930139143365	2.0452594781265168	3.5200000641479847	3.286239487272368	2.9320205129180805	4.033940316613965	3.087731513831794	4.164660535395942	3.716024391818634	3.2233450871640343	3.7818612403215828	2.3557191333106293	2.9350234708954868	3.0403143060056688	3.482217355837526	1.7442782033018167	3.476360440059089	3.789989469616568	4.532736634654356	3.219072188493664	4.032302384345851	4.320724126857462	4.344096618648072
565	TUBB~P07437	3.487235171970115	2.164769314816368	4.534940918285998	5.184516420707724	4.079503501521441	3.0159082468876073	8.479055662261805	-0.811885409012244	4.055697658241151	3.6387330832137055	4.559892841426489	4.652808437869609	3.233222350127388	2.648412741280625	-0.6281697283393297	3.4462161652647194	-0.26750969250582246	3.912142592721482	0.45083615257589593	4.233877968150229	6.937900348482129	3.75613257775856	4.025719831886876	4.249049634857382	3.30943236030641	4.8391806205711285	4.213108373879031	0.057746363789254906	1.118119652887359	2.2339478885374318	3.0134450167122937	0.8079704056436888	-0.6228830600835384	3.8031042326390407	3.8317454230284285	3.968034890119623	4.092687307973784	2.5819647117390496	3.923679028259423	-0.18643181498428396	1.7473985131116976	-0.6082302542482483	4.382828088945963	0.1981862347082315	1.263644668572176	3.5802988272790377	4.484009952785973	3.791612933054704	3.567036250155424	4.130019818649245	4.0586360497977
566	TXNDC5~Q8NBS9	1.1419239532523846	1.3380204766649206	0.9322908180479632	1.6277617410989398	1.1450897246986247	0.3817760585858338	3.404366291964303	1.6811159230898476	2.076307070668193	1.5580462552524934	1.122812042133206	6.219912807862393	1.3593190043971681	0.9731123864005806	1.021707065147069	2.1900023167354825	0.7550230729996587	0.1901818615964856	1.108280529864131	0.5967737141355751	1.4897221794272857	2.0636715643207775	2.1906536176651232	2.108072465425477	1.5607084645964926	2.0379594907482574	2.0580196424042407	2.152782600562357	0.5369092856677358	2.0360904843798604	1.4210893421233024	0.2942354141426754	-0.9646484023669792	1.616761057828722	1.713874799927445	0.25947786592621247	1.2182158013646527	-0.5006222491433259	1.9534466057874813	2.270155144471059	0.7025504378138393	1.371812689266889	-2.131272006420472	1.5944248443015636	1.290289596633904	0.1664573644841959	2.235170226484371	1.9414372177758206	-1.4570693916060828	1.9718383479537438	0.7363290346706112
567	TXN~P10599	4.44273194563217	4.738127934906052	4.426518530778169	4.275995015259562	4.545717832240285	4.338893853247206	6.114167755984006	4.015171880662122	4.41458730745218	4.863680778504466	4.240393209886436	4.607667706019753	4.546323754571025	4.051454578010682	5.581509891220073	3.8138181738922596	4.365195869930009	4.1393980284270455	2.878834586896762	1.230676370567853	4.656471236045286	4.355137731837236	3.6752629744707117	3.8064441093160637	3.6039427654354723	4.490098754884238	4.372667154948365	4.958609264292499	4.392383593633568	3.5021874195702627	0.5528266828723298	3.720904494470169	4.254371393518978	3.8975915137124377	5.5985806205705035	5.3267354530657585	4.190113423117726	3.8608226217553905	4.344244970518012	4.148148995469404	0.6210265457609188	4.208742948878487	4.438917078268272	3.9282044329674233	3.759875589355404	4.237776262130711	3.949432768365614	4.297437023974609	4.27924542134872	4.223030827079126	4.197345844834843
568	UBB~B4DV12	5.025431247055601	4.98280970876612	5.107633740450632	4.70719049035544	4.541506929300499	4.975500777459681	6.4372614958925345	4.600396156581105	4.205738968845676	4.996965616945015	4.558310932155289	5.395356837650812	4.55461613445466	4.6892964514732975	6.600027331991183	4.186072365513395	5.080535040602785	4.816017915354835	3.91069844426802	4.094280045179647	5.859586822321892	4.670810634431291	4.98918285751253	4.3698984194345565	4.5508154667398335	5.005401995847462	4.578616391676738	6.418631798144429	4.999080115561958	5.090872886160091	5.409668024160522	4.832741703186365	4.534152296189097	5.315706676303194	6.877350699970841	6.633465782750312	4.819840923637334	5.309848787931285	5.0933322874383435	5.159646717167312	4.423324585041282	4.663033586911771	4.922555368276716	5.409996576406167	4.238442643347814	4.430682369977382	4.832767774580035	5.560758118559164	4.720060724508207	5.078006132684116	4.961655907040821
569	UGP2~A0A087WYS1	2.512015227118393	1.9490103005712105	3.1736515200418953	3.7746684416674707	2.760571337285425	-0.3597112439954502	4.880932983452418	1.169747929806151	2.4717579342222353	3.2572040950689773	2.0682782284811068	0.40240362264372653	3.5646443516351587	0.9342557687151944	0.44489412771968057	3.0531864598408576	-1.6138259451327048	4.027778294129362	-1.130262924026765	2.9211592112666094	4.611403542235382	1.0035318904004666	3.4018278011621264	3.033826083059141	3.182109396485769	2.9472542598532434	1.8932931975446434	1.642169480289357	3.824258789849171	1.1348539701364304	1.6364541506464758	1.486991241905034	-0.07211340878639949	1.2981577822940553	1.4567815865152483	0.4744160001370018	2.9429064942244754	2.095937486597842	-0.3461285009942423	2.064068257824628	1.4384634375543002	-0.6120101272572216	1.2523745129813326	0.050433016626297844	2.9444324556024952	1.6436171738065553	2.3166142381287327	2.644824471055148	1.993430231980272	3.09627521390878	-0.6272101387019382
570	UIMC1~Q96RL1	0.9733189631403432	0.7564218066145256	0.5559854649710757	1.7307074659528936	1.2293514723244527	3.182825622610209	-0.6509287089472178	0.5194032598644445	2.4334475261104194	2.097089842674407	3.625525810565176	0.34736610281256486	0.4807000301243701	1.859748131284192	2.5171579050690194	2.814114685884913	3.0722093282765948	3.2204671919836083	3.1328006153368824	1.7548144317816328	2.5128826940376903	2.456631401768297	2.700529252176708	1.509689120853855	-0.22979148513393854	2.5565812445324374	3.3990931305920165	2.056896114237829	2.546961206006013	2.63476087449654	-1.517366190338961	-0.9898267363555675	3.0655167186302417	3.494825683275272	0.7154203653322787	1.793651428738166	1.6478679014907573	0.7601296684967872	2.723028641986579	-0.06502276085238479	1.766751645025931	2.68982419601327	3.0028030002388775	2.4713205939385094	0.49307590516106947	2.728066548050309	0.8598818740454354	1.662858620648473	1.405263020831857	0.6379886408617642	-0.015433776717951986
571	VASN~Q6EMK4	5.5313250565413385	5.390281284435715	6.427426665431879	5.688055507389406	5.597263083134021	5.383569830789673	4.5885084346439635	5.537108297812539	4.921343294454388	5.698668109128528	5.6465651920513	6.283071816093402	5.620031395391385	5.458418128571935	4.8854204533326335	5.435851827427645	5.8871748669946955	5.13452643635545	5.347556491505002	5.333937941180068	5.561447962333957	5.811603216905061	5.566237106852018	5.282670348683044	5.512134135293617	5.38960193255566	5.255043557845937	5.532657576171374	5.623356523516199	5.613325681684676	5.938134189682334	5.868842614250487	5.175919083538621	5.731213671820073	5.8971063051919455	5.308067339243964	5.512556144014978	5.633795456053302	5.922872628539178	5.455096151194188	5.727848492631406	6.182809865217696	5.668329178030446	5.633667320303197	5.245733012139155	5.199558078313955	5.658508638167472	5.260461603090137	5.487753570427613	5.427385869842217	5.832610952869065
572	VCAM1~P19320	5.2036498533201625	5.279075066892316	5.265727203313885	6.577724427823284	4.7941736944532485	5.53358211113238	3.7947208538634336	5.340003819364692	4.798521340524774	4.879466398918396	5.702251858802655	5.991441746564751	5.333978464932319	5.6445036898371255	5.5583309035964685	4.716110241907631	5.0286075678884155	5.07056057968863	4.939120573324834	5.220389694362986	5.328302801962293	5.784263308955204	5.171008314623642	4.601547063466456	5.960312566978801	6.246083260448408	5.821224919522896	5.040090684334579	5.500542983816387	5.605396321097626	5.316297277987137	5.4925989260318255	5.115867274255871	5.128590989361184	4.834342192491972	4.9113785463455	5.430833435476972	5.08455474082432	5.620514394065427	5.404417099410468	5.525466804131787	5.689224456804199	4.885459182131215	5.0254974847439895	4.702479735660205	5.197419640629752	5.118467144329817	5.208909016875791	5.79392364551423	5.129739258992559	4.894636646982203
573	VCL~P18206	3.5320645588838806	3.575846426085407	4.338634384624099	4.642677641123262	3.3799051472259616	2.9682519429831316	7.034954246848087	3.1027180593657517	3.689030106587872	3.8861531451191316	4.004912223325026	4.102281868351462	3.088665975191743	3.1197667490602816	3.281514092232799	2.8395962336710845	2.6224994007814435	3.211681580372774	3.2091045240489846	3.795570631684751	6.347381984760181	3.7915988247162793	3.6995863260051265	3.838545435516673	2.6502446221325107	4.092089154358181	3.5991337525770684	3.3233841217450553	3.1435333125174196	2.9649983548162484	3.208055557411158	3.2898327376125054	3.6275710652947653	3.7244042484383333	3.301845721685663	3.831195503233882	3.6445475869527	3.5113489912428224	3.32161436442253	2.865484184554476	3.223592557473413	3.3421285312178908	3.271609921438601	3.3306933047101905	3.2707857849621886	3.496974429181729	3.992809315391849	3.6282916718852607	3.6427569533147066	3.6028348768646947	3.63877781900372
574	VCP~A0A7P0T8A3	3.7618906307936357	1.7060253113188804	3.3750556100578706	2.3537111295729143	0.470789222271426	-1.0105152160305595	4.714596542324688	1.8405024136740686	0.6894602458488321	3.237374243135999	2.3175072906118666	1.6474520357929383	1.7715631180365006	1.8011877016405653	3.903766946696868	-0.650857319392091	3.4968855865676094	0.5451607446429649	1.1748770472925458	2.2940696957624276	3.835011720885472	0.22460395574245556	1.0093467640723515	2.3987845228443883	0.30337546572311735	2.153514768218525	0.2749634094373592	3.3271966793305463	-0.6539540429537836	1.2784053349540025	2.246341650032846	1.01263518698047	3.2800757884291083	2.9107332986045007	3.4350106822598208	3.0796818771044703	0.70970487607724	0.32653989629285574	1.1300068070947054	0.7284778515510583	0.7597796662985432	0.2169760427938373	0.4036507720999963	3.087565784368994	2.4640261752155177	-1.043174989162866	2.5840164006444364	2.51126344274943	3.4340697584972495	1.6016735954812453	2.8826857703857667
575	VNN1~O95497	3.539579497000241	3.790459965947954	4.072244662528242	3.321742341666679	4.101175822269669	4.737548360048699	3.7018459036202587	4.02724458816146	4.792115775412597	3.994955193967995	3.1303667884023794	4.043284999154826	3.579119555548012	5.227547935940977	3.4260579127392945	4.026272172289646	3.50634245159503	4.9872294836429365	3.3614128027092387	4.03065838121828	4.530207827322973	3.678256581161352	3.8220593301680807	3.3358691260584266	3.7259282864503183	4.0591693302713105	3.7576656957542296	3.1071437876033334	4.603057836073884	2.456127522161128	2.667463719555329	-0.24411163772411237	3.114194450495847	3.737993477781708	2.308295835263342	3.248322114398859	3.217122892014324	3.29136647339362	3.103630542254406	4.500126322671265	3.0070741604022513	3.2506727120390657	2.9192098671707747	2.867315036062643	3.0519833856674996	2.97877276831947	3.5226812557654767	4.496207814018484	3.349834901159247	3.2233972362235885	3.5592064554110663
576	VTN~P04004	12.765457999592881	12.21764300142908	12.822237826511586	12.233277508413554	12.906558424475987	12.585646600142075	12.019069599055456	12.868051607560838	12.675220755985205	12.819540616424469	12.48467614875316	11.43934177503732	12.460770335674438	12.639053382970205	12.97089597549125	12.874523932436068	12.83507371103821	12.571337069955142	12.456816238844043	12.61133318246062	12.069461895955072	12.659830874886884	12.636792092540938	12.811722363975152	12.70536946351564	12.495500201627912	12.532841008993271	12.713025858195452	12.470512170127442	12.80922085680119	12.448032723113284	12.686522327071811	13.164859830225797	12.656737114175089	12.334921923572503	12.428181367561908	12.721275288193628	12.361246390678577	12.641125329058612	12.423597086705437	12.50804100415366	12.53244926901726	12.43747727863698	12.753990671541615	12.79024457703238	12.529674085227484	12.26364415610491	12.72158466212934	12.427768842575569	12.70894862004458	12.726290306585277
577	VWF~P04275	4.095803274758322	4.67860615627613	4.126786854795707	4.9025300537284515	3.9696773154682274	4.624900181324597	13.353325348222022	4.352054474750237	4.195863279864695	4.189558710463162	4.450382526869527	8.530419316091097	4.314415075819835	4.764103484948619	4.66905989396342	3.793477198918129	4.982473068105643	4.6775284665837535	4.262576773416831	7.772274598660513	5.789379614915912	4.547295596414011	4.134828466099696	3.9516509421896644	6.011394994082927	5.367325026891474	5.8955226794671525	4.190413231970352	4.824448377172921	4.381544535383726	4.57795464254341	4.495655486534761	3.8552900542931607	3.972607015056713	5.407780052908498	4.143533001125851	4.272663668358429	4.0261394272037725	4.766682365038732	4.701028360798024	4.400127124414999	4.613605475425087	4.0640572354635704	3.8715122722509796	4.534943885787438	4.264765289719888	5.328986441736719	4.495116248024733	4.576636114235286	4.149512080011631	4.422343152649136
578	WDR1~A0A8V8TNT7	2.4351976740607135	2.477277032282591	3.5140736315388748	3.74360865341108	2.6130221076188955	2.0893614129794904	5.101139586159234	-1.1895266695502502	2.64252660543503	3.493698504746565	3.134983842663101	3.407007206504281	1.901468607333516	0.26098580120050097	1.8118970494959874	0.08346577645014241	-1.6065107307467472	1.9749687229367765	1.1388047438927222	2.8893728727689516	5.17076250490591	2.6264455313740966	3.4382828448195766	1.83629417198351	1.0980813293776457	3.4402545513596623	2.8473996783009756	2.384435834451329	2.142776899914542	1.4233143991611774	2.914062440220104	1.5409026446628977	0.48786409202488545	3.2822061187506333	2.6772416564899597	2.621806965225061	2.8883621837126587	3.1123184358583424	2.060741277711308	2.9777386456789143	2.7529042880341983	0.8178477622787679	2.2099801127419934	2.134759857009033	1.8478685444595921	2.7683547700267157	3.2190650963153935	2.820601642978341	2.571550021508921	3.0483140793826022	-1.3844068380238603
579	YWHAE~P62258	0.5791284803075385	-0.04736342927142412	3.8037939296671794	3.8415446731560565	1.7470468472650793	0.34567871743750955	5.367026216553575	1.166630356396635	-0.5342829825993234	3.3635543633280576	4.027422287096467	3.6556329136959476	-0.06298756756650792	1.6274383223623734	3.4666464504197014	-1.0862777175127554	0.6092697509185963	-0.20041246635506937	0.4059513157415824	1.4072272803491326	4.4998191297552514	1.6574545315986895	4.066565529423924	0.8083884783483549	2.759592562945416	3.0503508745827803	1.1348057109593201	3.881478460943125	0.6070590492398272	3.2089984416331445	1.415381805688149	0.9589618290527779	-0.2843355295411567	1.069349712793391	4.231209459516517	0.8687858255429775	0.699710118825849	0.5384446355084513	-0.03596385850256811	1.7652725903308588	-0.04445233134288196	0.07831425096938516	0.8746334183990393	0.9294618728547093	-0.8103065069524911	-0.5978004077035932	3.9209791012324904	4.19280148768447	1.0384693499374513	1.1687065175327558	0.32610017239729633
580	YWHAZ~E7EX29	3.832229642774407	4.2156948817365	4.877933657100857	4.716876175454096	3.8021899424870647	3.1058201311277327	7.790573116768995	1.5880623826456848	3.854445827987232	4.055726780580441	4.2364107504919275	4.759637402390432	2.7714373810366975	2.6318516910665393	4.11688916530179	3.2928922631522757	3.039606860510795	3.5191374675534224	2.3266090151237386	4.096279235911081	6.874321205254267	4.1485758832101425	3.7759180641031844	4.156437105482949	3.5790822560569793	4.86250172171138	3.8410092297815197	3.417493169212503	3.4919810151759916	3.7423305115856738	3.285308939512634	3.6973261736411698	3.317836265050801	4.434593615961588	4.331487482742457	4.243900763665166	3.7187836937683016	3.198416264003632	4.025085139471312	3.4171064282150576	3.64187502084305	3.194244210442756	3.5636407278619426	3.616651477621544	3.851249404124127	3.944689365786559	4.002688677587558	3.9662079436747253	4.116822394031333	3.945990549695303	4.199200244251259
581	ZNF511-PRAP1~H7BY64	4.4238314610786125	3.087289634207267	3.8854090951705023	3.015133418678752	4.614592357631768	0.99539169844012	1.311752742182319	4.471338581334561	3.3958592555837503	4.516624601741862	2.31309324769783	7.210138307519974	4.332680183994351	3.93024780881191	3.9496814881861324	3.45270991166604	-2.0791728159112632	3.953645949706642	2.6815223910746218	3.8944449608143654	2.7601208452833004	4.051192840266256	3.776628306803293	3.5378207945632325	4.5194276167104	2.7943674748885163	4.398494507050813	3.150945132711699	1.543844855359299	2.8403712955581315	0.7604471905228479	3.158047659222135	3.88694480084966	3.427761427040457	1.7406831896041675	2.466064135494738	2.5775702394674	0.24301037345816634	-0.23468475235326514	3.7512097786668486	-0.32445775351828643	-1.0057377099254718	2.04282094661025	-0.15735889403633063	2.807795523459974	0.8351060999912306	-0.2911259852511616	-0.719221939805818	-1.2504480983962465	1.4136087713353946	4.419422234340708
582	ZYX~Q15942	1.9929875044758552	2.279242870432004	3.1645623353631294	2.863026412240833	2.225323662073995	0.16102216456827934	5.321425818122728	-0.6006456277265106	2.860366662620053	2.800965248762687	2.9858375081888706	3.1662127421186486	0.32193656555834665	1.812174351367876	0.1405795097249034	3.144407746282699	0.3341699774299781	2.7955723160748605	0.8641613238173573	0.009301258372003018	5.12331644032414	2.6032427222742207	1.5112037126557478	2.2630983819613872	0.2744792746822793	3.2938948126422436	2.5842421722366464	-0.0209645628562396	1.21058693003262	2.063327598218532	2.4840958782471185	1.4790289801101082	0.9340108130679956	2.754091831181845	1.97375052241823	2.3225052907716237	2.9872578525388733	2.4115581827141246	1.7711604846733067	0.32461338972304365	0.7807918519309435	1.069093230730057	1.3372103465980008	1.179175465119783	0.09511771994969531	3.410961735038346	2.7614875229575766	1.978595869452682	2.988152184390962	2.6689773634585845	2.7945426879097095
